/*--------------------------------*- C++ -*----------------------------------*\
| =========                 |                                                 |
| \\      /  F ield         | OpenFOAM: The Open Source CFD Toolbox           |
|  \\    /   O peration     | Version:  2512                                  |
|   \\  /    A nd           | Website:  www.openfoam.com                      |
|    \\/     M anipulation  |                                                 |
\*---------------------------------------------------------------------------*/
FoamFile
{
    version     2.0;
    format      ascii;
    arch        "LSB;label=32;scalar=64";
    class       faceList;
    location    "constant/polyMesh";
    object      faces;
}
// * * * * * * * * * * * * * * * * * * * * * * * * * * * * * * * * * * * * * //


22962
(
4(1 102 5232 5131)
4(101 5231 5232 102)
4(2 103 5233 5132)
4(102 5232 5233 103)
4(3 104 5234 5133)
4(103 5233 5234 104)
4(4 105 5235 5134)
4(104 5234 5235 105)
4(5 106 5236 5135)
4(105 5235 5236 106)
4(6 107 5237 5136)
4(106 5236 5237 107)
4(7 108 5238 5137)
4(107 5237 5238 108)
4(8 109 5239 5138)
4(108 5238 5239 109)
4(9 110 5240 5139)
4(109 5239 5240 110)
4(10 111 5241 5140)
4(110 5240 5241 111)
4(11 112 5242 5141)
4(111 5241 5242 112)
4(12 113 5243 5142)
4(112 5242 5243 113)
4(13 114 5244 5143)
4(113 5243 5244 114)
4(14 115 5245 5144)
4(114 5244 5245 115)
4(15 116 5246 5145)
4(115 5245 5246 116)
4(16 117 5247 5146)
4(116 5246 5247 117)
4(17 118 5248 5147)
4(117 5247 5248 118)
4(18 119 5249 5148)
4(118 5248 5249 119)
4(19 120 5250 5149)
4(119 5249 5250 120)
4(20 121 5251 5150)
4(120 5250 5251 121)
4(21 122 5252 5151)
4(121 5251 5252 122)
4(22 123 5253 5152)
4(122 5252 5253 123)
4(23 124 5254 5153)
4(123 5253 5254 124)
4(24 125 5255 5154)
4(124 5254 5255 125)
4(25 126 5256 5155)
4(125 5255 5256 126)
4(26 127 5257 5156)
4(126 5256 5257 127)
4(27 128 5258 5157)
4(127 5257 5258 128)
4(28 129 5259 5158)
4(128 5258 5259 129)
4(29 130 5260 5159)
4(129 5259 5260 130)
4(30 131 5261 5160)
4(130 5260 5261 131)
4(31 132 5262 5161)
4(131 5261 5262 132)
4(32 133 5263 5162)
4(132 5262 5263 133)
4(33 134 5264 5163)
4(133 5263 5264 134)
4(34 135 5265 5164)
4(134 5264 5265 135)
4(35 136 5266 5165)
4(135 5265 5266 136)
4(36 137 5267 5166)
4(136 5266 5267 137)
4(37 138 5268 5167)
4(137 5267 5268 138)
4(38 139 5269 5168)
4(138 5268 5269 139)
4(39 140 5270 5169)
4(139 5269 5270 140)
4(40 141 5271 5170)
4(140 5270 5271 141)
4(41 142 5272 5171)
4(141 5271 5272 142)
4(42 143 5273 5172)
4(142 5272 5273 143)
4(43 144 5274 5173)
4(143 5273 5274 144)
4(44 145 5275 5174)
4(144 5274 5275 145)
4(45 146 5276 5175)
4(145 5275 5276 146)
4(46 147 5277 5176)
4(146 5276 5277 147)
4(47 148 5278 5177)
4(147 5277 5278 148)
4(48 149 5279 5178)
4(148 5278 5279 149)
4(49 150 5280 5179)
4(149 5279 5280 150)
4(50 151 5281 5180)
4(150 5280 5281 151)
4(51 152 5282 5181)
4(151 5281 5282 152)
4(52 153 5283 5182)
4(152 5282 5283 153)
4(53 154 5284 5183)
4(153 5283 5284 154)
4(54 155 5285 5184)
4(154 5284 5285 155)
4(55 156 5286 5185)
4(155 5285 5286 156)
4(56 157 5287 5186)
4(156 5286 5287 157)
4(57 158 5288 5187)
4(157 5287 5288 158)
4(58 159 5289 5188)
4(158 5288 5289 159)
4(59 160 5290 5189)
4(159 5289 5290 160)
4(60 161 5291 5190)
4(160 5290 5291 161)
4(61 162 5292 5191)
4(161 5291 5292 162)
4(62 163 5293 5192)
4(162 5292 5293 163)
4(63 164 5294 5193)
4(163 5293 5294 164)
4(64 165 5295 5194)
4(164 5294 5295 165)
4(65 166 5296 5195)
4(165 5295 5296 166)
4(66 167 5297 5196)
4(166 5296 5297 167)
4(67 168 5298 5197)
4(167 5297 5298 168)
4(68 169 5299 5198)
4(168 5298 5299 169)
4(69 170 5300 5199)
4(169 5299 5300 170)
4(70 171 5301 5200)
4(170 5300 5301 171)
4(71 172 5302 5201)
4(171 5301 5302 172)
4(72 173 5303 5202)
4(172 5302 5303 173)
4(73 174 5304 5203)
4(173 5303 5304 174)
4(74 175 5305 5204)
4(174 5304 5305 175)
4(75 176 5306 5205)
4(175 5305 5306 176)
4(76 177 5307 5206)
4(176 5306 5307 177)
4(77 178 5308 5207)
4(177 5307 5308 178)
4(78 179 5309 5208)
4(178 5308 5309 179)
4(79 180 5310 5209)
4(179 5309 5310 180)
4(80 181 5311 5210)
4(180 5310 5311 181)
4(81 182 5312 5211)
4(181 5311 5312 182)
4(82 183 5313 5212)
4(182 5312 5313 183)
4(83 184 5314 5213)
4(183 5313 5314 184)
4(84 185 5315 5214)
4(184 5314 5315 185)
4(85 186 5316 5215)
4(185 5315 5316 186)
4(86 187 5317 5216)
4(186 5316 5317 187)
4(87 188 5318 5217)
4(187 5317 5318 188)
4(88 189 5319 5218)
4(188 5318 5319 189)
4(89 190 5320 5219)
4(189 5319 5320 190)
4(90 191 5321 5220)
4(190 5320 5321 191)
4(91 192 5322 5221)
4(191 5321 5322 192)
4(92 193 5323 5222)
4(192 5322 5323 193)
4(93 194 5324 5223)
4(193 5323 5324 194)
4(94 195 5325 5224)
4(194 5324 5325 195)
4(95 196 5326 5225)
4(195 5325 5326 196)
4(96 197 5327 5226)
4(196 5326 5327 197)
4(97 198 5328 5227)
4(197 5327 5328 198)
4(98 199 5329 5228)
4(198 5328 5329 199)
4(99 200 5330 5229)
4(199 5329 5330 200)
4(200 5330 5331 201)
4(102 203 5333 5232)
4(202 5332 5333 203)
4(103 204 5334 5233)
4(203 5333 5334 204)
4(104 205 5335 5234)
4(204 5334 5335 205)
4(105 206 5336 5235)
4(205 5335 5336 206)
4(106 207 5337 5236)
4(206 5336 5337 207)
4(107 208 5338 5237)
4(207 5337 5338 208)
4(108 209 5339 5238)
4(208 5338 5339 209)
4(109 210 5340 5239)
4(209 5339 5340 210)
4(110 211 5341 5240)
4(210 5340 5341 211)
4(111 212 5342 5241)
4(211 5341 5342 212)
4(112 213 5343 5242)
4(212 5342 5343 213)
4(113 214 5344 5243)
4(213 5343 5344 214)
4(114 215 5345 5244)
4(214 5344 5345 215)
4(115 216 5346 5245)
4(215 5345 5346 216)
4(116 217 5347 5246)
4(216 5346 5347 217)
4(117 218 5348 5247)
4(217 5347 5348 218)
4(118 219 5349 5248)
4(218 5348 5349 219)
4(119 220 5350 5249)
4(219 5349 5350 220)
4(120 221 5351 5250)
4(220 5350 5351 221)
4(121 222 5352 5251)
4(221 5351 5352 222)
4(122 223 5353 5252)
4(222 5352 5353 223)
4(123 224 5354 5253)
4(223 5353 5354 224)
4(124 225 5355 5254)
4(224 5354 5355 225)
4(125 226 5356 5255)
4(225 5355 5356 226)
4(126 227 5357 5256)
4(226 5356 5357 227)
4(127 228 5358 5257)
4(227 5357 5358 228)
4(128 229 5359 5258)
4(228 5358 5359 229)
4(129 230 5360 5259)
4(229 5359 5360 230)
4(130 231 5361 5260)
4(230 5360 5361 231)
4(131 232 5362 5261)
4(231 5361 5362 232)
4(132 233 5363 5262)
4(232 5362 5363 233)
4(133 234 5364 5263)
4(233 5363 5364 234)
4(134 235 5365 5264)
4(234 5364 5365 235)
4(135 236 5366 5265)
4(235 5365 5366 236)
4(136 237 5367 5266)
4(236 5366 5367 237)
4(137 238 5368 5267)
4(237 5367 5368 238)
4(138 239 5369 5268)
4(238 5368 5369 239)
4(139 240 5370 5269)
4(239 5369 5370 240)
4(140 241 5371 5270)
4(240 5370 5371 241)
4(141 242 5372 5271)
4(241 5371 5372 242)
4(142 243 5373 5272)
4(242 5372 5373 243)
4(143 244 5374 5273)
4(243 5373 5374 244)
4(144 245 5375 5274)
4(244 5374 5375 245)
4(145 246 5376 5275)
4(245 5375 5376 246)
4(146 247 5377 5276)
4(246 5376 5377 247)
4(147 248 5378 5277)
4(247 5377 5378 248)
4(148 249 5379 5278)
4(248 5378 5379 249)
4(149 250 5380 5279)
4(249 5379 5380 250)
4(150 251 5381 5280)
4(250 5380 5381 251)
4(151 252 5382 5281)
4(251 5381 5382 252)
4(152 253 5383 5282)
4(252 5382 5383 253)
4(153 254 5384 5283)
4(253 5383 5384 254)
4(154 255 5385 5284)
4(254 5384 5385 255)
4(155 256 5386 5285)
4(255 5385 5386 256)
4(156 257 5387 5286)
4(256 5386 5387 257)
4(157 258 5388 5287)
4(257 5387 5388 258)
4(158 259 5389 5288)
4(258 5388 5389 259)
4(159 260 5390 5289)
4(259 5389 5390 260)
4(160 261 5391 5290)
4(260 5390 5391 261)
4(161 262 5392 5291)
4(261 5391 5392 262)
4(162 263 5393 5292)
4(262 5392 5393 263)
4(163 264 5394 5293)
4(263 5393 5394 264)
4(164 265 5395 5294)
4(264 5394 5395 265)
4(165 266 5396 5295)
4(265 5395 5396 266)
4(166 267 5397 5296)
4(266 5396 5397 267)
4(167 268 5398 5297)
4(267 5397 5398 268)
4(168 269 5399 5298)
4(268 5398 5399 269)
4(169 270 5400 5299)
4(269 5399 5400 270)
4(170 271 5401 5300)
4(270 5400 5401 271)
4(171 272 5402 5301)
4(271 5401 5402 272)
4(172 273 5403 5302)
4(272 5402 5403 273)
4(173 274 5404 5303)
4(273 5403 5404 274)
4(174 275 5405 5304)
4(274 5404 5405 275)
4(175 276 5406 5305)
4(275 5405 5406 276)
4(176 277 5407 5306)
4(276 5406 5407 277)
4(177 278 5408 5307)
4(277 5407 5408 278)
4(178 279 5409 5308)
4(278 5408 5409 279)
4(179 280 5410 5309)
4(279 5409 5410 280)
4(180 281 5411 5310)
4(280 5410 5411 281)
4(181 282 5412 5311)
4(281 5411 5412 282)
4(182 283 5413 5312)
4(282 5412 5413 283)
4(183 284 5414 5313)
4(283 5413 5414 284)
4(184 285 5415 5314)
4(284 5414 5415 285)
4(185 286 5416 5315)
4(285 5415 5416 286)
4(186 287 5417 5316)
4(286 5416 5417 287)
4(187 288 5418 5317)
4(287 5417 5418 288)
4(188 289 5419 5318)
4(288 5418 5419 289)
4(189 290 5420 5319)
4(289 5419 5420 290)
4(190 291 5421 5320)
4(290 5420 5421 291)
4(191 292 5422 5321)
4(291 5421 5422 292)
4(192 293 5423 5322)
4(292 5422 5423 293)
4(193 294 5424 5323)
4(293 5423 5424 294)
4(194 295 5425 5324)
4(294 5424 5425 295)
4(195 296 5426 5325)
4(295 5425 5426 296)
4(196 297 5427 5326)
4(296 5426 5427 297)
4(197 298 5428 5327)
4(297 5427 5428 298)
4(198 299 5429 5328)
4(298 5428 5429 299)
4(199 300 5430 5329)
4(299 5429 5430 300)
4(200 301 5431 5330)
4(300 5430 5431 301)
4(301 5431 5432 302)
4(203 304 5434 5333)
4(303 5433 5434 304)
4(204 305 5435 5334)
4(304 5434 5435 305)
4(205 306 5436 5335)
4(305 5435 5436 306)
4(206 307 5437 5336)
4(306 5436 5437 307)
4(207 308 5438 5337)
4(307 5437 5438 308)
4(208 309 5439 5338)
4(308 5438 5439 309)
4(209 310 5440 5339)
4(309 5439 5440 310)
4(210 311 5441 5340)
4(310 5440 5441 311)
4(211 312 5442 5341)
4(311 5441 5442 312)
4(212 313 5443 5342)
4(312 5442 5443 313)
4(213 314 5444 5343)
4(313 5443 5444 314)
4(214 315 5445 5344)
4(314 5444 5445 315)
4(215 316 5446 5345)
4(315 5445 5446 316)
4(216 317 5447 5346)
4(316 5446 5447 317)
4(217 318 5448 5347)
4(317 5447 5448 318)
4(218 319 5449 5348)
4(318 5448 5449 319)
4(219 320 5450 5349)
4(319 5449 5450 320)
4(220 321 5451 5350)
4(320 5450 5451 321)
4(221 322 5452 5351)
4(321 5451 5452 322)
4(222 323 5453 5352)
4(322 5452 5453 323)
4(223 324 5454 5353)
4(323 5453 5454 324)
4(224 325 5455 5354)
4(324 5454 5455 325)
4(225 326 5456 5355)
4(325 5455 5456 326)
4(226 327 5457 5356)
4(326 5456 5457 327)
4(227 328 5458 5357)
4(327 5457 5458 328)
4(228 329 5459 5358)
4(328 5458 5459 329)
4(229 330 5460 5359)
4(329 5459 5460 330)
4(230 331 5461 5360)
4(330 5460 5461 331)
4(231 332 5462 5361)
4(331 5461 5462 332)
4(232 333 5463 5362)
4(332 5462 5463 333)
4(233 334 5464 5363)
4(333 5463 5464 334)
4(234 335 5465 5364)
4(334 5464 5465 335)
4(235 336 5466 5365)
4(335 5465 5466 336)
4(236 337 5467 5366)
4(336 5466 5467 337)
4(237 338 5468 5367)
4(337 5467 5468 338)
4(238 339 5469 5368)
4(338 5468 5469 339)
4(239 340 5470 5369)
4(339 5469 5470 340)
4(240 341 5471 5370)
4(340 5470 5471 341)
4(241 342 5472 5371)
4(341 5471 5472 342)
4(242 343 5473 5372)
4(342 5472 5473 343)
4(243 344 5474 5373)
4(343 5473 5474 344)
4(244 345 5475 5374)
4(344 5474 5475 345)
4(245 346 5476 5375)
4(345 5475 5476 346)
4(246 347 5477 5376)
4(346 5476 5477 347)
4(247 348 5478 5377)
4(347 5477 5478 348)
4(248 349 5479 5378)
4(348 5478 5479 349)
4(249 350 5480 5379)
4(349 5479 5480 350)
4(250 351 5481 5380)
4(350 5480 5481 351)
4(251 352 5482 5381)
4(351 5481 5482 352)
4(252 353 5483 5382)
4(352 5482 5483 353)
4(253 354 5484 5383)
4(353 5483 5484 354)
4(254 355 5485 5384)
4(354 5484 5485 355)
4(255 356 5486 5385)
4(355 5485 5486 356)
4(256 357 5487 5386)
4(356 5486 5487 357)
4(257 358 5488 5387)
4(357 5487 5488 358)
4(258 359 5489 5388)
4(358 5488 5489 359)
4(259 360 5490 5389)
4(359 5489 5490 360)
4(260 361 5491 5390)
4(360 5490 5491 361)
4(261 362 5492 5391)
4(361 5491 5492 362)
4(262 363 5493 5392)
4(362 5492 5493 363)
4(263 364 5494 5393)
4(363 5493 5494 364)
4(264 365 5495 5394)
4(364 5494 5495 365)
4(265 366 5496 5395)
4(365 5495 5496 366)
4(266 367 5497 5396)
4(366 5496 5497 367)
4(267 368 5498 5397)
4(367 5497 5498 368)
4(268 369 5499 5398)
4(368 5498 5499 369)
4(269 370 5500 5399)
4(369 5499 5500 370)
4(270 371 5501 5400)
4(370 5500 5501 371)
4(271 372 5502 5401)
4(371 5501 5502 372)
4(272 373 5503 5402)
4(372 5502 5503 373)
4(273 374 5504 5403)
4(373 5503 5504 374)
4(274 375 5505 5404)
4(374 5504 5505 375)
4(275 376 5506 5405)
4(375 5505 5506 376)
4(276 377 5507 5406)
4(376 5506 5507 377)
4(277 378 5508 5407)
4(377 5507 5508 378)
4(278 379 5509 5408)
4(378 5508 5509 379)
4(279 380 5510 5409)
4(379 5509 5510 380)
4(280 381 5511 5410)
4(380 5510 5511 381)
4(281 382 5512 5411)
4(381 5511 5512 382)
4(282 383 5513 5412)
4(382 5512 5513 383)
4(283 384 5514 5413)
4(383 5513 5514 384)
4(284 385 5515 5414)
4(384 5514 5515 385)
4(285 386 5516 5415)
4(385 5515 5516 386)
4(286 387 5517 5416)
4(386 5516 5517 387)
4(287 388 5518 5417)
4(387 5517 5518 388)
4(288 389 5519 5418)
4(388 5518 5519 389)
4(289 390 5520 5419)
4(389 5519 5520 390)
4(290 391 5521 5420)
4(390 5520 5521 391)
4(291 392 5522 5421)
4(391 5521 5522 392)
4(292 393 5523 5422)
4(392 5522 5523 393)
4(293 394 5524 5423)
4(393 5523 5524 394)
4(294 395 5525 5424)
4(394 5524 5525 395)
4(295 396 5526 5425)
4(395 5525 5526 396)
4(296 397 5527 5426)
4(396 5526 5527 397)
4(297 398 5528 5427)
4(397 5527 5528 398)
4(298 399 5529 5428)
4(398 5528 5529 399)
4(299 400 5530 5429)
4(399 5529 5530 400)
4(300 401 5531 5430)
4(400 5530 5531 401)
4(301 402 5532 5431)
4(401 5531 5532 402)
4(402 5532 5533 403)
4(304 405 5535 5434)
4(404 5534 5535 405)
4(305 406 5536 5435)
4(405 5535 5536 406)
4(306 407 5537 5436)
4(406 5536 5537 407)
4(307 408 5538 5437)
4(407 5537 5538 408)
4(308 409 5539 5438)
4(408 5538 5539 409)
4(309 410 5540 5439)
4(409 5539 5540 410)
4(310 411 5541 5440)
4(410 5540 5541 411)
4(311 412 5542 5441)
4(411 5541 5542 412)
4(312 413 5543 5442)
4(412 5542 5543 413)
4(313 414 5544 5443)
4(413 5543 5544 414)
4(314 415 5545 5444)
4(414 5544 5545 415)
4(315 416 5546 5445)
4(415 5545 5546 416)
4(316 417 5547 5446)
4(416 5546 5547 417)
4(317 418 5548 5447)
4(417 5547 5548 418)
4(318 419 5549 5448)
4(418 5548 5549 419)
4(319 420 5550 5449)
4(419 5549 5550 420)
4(320 421 5551 5450)
4(420 5550 5551 421)
4(321 422 5552 5451)
4(421 5551 5552 422)
4(322 423 5553 5452)
4(422 5552 5553 423)
4(323 424 5554 5453)
4(423 5553 5554 424)
4(324 425 5555 5454)
4(424 5554 5555 425)
4(325 426 5556 5455)
4(425 5555 5556 426)
4(326 427 5557 5456)
4(426 5556 5557 427)
4(327 428 5558 5457)
4(427 5557 5558 428)
4(328 429 5559 5458)
4(428 5558 5559 429)
4(329 430 5560 5459)
4(429 5559 5560 430)
4(330 431 5561 5460)
4(430 5560 5561 431)
4(331 432 5562 5461)
4(431 5561 5562 432)
4(332 433 5563 5462)
4(432 5562 5563 433)
4(333 434 5564 5463)
4(433 5563 5564 434)
4(334 435 5565 5464)
4(434 5564 5565 435)
4(335 436 5566 5465)
4(435 5565 5566 436)
4(336 437 5567 5466)
4(436 5566 5567 437)
4(337 438 5568 5467)
4(437 5567 5568 438)
4(338 439 5569 5468)
4(438 5568 5569 439)
4(339 440 5570 5469)
4(439 5569 5570 440)
4(340 441 5571 5470)
4(440 5570 5571 441)
4(341 442 5572 5471)
4(441 5571 5572 442)
4(342 443 5573 5472)
4(442 5572 5573 443)
4(343 444 5574 5473)
4(443 5573 5574 444)
4(344 445 5575 5474)
4(444 5574 5575 445)
4(345 446 5576 5475)
4(445 5575 5576 446)
4(346 447 5577 5476)
4(446 5576 5577 447)
4(347 448 5578 5477)
4(447 5577 5578 448)
4(348 449 5579 5478)
4(448 5578 5579 449)
4(349 450 5580 5479)
4(449 5579 5580 450)
4(350 451 5581 5480)
4(450 5580 5581 451)
4(351 452 5582 5481)
4(451 5581 5582 452)
4(352 453 5583 5482)
4(452 5582 5583 453)
4(353 454 5584 5483)
4(453 5583 5584 454)
4(354 455 5585 5484)
4(454 5584 5585 455)
4(355 456 5586 5485)
4(455 5585 5586 456)
4(356 457 5587 5486)
4(456 5586 5587 457)
4(357 458 5588 5487)
4(457 5587 5588 458)
4(358 459 5589 5488)
4(458 5588 5589 459)
4(359 460 5590 5489)
4(459 5589 5590 460)
4(360 461 5591 5490)
4(460 5590 5591 461)
4(361 462 5592 5491)
4(461 5591 5592 462)
4(362 463 5593 5492)
4(462 5592 5593 463)
4(363 464 5594 5493)
4(463 5593 5594 464)
4(364 465 5595 5494)
4(464 5594 5595 465)
4(365 466 5596 5495)
4(465 5595 5596 466)
4(366 467 5597 5496)
4(466 5596 5597 467)
4(367 468 5598 5497)
4(467 5597 5598 468)
4(368 469 5599 5498)
4(468 5598 5599 469)
4(369 470 5600 5499)
4(469 5599 5600 470)
4(370 471 5601 5500)
4(470 5600 5601 471)
4(371 472 5602 5501)
4(471 5601 5602 472)
4(372 473 5603 5502)
4(472 5602 5603 473)
4(373 474 5604 5503)
4(473 5603 5604 474)
4(374 475 5605 5504)
4(474 5604 5605 475)
4(375 476 5606 5505)
4(475 5605 5606 476)
4(376 477 5607 5506)
4(476 5606 5607 477)
4(377 478 5608 5507)
4(477 5607 5608 478)
4(378 479 5609 5508)
4(478 5608 5609 479)
4(379 480 5610 5509)
4(479 5609 5610 480)
4(380 481 5611 5510)
4(480 5610 5611 481)
4(381 482 5612 5511)
4(481 5611 5612 482)
4(382 483 5613 5512)
4(482 5612 5613 483)
4(383 484 5614 5513)
4(483 5613 5614 484)
4(384 485 5615 5514)
4(484 5614 5615 485)
4(385 486 5616 5515)
4(485 5615 5616 486)
4(386 487 5617 5516)
4(486 5616 5617 487)
4(387 488 5618 5517)
4(487 5617 5618 488)
4(388 489 5619 5518)
4(488 5618 5619 489)
4(389 490 5620 5519)
4(489 5619 5620 490)
4(390 491 5621 5520)
4(490 5620 5621 491)
4(391 492 5622 5521)
4(491 5621 5622 492)
4(392 493 5623 5522)
4(492 5622 5623 493)
4(393 494 5624 5523)
4(493 5623 5624 494)
4(394 495 5625 5524)
4(494 5624 5625 495)
4(395 496 5626 5525)
4(495 5625 5626 496)
4(396 497 5627 5526)
4(496 5626 5627 497)
4(397 498 5628 5527)
4(497 5627 5628 498)
4(398 499 5629 5528)
4(498 5628 5629 499)
4(399 500 5630 5529)
4(499 5629 5630 500)
4(400 501 5631 5530)
4(500 5630 5631 501)
4(401 502 5632 5531)
4(501 5631 5632 502)
4(402 503 5633 5532)
4(502 5632 5633 503)
4(503 5633 5634 504)
4(405 506 5636 5535)
4(505 5635 5636 506)
4(406 507 5637 5536)
4(506 5636 5637 507)
4(407 508 5638 5537)
4(507 5637 5638 508)
4(408 509 5639 5538)
4(508 5638 5639 509)
4(409 510 5640 5539)
4(509 5639 5640 510)
4(410 511 5641 5540)
4(510 5640 5641 511)
4(411 512 5642 5541)
4(511 5641 5642 512)
4(412 513 5643 5542)
4(512 5642 5643 513)
4(413 514 5644 5543)
4(513 5643 5644 514)
4(414 515 5645 5544)
4(514 5644 5645 515)
4(415 516 5646 5545)
4(515 5645 5646 516)
4(416 517 5647 5546)
4(516 5646 5647 517)
4(417 518 5648 5547)
4(517 5647 5648 518)
4(418 519 5649 5548)
4(518 5648 5649 519)
4(419 520 5650 5549)
4(519 5649 5650 520)
4(420 521 5651 5550)
4(520 5650 5651 521)
4(421 522 5652 5551)
4(521 5651 5652 522)
4(422 523 5653 5552)
4(522 5652 5653 523)
4(423 524 5654 5553)
4(523 5653 5654 524)
4(424 525 5655 5554)
4(524 5654 5655 525)
4(425 526 5656 5555)
4(525 5655 5656 526)
4(426 527 5657 5556)
4(526 5656 5657 527)
4(427 528 5658 5557)
4(527 5657 5658 528)
4(428 529 5659 5558)
4(528 5658 5659 529)
4(429 530 5660 5559)
4(529 5659 5660 530)
4(430 531 5661 5560)
4(530 5660 5661 531)
4(431 532 5662 5561)
4(531 5661 5662 532)
4(432 533 5663 5562)
4(532 5662 5663 533)
4(433 534 5664 5563)
4(533 5663 5664 534)
4(434 535 5665 5564)
4(534 5664 5665 535)
4(435 536 5666 5565)
4(535 5665 5666 536)
4(436 537 5667 5566)
4(536 5666 5667 537)
4(437 538 5668 5567)
4(537 5667 5668 538)
4(438 539 5669 5568)
4(538 5668 5669 539)
4(439 540 5670 5569)
4(539 5669 5670 540)
4(440 541 5671 5570)
4(540 5670 5671 541)
4(441 542 5672 5571)
4(541 5671 5672 542)
4(442 543 5673 5572)
4(542 5672 5673 543)
4(443 544 5674 5573)
4(543 5673 5674 544)
4(444 545 5675 5574)
4(544 5674 5675 545)
4(445 546 5676 5575)
4(545 5675 5676 546)
4(446 547 5677 5576)
4(546 5676 5677 547)
4(447 548 5678 5577)
4(547 5677 5678 548)
4(448 549 5679 5578)
4(548 5678 5679 549)
4(449 550 5680 5579)
4(549 5679 5680 550)
4(450 551 5681 5580)
4(550 5680 5681 551)
4(451 552 5682 5581)
4(551 5681 5682 552)
4(452 553 5683 5582)
4(552 5682 5683 553)
4(453 554 5684 5583)
4(553 5683 5684 554)
4(454 555 5685 5584)
4(554 5684 5685 555)
4(455 556 5686 5585)
4(555 5685 5686 556)
4(456 557 5687 5586)
4(556 5686 5687 557)
4(457 558 5688 5587)
4(557 5687 5688 558)
4(458 559 5689 5588)
4(558 5688 5689 559)
4(459 560 5690 5589)
4(559 5689 5690 560)
4(460 561 5691 5590)
4(560 5690 5691 561)
4(461 562 5692 5591)
4(561 5691 5692 562)
4(462 563 5693 5592)
4(562 5692 5693 563)
4(463 564 5694 5593)
4(563 5693 5694 564)
4(464 565 5695 5594)
4(564 5694 5695 565)
4(465 566 5696 5595)
4(565 5695 5696 566)
4(466 567 5697 5596)
4(566 5696 5697 567)
4(467 568 5698 5597)
4(567 5697 5698 568)
4(468 569 5699 5598)
4(568 5698 5699 569)
4(469 570 5700 5599)
4(569 5699 5700 570)
4(470 571 5701 5600)
4(570 5700 5701 571)
4(471 572 5702 5601)
4(571 5701 5702 572)
4(472 573 5703 5602)
4(572 5702 5703 573)
4(473 574 5704 5603)
4(573 5703 5704 574)
4(474 575 5705 5604)
4(574 5704 5705 575)
4(475 576 5706 5605)
4(575 5705 5706 576)
4(476 577 5707 5606)
4(576 5706 5707 577)
4(477 578 5708 5607)
4(577 5707 5708 578)
4(478 579 5709 5608)
4(578 5708 5709 579)
4(479 580 5710 5609)
4(579 5709 5710 580)
4(480 581 5711 5610)
4(580 5710 5711 581)
4(481 582 5712 5611)
4(581 5711 5712 582)
4(482 583 5713 5612)
4(582 5712 5713 583)
4(483 584 5714 5613)
4(583 5713 5714 584)
4(484 585 5715 5614)
4(584 5714 5715 585)
4(485 586 5716 5615)
4(585 5715 5716 586)
4(486 587 5717 5616)
4(586 5716 5717 587)
4(487 588 5718 5617)
4(587 5717 5718 588)
4(488 589 5719 5618)
4(588 5718 5719 589)
4(489 590 5720 5619)
4(589 5719 5720 590)
4(490 591 5721 5620)
4(590 5720 5721 591)
4(491 592 5722 5621)
4(591 5721 5722 592)
4(492 593 5723 5622)
4(592 5722 5723 593)
4(493 594 5724 5623)
4(593 5723 5724 594)
4(494 595 5725 5624)
4(594 5724 5725 595)
4(495 596 5726 5625)
4(595 5725 5726 596)
4(496 597 5727 5626)
4(596 5726 5727 597)
4(497 598 5728 5627)
4(597 5727 5728 598)
4(498 599 5729 5628)
4(598 5728 5729 599)
4(499 600 5730 5629)
4(599 5729 5730 600)
4(500 601 5731 5630)
4(600 5730 5731 601)
4(501 602 5732 5631)
4(601 5731 5732 602)
4(502 603 5733 5632)
4(602 5732 5733 603)
4(503 604 5734 5633)
4(603 5733 5734 604)
4(604 5734 5735 605)
4(506 607 5737 5636)
4(606 5736 5737 607)
4(507 608 5738 5637)
4(607 5737 5738 608)
4(508 609 5739 5638)
4(608 5738 5739 609)
4(509 610 5740 5639)
4(609 5739 5740 610)
4(510 611 5741 5640)
4(610 5740 5741 611)
4(511 612 5742 5641)
4(611 5741 5742 612)
4(512 613 5743 5642)
4(612 5742 5743 613)
4(513 614 5744 5643)
4(613 5743 5744 614)
4(514 615 5745 5644)
4(614 5744 5745 615)
4(515 616 5746 5645)
4(615 5745 5746 616)
4(516 617 5747 5646)
4(616 5746 5747 617)
4(517 618 5748 5647)
4(617 5747 5748 618)
4(518 619 5749 5648)
4(618 5748 5749 619)
4(519 620 5750 5649)
4(619 5749 5750 620)
4(520 621 5751 5650)
4(620 5750 5751 621)
4(521 622 5752 5651)
4(621 5751 5752 622)
4(522 623 5753 5652)
4(622 5752 5753 623)
4(523 624 5754 5653)
4(623 5753 5754 624)
4(524 625 5755 5654)
4(624 5754 5755 625)
4(525 626 5756 5655)
4(625 5755 5756 626)
4(526 627 5757 5656)
4(626 5756 5757 627)
4(527 628 5758 5657)
4(627 5757 5758 628)
4(528 629 5759 5658)
4(628 5758 5759 629)
4(529 630 5760 5659)
4(629 5759 5760 630)
4(530 631 5761 5660)
4(630 5760 5761 631)
4(531 632 5762 5661)
4(631 5761 5762 632)
4(532 633 5763 5662)
4(632 5762 5763 633)
4(533 634 5764 5663)
4(633 5763 5764 634)
4(534 635 5765 5664)
4(634 5764 5765 635)
4(535 636 5766 5665)
4(635 5765 5766 636)
4(536 637 5767 5666)
4(636 5766 5767 637)
4(537 638 5768 5667)
4(637 5767 5768 638)
4(538 639 5769 5668)
4(638 5768 5769 639)
4(539 640 5770 5669)
4(639 5769 5770 640)
4(540 641 5771 5670)
4(640 5770 5771 641)
4(541 642 5772 5671)
4(641 5771 5772 642)
4(542 643 5773 5672)
4(642 5772 5773 643)
4(543 644 5774 5673)
4(643 5773 5774 644)
4(544 645 5775 5674)
4(644 5774 5775 645)
4(545 646 5776 5675)
4(645 5775 5776 646)
4(546 647 5777 5676)
4(646 5776 5777 647)
4(547 648 5778 5677)
4(647 5777 5778 648)
4(548 649 5779 5678)
4(648 5778 5779 649)
4(549 650 5780 5679)
4(649 5779 5780 650)
4(550 651 5781 5680)
4(650 5780 5781 651)
4(551 652 5782 5681)
4(651 5781 5782 652)
4(552 653 5783 5682)
4(652 5782 5783 653)
4(553 654 5784 5683)
4(653 5783 5784 654)
4(554 655 5785 5684)
4(654 5784 5785 655)
4(555 656 5786 5685)
4(655 5785 5786 656)
4(556 657 5787 5686)
4(656 5786 5787 657)
4(557 658 5788 5687)
4(657 5787 5788 658)
4(558 659 5789 5688)
4(658 5788 5789 659)
4(559 660 5790 5689)
4(659 5789 5790 660)
4(560 661 5791 5690)
4(660 5790 5791 661)
4(561 662 5792 5691)
4(661 5791 5792 662)
4(562 663 5793 5692)
4(662 5792 5793 663)
4(563 664 5794 5693)
4(663 5793 5794 664)
4(564 665 5795 5694)
4(664 5794 5795 665)
4(565 666 5796 5695)
4(665 5795 5796 666)
4(566 667 5797 5696)
4(666 5796 5797 667)
4(567 668 5798 5697)
4(667 5797 5798 668)
4(568 669 5799 5698)
4(668 5798 5799 669)
4(569 670 5800 5699)
4(669 5799 5800 670)
4(570 671 5801 5700)
4(670 5800 5801 671)
4(571 672 5802 5701)
4(671 5801 5802 672)
4(572 673 5803 5702)
4(672 5802 5803 673)
4(573 674 5804 5703)
4(673 5803 5804 674)
4(574 675 5805 5704)
4(674 5804 5805 675)
4(575 676 5806 5705)
4(675 5805 5806 676)
4(576 677 5807 5706)
4(676 5806 5807 677)
4(577 678 5808 5707)
4(677 5807 5808 678)
4(578 679 5809 5708)
4(678 5808 5809 679)
4(579 680 5810 5709)
4(679 5809 5810 680)
4(580 681 5811 5710)
4(680 5810 5811 681)
4(581 682 5812 5711)
4(681 5811 5812 682)
4(582 683 5813 5712)
4(682 5812 5813 683)
4(583 684 5814 5713)
4(683 5813 5814 684)
4(584 685 5815 5714)
4(684 5814 5815 685)
4(585 686 5816 5715)
4(685 5815 5816 686)
4(586 687 5817 5716)
4(686 5816 5817 687)
4(587 688 5818 5717)
4(687 5817 5818 688)
4(588 689 5819 5718)
4(688 5818 5819 689)
4(589 690 5820 5719)
4(689 5819 5820 690)
4(590 691 5821 5720)
4(690 5820 5821 691)
4(591 692 5822 5721)
4(691 5821 5822 692)
4(592 693 5823 5722)
4(692 5822 5823 693)
4(593 694 5824 5723)
4(693 5823 5824 694)
4(594 695 5825 5724)
4(694 5824 5825 695)
4(595 696 5826 5725)
4(695 5825 5826 696)
4(596 697 5827 5726)
4(696 5826 5827 697)
4(597 698 5828 5727)
4(697 5827 5828 698)
4(598 699 5829 5728)
4(698 5828 5829 699)
4(599 700 5830 5729)
4(699 5829 5830 700)
4(600 701 5831 5730)
4(700 5830 5831 701)
4(601 702 5832 5731)
4(701 5831 5832 702)
4(602 703 5833 5732)
4(702 5832 5833 703)
4(603 704 5834 5733)
4(703 5833 5834 704)
4(604 705 5835 5734)
4(704 5834 5835 705)
4(705 5835 5836 706)
4(607 708 5838 5737)
4(707 5837 5838 708)
4(608 709 5839 5738)
4(708 5838 5839 709)
4(609 710 5840 5739)
4(709 5839 5840 710)
4(610 711 5841 5740)
4(710 5840 5841 711)
4(611 712 5842 5741)
4(711 5841 5842 712)
4(612 713 5843 5742)
4(712 5842 5843 713)
4(613 714 5844 5743)
4(713 5843 5844 714)
4(614 715 5845 5744)
4(714 5844 5845 715)
4(615 716 5846 5745)
4(715 5845 5846 716)
4(616 717 5847 5746)
4(716 5846 5847 717)
4(617 718 5848 5747)
4(717 5847 5848 718)
4(618 719 5849 5748)
4(718 5848 5849 719)
4(619 720 5850 5749)
4(719 5849 5850 720)
4(620 721 5851 5750)
4(720 5850 5851 721)
4(621 722 5852 5751)
4(721 5851 5852 722)
4(622 723 5853 5752)
4(722 5852 5853 723)
4(623 724 5854 5753)
4(723 5853 5854 724)
4(624 725 5855 5754)
4(724 5854 5855 725)
4(625 726 5856 5755)
4(725 5855 5856 726)
4(626 727 5857 5756)
4(726 5856 5857 727)
4(627 728 5858 5757)
4(727 5857 5858 728)
4(628 729 5859 5758)
4(728 5858 5859 729)
4(629 730 5860 5759)
4(729 5859 5860 730)
4(630 731 5861 5760)
4(730 5860 5861 731)
4(631 732 5862 5761)
4(731 5861 5862 732)
4(632 733 5863 5762)
4(732 5862 5863 733)
4(633 734 5864 5763)
4(733 5863 5864 734)
4(634 735 5865 5764)
4(734 5864 5865 735)
4(635 736 5866 5765)
4(735 5865 5866 736)
4(636 737 5867 5766)
4(736 5866 5867 737)
4(637 738 5868 5767)
4(737 5867 5868 738)
4(638 739 5869 5768)
4(738 5868 5869 739)
4(639 740 5870 5769)
4(739 5869 5870 740)
4(640 741 5871 5770)
4(740 5870 5871 741)
4(641 742 5872 5771)
4(741 5871 5872 742)
4(642 743 5873 5772)
4(742 5872 5873 743)
4(643 744 5874 5773)
4(743 5873 5874 744)
4(644 745 5875 5774)
4(744 5874 5875 745)
4(645 746 5876 5775)
4(745 5875 5876 746)
4(646 747 5877 5776)
4(746 5876 5877 747)
4(647 748 5878 5777)
4(747 5877 5878 748)
4(648 749 5879 5778)
4(748 5878 5879 749)
4(649 750 5880 5779)
4(749 5879 5880 750)
4(650 751 5881 5780)
4(750 5880 5881 751)
4(651 752 5882 5781)
4(751 5881 5882 752)
4(652 753 5883 5782)
4(752 5882 5883 753)
4(653 754 5884 5783)
4(753 5883 5884 754)
4(654 755 5885 5784)
4(754 5884 5885 755)
4(655 756 5886 5785)
4(755 5885 5886 756)
4(656 757 5887 5786)
4(756 5886 5887 757)
4(657 758 5888 5787)
4(757 5887 5888 758)
4(658 759 5889 5788)
4(758 5888 5889 759)
4(659 760 5890 5789)
4(759 5889 5890 760)
4(660 761 5891 5790)
4(760 5890 5891 761)
4(661 762 5892 5791)
4(761 5891 5892 762)
4(662 763 5893 5792)
4(762 5892 5893 763)
4(663 764 5894 5793)
4(763 5893 5894 764)
4(664 765 5895 5794)
4(764 5894 5895 765)
4(665 766 5896 5795)
4(765 5895 5896 766)
4(666 767 5897 5796)
4(766 5896 5897 767)
4(667 768 5898 5797)
4(767 5897 5898 768)
4(668 769 5899 5798)
4(768 5898 5899 769)
4(669 770 5900 5799)
4(769 5899 5900 770)
4(670 771 5901 5800)
4(770 5900 5901 771)
4(671 772 5902 5801)
4(771 5901 5902 772)
4(672 773 5903 5802)
4(772 5902 5903 773)
4(673 774 5904 5803)
4(773 5903 5904 774)
4(674 775 5905 5804)
4(774 5904 5905 775)
4(675 776 5906 5805)
4(775 5905 5906 776)
4(676 777 5907 5806)
4(776 5906 5907 777)
4(677 778 5908 5807)
4(777 5907 5908 778)
4(678 779 5909 5808)
4(778 5908 5909 779)
4(679 780 5910 5809)
4(779 5909 5910 780)
4(680 781 5911 5810)
4(780 5910 5911 781)
4(681 782 5912 5811)
4(781 5911 5912 782)
4(682 783 5913 5812)
4(782 5912 5913 783)
4(683 784 5914 5813)
4(783 5913 5914 784)
4(684 785 5915 5814)
4(784 5914 5915 785)
4(685 786 5916 5815)
4(785 5915 5916 786)
4(686 787 5917 5816)
4(786 5916 5917 787)
4(687 788 5918 5817)
4(787 5917 5918 788)
4(688 789 5919 5818)
4(788 5918 5919 789)
4(689 790 5920 5819)
4(789 5919 5920 790)
4(690 791 5921 5820)
4(790 5920 5921 791)
4(691 792 5922 5821)
4(791 5921 5922 792)
4(692 793 5923 5822)
4(792 5922 5923 793)
4(693 794 5924 5823)
4(793 5923 5924 794)
4(694 795 5925 5824)
4(794 5924 5925 795)
4(695 796 5926 5825)
4(795 5925 5926 796)
4(696 797 5927 5826)
4(796 5926 5927 797)
4(697 798 5928 5827)
4(797 5927 5928 798)
4(698 799 5929 5828)
4(798 5928 5929 799)
4(699 800 5930 5829)
4(799 5929 5930 800)
4(700 801 5931 5830)
4(800 5930 5931 801)
4(701 802 5932 5831)
4(801 5931 5932 802)
4(702 803 5933 5832)
4(802 5932 5933 803)
4(703 804 5934 5833)
4(803 5933 5934 804)
4(704 805 5935 5834)
4(804 5934 5935 805)
4(705 806 5936 5835)
4(805 5935 5936 806)
4(806 5936 5937 807)
4(708 809 5939 5838)
4(808 5938 5939 809)
4(709 810 5940 5839)
4(809 5939 5940 810)
4(710 811 5941 5840)
4(810 5940 5941 811)
4(711 812 5942 5841)
4(811 5941 5942 812)
4(712 813 5943 5842)
4(812 5942 5943 813)
4(713 814 5944 5843)
4(813 5943 5944 814)
4(714 815 5945 5844)
4(814 5944 5945 815)
4(715 816 5946 5845)
4(815 5945 5946 816)
4(716 817 5947 5846)
4(816 5946 5947 817)
4(717 818 5948 5847)
4(817 5947 5948 818)
4(718 819 5949 5848)
4(818 5948 5949 819)
4(719 820 5950 5849)
4(819 5949 5950 820)
4(720 821 5951 5850)
4(820 5950 5951 821)
4(721 822 5952 5851)
4(821 5951 5952 822)
4(722 823 5953 5852)
4(822 5952 5953 823)
4(723 824 5954 5853)
4(823 5953 5954 824)
4(724 825 5955 5854)
4(824 5954 5955 825)
4(725 826 5956 5855)
4(825 5955 5956 826)
4(726 827 5957 5856)
4(826 5956 5957 827)
4(727 828 5958 5857)
4(827 5957 5958 828)
4(728 829 5959 5858)
4(828 5958 5959 829)
4(729 830 5960 5859)
4(829 5959 5960 830)
4(730 831 5961 5860)
4(830 5960 5961 831)
4(731 832 5962 5861)
4(831 5961 5962 832)
4(732 833 5963 5862)
4(832 5962 5963 833)
4(733 834 5964 5863)
4(833 5963 5964 834)
4(734 835 5965 5864)
4(834 5964 5965 835)
4(735 836 5966 5865)
4(835 5965 5966 836)
4(736 837 5967 5866)
4(836 5966 5967 837)
4(737 838 5968 5867)
4(837 5967 5968 838)
4(738 839 5969 5868)
4(838 5968 5969 839)
4(739 840 5970 5869)
4(839 5969 5970 840)
4(740 841 5971 5870)
4(840 5970 5971 841)
4(741 842 5972 5871)
4(841 5971 5972 842)
4(742 843 5973 5872)
4(842 5972 5973 843)
4(743 844 5974 5873)
4(843 5973 5974 844)
4(744 845 5975 5874)
4(844 5974 5975 845)
4(745 846 5976 5875)
4(845 5975 5976 846)
4(746 847 5977 5876)
4(846 5976 5977 847)
4(747 848 5978 5877)
4(847 5977 5978 848)
4(748 849 5979 5878)
4(848 5978 5979 849)
4(749 850 5980 5879)
4(849 5979 5980 850)
4(750 851 5981 5880)
4(850 5980 5981 851)
4(751 852 5982 5881)
4(851 5981 5982 852)
4(752 853 5983 5882)
4(852 5982 5983 853)
4(753 854 5984 5883)
4(853 5983 5984 854)
4(754 855 5985 5884)
4(854 5984 5985 855)
4(755 856 5986 5885)
4(855 5985 5986 856)
4(756 857 5987 5886)
4(856 5986 5987 857)
4(757 858 5988 5887)
4(857 5987 5988 858)
4(758 859 5989 5888)
4(858 5988 5989 859)
4(759 860 5990 5889)
4(859 5989 5990 860)
4(760 861 5991 5890)
4(860 5990 5991 861)
4(761 862 5992 5891)
4(861 5991 5992 862)
4(762 863 5993 5892)
4(862 5992 5993 863)
4(763 864 5994 5893)
4(863 5993 5994 864)
4(764 865 5995 5894)
4(864 5994 5995 865)
4(765 866 5996 5895)
4(865 5995 5996 866)
4(766 867 5997 5896)
4(866 5996 5997 867)
4(767 868 5998 5897)
4(867 5997 5998 868)
4(768 869 5999 5898)
4(868 5998 5999 869)
4(769 870 6000 5899)
4(869 5999 6000 870)
4(770 871 6001 5900)
4(870 6000 6001 871)
4(771 872 6002 5901)
4(871 6001 6002 872)
4(772 873 6003 5902)
4(872 6002 6003 873)
4(773 874 6004 5903)
4(873 6003 6004 874)
4(774 875 6005 5904)
4(874 6004 6005 875)
4(775 876 6006 5905)
4(875 6005 6006 876)
4(776 877 6007 5906)
4(876 6006 6007 877)
4(777 878 6008 5907)
4(877 6007 6008 878)
4(778 879 6009 5908)
4(878 6008 6009 879)
4(779 880 6010 5909)
4(879 6009 6010 880)
4(780 881 6011 5910)
4(880 6010 6011 881)
4(781 882 6012 5911)
4(881 6011 6012 882)
4(782 883 6013 5912)
4(882 6012 6013 883)
4(783 884 6014 5913)
4(883 6013 6014 884)
4(784 885 6015 5914)
4(884 6014 6015 885)
4(785 886 6016 5915)
4(885 6015 6016 886)
4(786 887 6017 5916)
4(886 6016 6017 887)
4(787 888 6018 5917)
4(887 6017 6018 888)
4(788 889 6019 5918)
4(888 6018 6019 889)
4(789 890 6020 5919)
4(889 6019 6020 890)
4(790 891 6021 5920)
4(890 6020 6021 891)
4(791 892 6022 5921)
4(891 6021 6022 892)
4(792 893 6023 5922)
4(892 6022 6023 893)
4(793 894 6024 5923)
4(893 6023 6024 894)
4(794 895 6025 5924)
4(894 6024 6025 895)
4(795 896 6026 5925)
4(895 6025 6026 896)
4(796 897 6027 5926)
4(896 6026 6027 897)
4(797 898 6028 5927)
4(897 6027 6028 898)
4(798 899 6029 5928)
4(898 6028 6029 899)
4(799 900 6030 5929)
4(899 6029 6030 900)
4(800 901 6031 5930)
4(900 6030 6031 901)
4(801 902 6032 5931)
4(901 6031 6032 902)
4(802 903 6033 5932)
4(902 6032 6033 903)
4(803 904 6034 5933)
4(903 6033 6034 904)
4(804 905 6035 5934)
4(904 6034 6035 905)
4(805 906 6036 5935)
4(905 6035 6036 906)
4(806 907 6037 5936)
4(906 6036 6037 907)
4(907 6037 6038 908)
4(809 910 6040 5939)
4(909 6039 6040 910)
4(810 911 6041 5940)
4(910 6040 6041 911)
4(811 912 6042 5941)
4(911 6041 6042 912)
4(812 913 6043 5942)
4(912 6042 6043 913)
4(813 914 6044 5943)
4(913 6043 6044 914)
4(814 915 6045 5944)
4(914 6044 6045 915)
4(815 916 6046 5945)
4(915 6045 6046 916)
4(816 917 6047 5946)
4(916 6046 6047 917)
4(817 918 6048 5947)
4(917 6047 6048 918)
4(818 919 6049 5948)
4(918 6048 6049 919)
4(819 920 6050 5949)
4(919 6049 6050 920)
4(820 921 6051 5950)
4(920 6050 6051 921)
4(821 922 6052 5951)
4(921 6051 6052 922)
4(822 923 6053 5952)
4(922 6052 6053 923)
4(823 924 6054 5953)
4(923 6053 6054 924)
4(824 925 6055 5954)
4(924 6054 6055 925)
4(825 926 6056 5955)
4(925 6055 6056 926)
4(826 927 6057 5956)
4(926 6056 6057 927)
4(827 928 6058 5957)
4(927 6057 6058 928)
4(828 929 6059 5958)
4(928 6058 6059 929)
4(829 930 6060 5959)
4(929 6059 6060 930)
4(830 931 6061 5960)
4(930 6060 6061 931)
4(831 932 6062 5961)
4(931 6061 6062 932)
4(832 933 6063 5962)
4(932 6062 6063 933)
4(833 934 6064 5963)
4(933 6063 6064 934)
4(834 935 6065 5964)
4(934 6064 6065 935)
4(835 936 6066 5965)
4(935 6065 6066 936)
4(836 937 6067 5966)
4(936 6066 6067 937)
4(837 938 6068 5967)
4(937 6067 6068 938)
4(838 939 6069 5968)
4(938 6068 6069 939)
4(839 940 6070 5969)
4(939 6069 6070 940)
4(840 941 6071 5970)
4(940 6070 6071 941)
4(841 942 6072 5971)
4(941 6071 6072 942)
4(842 943 6073 5972)
4(942 6072 6073 943)
4(843 944 6074 5973)
4(943 6073 6074 944)
4(844 945 6075 5974)
4(944 6074 6075 945)
4(845 946 6076 5975)
4(945 6075 6076 946)
4(846 947 6077 5976)
4(946 6076 6077 947)
4(847 948 6078 5977)
4(947 6077 6078 948)
4(848 949 6079 5978)
4(948 6078 6079 949)
4(849 950 6080 5979)
4(949 6079 6080 950)
4(850 951 6081 5980)
4(950 6080 6081 951)
4(851 952 6082 5981)
4(951 6081 6082 952)
4(852 953 6083 5982)
4(952 6082 6083 953)
4(853 954 6084 5983)
4(953 6083 6084 954)
4(854 955 6085 5984)
4(954 6084 6085 955)
4(855 956 6086 5985)
4(955 6085 6086 956)
4(856 957 6087 5986)
4(956 6086 6087 957)
4(857 958 6088 5987)
4(957 6087 6088 958)
4(858 959 6089 5988)
4(958 6088 6089 959)
4(859 960 6090 5989)
4(959 6089 6090 960)
4(860 961 6091 5990)
4(960 6090 6091 961)
4(861 962 6092 5991)
4(961 6091 6092 962)
4(862 963 6093 5992)
4(962 6092 6093 963)
4(863 964 6094 5993)
4(963 6093 6094 964)
4(864 965 6095 5994)
4(964 6094 6095 965)
4(865 966 6096 5995)
4(965 6095 6096 966)
4(866 967 6097 5996)
4(966 6096 6097 967)
4(867 968 6098 5997)
4(967 6097 6098 968)
4(868 969 6099 5998)
4(968 6098 6099 969)
4(869 970 6100 5999)
4(969 6099 6100 970)
4(870 971 6101 6000)
4(970 6100 6101 971)
4(871 972 6102 6001)
4(971 6101 6102 972)
4(872 973 6103 6002)
4(972 6102 6103 973)
4(873 974 6104 6003)
4(973 6103 6104 974)
4(874 975 6105 6004)
4(974 6104 6105 975)
4(875 976 6106 6005)
4(975 6105 6106 976)
4(876 977 6107 6006)
4(976 6106 6107 977)
4(877 978 6108 6007)
4(977 6107 6108 978)
4(878 979 6109 6008)
4(978 6108 6109 979)
4(879 980 6110 6009)
4(979 6109 6110 980)
4(880 981 6111 6010)
4(980 6110 6111 981)
4(881 982 6112 6011)
4(981 6111 6112 982)
4(882 983 6113 6012)
4(982 6112 6113 983)
4(883 984 6114 6013)
4(983 6113 6114 984)
4(884 985 6115 6014)
4(984 6114 6115 985)
4(885 986 6116 6015)
4(985 6115 6116 986)
4(886 987 6117 6016)
4(986 6116 6117 987)
4(887 988 6118 6017)
4(987 6117 6118 988)
4(888 989 6119 6018)
4(988 6118 6119 989)
4(889 990 6120 6019)
4(989 6119 6120 990)
4(890 991 6121 6020)
4(990 6120 6121 991)
4(891 992 6122 6021)
4(991 6121 6122 992)
4(892 993 6123 6022)
4(992 6122 6123 993)
4(893 994 6124 6023)
4(993 6123 6124 994)
4(894 995 6125 6024)
4(994 6124 6125 995)
4(895 996 6126 6025)
4(995 6125 6126 996)
4(896 997 6127 6026)
4(996 6126 6127 997)
4(897 998 6128 6027)
4(997 6127 6128 998)
4(898 999 6129 6028)
4(998 6128 6129 999)
4(899 1000 6130 6029)
4(999 6129 6130 1000)
4(900 1001 6131 6030)
4(1000 6130 6131 1001)
4(901 1002 6132 6031)
4(1001 6131 6132 1002)
4(902 1003 6133 6032)
4(1002 6132 6133 1003)
4(903 1004 6134 6033)
4(1003 6133 6134 1004)
4(904 1005 6135 6034)
4(1004 6134 6135 1005)
4(905 1006 6136 6035)
4(1005 6135 6136 1006)
4(906 1007 6137 6036)
4(1006 6136 6137 1007)
4(907 1008 6138 6037)
4(1007 6137 6138 1008)
4(1008 6138 6139 1009)
4(910 1011 6141 6040)
4(1010 6140 6141 1011)
4(911 1012 6142 6041)
4(1011 6141 6142 1012)
4(912 1013 6143 6042)
4(1012 6142 6143 1013)
4(913 1014 6144 6043)
4(1013 6143 6144 1014)
4(914 1015 6145 6044)
4(1014 6144 6145 1015)
4(915 1016 6146 6045)
4(1015 6145 6146 1016)
4(916 1017 6147 6046)
4(1016 6146 6147 1017)
4(917 1018 6148 6047)
4(1017 6147 6148 1018)
4(918 1019 6149 6048)
4(1018 6148 6149 1019)
4(919 1020 6150 6049)
4(1019 6149 6150 1020)
4(920 1021 6151 6050)
4(1020 6150 6151 1021)
4(921 1022 6152 6051)
4(1021 6151 6152 1022)
4(922 1023 6153 6052)
4(1022 6152 6153 1023)
4(923 1024 6154 6053)
4(1023 6153 6154 1024)
4(924 1025 6155 6054)
4(1024 6154 6155 1025)
4(925 1026 6156 6055)
4(1025 6155 6156 1026)
4(926 1027 6157 6056)
4(1026 6156 6157 1027)
4(927 1028 6158 6057)
4(1027 6157 6158 1028)
4(928 1029 6159 6058)
4(1028 6158 6159 1029)
4(929 1030 6160 6059)
4(1029 6159 6160 1030)
4(930 1031 6161 6060)
4(1030 6160 6161 1031)
4(931 1032 6162 6061)
4(1031 6161 6162 1032)
4(932 1033 6163 6062)
4(1032 6162 6163 1033)
4(933 1034 6164 6063)
4(1033 6163 6164 1034)
4(934 1035 6165 6064)
4(1034 6164 6165 1035)
4(935 1036 6166 6065)
4(1035 6165 6166 1036)
4(936 1037 6167 6066)
4(1036 6166 6167 1037)
4(937 1038 6168 6067)
4(1037 6167 6168 1038)
4(938 1039 6169 6068)
4(1038 6168 6169 1039)
4(939 1040 6170 6069)
4(1039 6169 6170 1040)
4(940 1041 6171 6070)
4(1040 6170 6171 1041)
4(941 1042 6172 6071)
4(1041 6171 6172 1042)
4(942 1043 6173 6072)
4(1042 6172 6173 1043)
4(943 1044 6174 6073)
4(1043 6173 6174 1044)
4(944 1045 6175 6074)
4(1044 6174 6175 1045)
4(945 1046 6176 6075)
4(1045 6175 6176 1046)
4(946 1047 6177 6076)
4(1046 6176 6177 1047)
4(947 1048 6178 6077)
4(1047 6177 6178 1048)
4(948 1049 6179 6078)
4(1048 6178 6179 1049)
4(949 1050 6180 6079)
4(1049 6179 6180 1050)
4(950 1051 6181 6080)
4(1050 6180 6181 1051)
4(951 1052 6182 6081)
4(1051 6181 6182 1052)
4(952 1053 6183 6082)
4(1052 6182 6183 1053)
4(953 1054 6184 6083)
4(1053 6183 6184 1054)
4(954 1055 6185 6084)
4(1054 6184 6185 1055)
4(955 1056 6186 6085)
4(1055 6185 6186 1056)
4(956 1057 6187 6086)
4(1056 6186 6187 1057)
4(957 1058 6188 6087)
4(1057 6187 6188 1058)
4(958 1059 6189 6088)
4(1058 6188 6189 1059)
4(959 1060 6190 6089)
4(1059 6189 6190 1060)
4(960 1061 6191 6090)
4(1060 6190 6191 1061)
4(961 1062 6192 6091)
4(1061 6191 6192 1062)
4(962 1063 6193 6092)
4(1062 6192 6193 1063)
4(963 1064 6194 6093)
4(1063 6193 6194 1064)
4(964 1065 6195 6094)
4(1064 6194 6195 1065)
4(965 1066 6196 6095)
4(1065 6195 6196 1066)
4(966 1067 6197 6096)
4(1066 6196 6197 1067)
4(967 1068 6198 6097)
4(1067 6197 6198 1068)
4(968 1069 6199 6098)
4(1068 6198 6199 1069)
4(969 1070 6200 6099)
4(1069 6199 6200 1070)
4(970 1071 6201 6100)
4(1070 6200 6201 1071)
4(971 1072 6202 6101)
4(1071 6201 6202 1072)
4(972 1073 6203 6102)
4(1072 6202 6203 1073)
4(973 1074 6204 6103)
4(1073 6203 6204 1074)
4(974 1075 6205 6104)
4(1074 6204 6205 1075)
4(975 1076 6206 6105)
4(1075 6205 6206 1076)
4(976 1077 6207 6106)
4(1076 6206 6207 1077)
4(977 1078 6208 6107)
4(1077 6207 6208 1078)
4(978 1079 6209 6108)
4(1078 6208 6209 1079)
4(979 1080 6210 6109)
4(1079 6209 6210 1080)
4(980 1081 6211 6110)
4(1080 6210 6211 1081)
4(981 1082 6212 6111)
4(1081 6211 6212 1082)
4(982 1083 6213 6112)
4(1082 6212 6213 1083)
4(983 1084 6214 6113)
4(1083 6213 6214 1084)
4(984 1085 6215 6114)
4(1084 6214 6215 1085)
4(985 1086 6216 6115)
4(1085 6215 6216 1086)
4(986 1087 6217 6116)
4(1086 6216 6217 1087)
4(987 1088 6218 6117)
4(1087 6217 6218 1088)
4(988 1089 6219 6118)
4(1088 6218 6219 1089)
4(989 1090 6220 6119)
4(1089 6219 6220 1090)
4(990 1091 6221 6120)
4(1090 6220 6221 1091)
4(991 1092 6222 6121)
4(1091 6221 6222 1092)
4(992 1093 6223 6122)
4(1092 6222 6223 1093)
4(993 1094 6224 6123)
4(1093 6223 6224 1094)
4(994 1095 6225 6124)
4(1094 6224 6225 1095)
4(995 1096 6226 6125)
4(1095 6225 6226 1096)
4(996 1097 6227 6126)
4(1096 6226 6227 1097)
4(997 1098 6228 6127)
4(1097 6227 6228 1098)
4(998 1099 6229 6128)
4(1098 6228 6229 1099)
4(999 1100 6230 6129)
4(1099 6229 6230 1100)
4(1000 1101 6231 6130)
4(1100 6230 6231 1101)
4(1001 1102 6232 6131)
4(1101 6231 6232 1102)
4(1002 1103 6233 6132)
4(1102 6232 6233 1103)
4(1003 1104 6234 6133)
4(1103 6233 6234 1104)
4(1004 1105 6235 6134)
4(1104 6234 6235 1105)
4(1005 1106 6236 6135)
4(1105 6235 6236 1106)
4(1006 1107 6237 6136)
4(1106 6236 6237 1107)
4(1007 1108 6238 6137)
4(1107 6237 6238 1108)
4(1008 1109 6239 6138)
4(1108 6238 6239 1109)
4(1109 6239 6240 1110)
4(1011 1112 6242 6141)
4(1111 6241 6242 1112)
4(1012 1113 6243 6142)
4(1112 6242 6243 1113)
4(1013 1114 6244 6143)
4(1113 6243 6244 1114)
4(1014 1115 6245 6144)
4(1114 6244 6245 1115)
4(1015 1116 6246 6145)
4(1115 6245 6246 1116)
4(1016 1117 6247 6146)
4(1116 6246 6247 1117)
4(1017 1118 6248 6147)
4(1117 6247 6248 1118)
4(1018 1119 6249 6148)
4(1118 6248 6249 1119)
4(1019 1120 6250 6149)
4(1119 6249 6250 1120)
4(1020 1121 6251 6150)
4(1120 6250 6251 1121)
4(1021 1122 6252 6151)
4(1121 6251 6252 1122)
4(1022 1123 6253 6152)
4(1122 6252 6253 1123)
4(1023 1124 6254 6153)
4(1123 6253 6254 1124)
4(1024 1125 6255 6154)
4(1124 6254 6255 1125)
4(1025 1126 6256 6155)
4(1125 6255 6256 1126)
4(1026 1127 6257 6156)
4(1126 6256 6257 1127)
4(1027 1128 6258 6157)
4(1127 6257 6258 1128)
4(1028 1129 6259 6158)
4(1128 6258 6259 1129)
4(1029 1130 6260 6159)
4(1129 6259 6260 1130)
4(1030 1131 6261 6160)
4(1130 6260 6261 1131)
4(1031 1132 6262 6161)
4(1131 6261 6262 1132)
4(1032 1133 6263 6162)
4(1132 6262 6263 1133)
4(1033 1134 6264 6163)
4(1133 6263 6264 1134)
4(1034 1135 6265 6164)
4(1134 6264 6265 1135)
4(1035 1136 6266 6165)
4(1135 6265 6266 1136)
4(1036 1137 6267 6166)
4(1136 6266 6267 1137)
4(1037 1138 6268 6167)
4(1137 6267 6268 1138)
4(1038 1139 6269 6168)
4(1138 6268 6269 1139)
4(1039 1140 6270 6169)
4(1139 6269 6270 1140)
4(1040 1141 6271 6170)
4(1140 6270 6271 1141)
4(1041 1142 6272 6171)
4(1141 6271 6272 1142)
4(1042 1143 6273 6172)
4(1142 6272 6273 1143)
4(1043 1144 6274 6173)
4(1143 6273 6274 1144)
4(1044 1145 6275 6174)
4(1144 6274 6275 1145)
4(1045 1146 6276 6175)
4(1145 6275 6276 1146)
4(1046 1147 6277 6176)
4(1146 6276 6277 1147)
4(1047 1148 6278 6177)
4(1147 6277 6278 1148)
4(1048 1149 6279 6178)
4(1148 6278 6279 1149)
4(1049 1150 6280 6179)
4(1149 6279 6280 1150)
4(1050 1151 6281 6180)
4(1150 6280 6281 1151)
4(1051 1152 6282 6181)
4(1151 6281 6282 1152)
4(1052 1153 6283 6182)
4(1152 6282 6283 1153)
4(1053 1154 6284 6183)
4(1153 6283 6284 1154)
4(1054 1155 6285 6184)
4(1154 6284 6285 1155)
4(1055 1156 6286 6185)
4(1155 6285 6286 1156)
4(1056 1157 6287 6186)
4(1156 6286 6287 1157)
4(1057 1158 6288 6187)
4(1157 6287 6288 1158)
4(1058 1159 6289 6188)
4(1158 6288 6289 1159)
4(1059 1160 6290 6189)
4(1159 6289 6290 1160)
4(1060 1161 6291 6190)
4(1160 6290 6291 1161)
4(1061 1162 6292 6191)
4(1161 6291 6292 1162)
4(1062 1163 6293 6192)
4(1162 6292 6293 1163)
4(1063 1164 6294 6193)
4(1163 6293 6294 1164)
4(1064 1165 6295 6194)
4(1164 6294 6295 1165)
4(1065 1166 6296 6195)
4(1165 6295 6296 1166)
4(1066 1167 6297 6196)
4(1166 6296 6297 1167)
4(1067 1168 6298 6197)
4(1167 6297 6298 1168)
4(1068 1169 6299 6198)
4(1168 6298 6299 1169)
4(1069 1170 6300 6199)
4(1169 6299 6300 1170)
4(1070 1171 6301 6200)
4(1170 6300 6301 1171)
4(1071 1172 6302 6201)
4(1171 6301 6302 1172)
4(1072 1173 6303 6202)
4(1172 6302 6303 1173)
4(1073 1174 6304 6203)
4(1173 6303 6304 1174)
4(1074 1175 6305 6204)
4(1174 6304 6305 1175)
4(1075 1176 6306 6205)
4(1175 6305 6306 1176)
4(1076 1177 6307 6206)
4(1176 6306 6307 1177)
4(1077 1178 6308 6207)
4(1177 6307 6308 1178)
4(1078 1179 6309 6208)
4(1178 6308 6309 1179)
4(1079 1180 6310 6209)
4(1179 6309 6310 1180)
4(1080 1181 6311 6210)
4(1180 6310 6311 1181)
4(1081 1182 6312 6211)
4(1181 6311 6312 1182)
4(1082 1183 6313 6212)
4(1182 6312 6313 1183)
4(1083 1184 6314 6213)
4(1183 6313 6314 1184)
4(1084 1185 6315 6214)
4(1184 6314 6315 1185)
4(1085 1186 6316 6215)
4(1185 6315 6316 1186)
4(1086 1187 6317 6216)
4(1186 6316 6317 1187)
4(1087 1188 6318 6217)
4(1187 6317 6318 1188)
4(1088 1189 6319 6218)
4(1188 6318 6319 1189)
4(1089 1190 6320 6219)
4(1189 6319 6320 1190)
4(1090 1191 6321 6220)
4(1190 6320 6321 1191)
4(1091 1192 6322 6221)
4(1191 6321 6322 1192)
4(1092 1193 6323 6222)
4(1192 6322 6323 1193)
4(1093 1194 6324 6223)
4(1193 6323 6324 1194)
4(1094 1195 6325 6224)
4(1194 6324 6325 1195)
4(1095 1196 6326 6225)
4(1195 6325 6326 1196)
4(1096 1197 6327 6226)
4(1196 6326 6327 1197)
4(1097 1198 6328 6227)
4(1197 6327 6328 1198)
4(1098 1199 6329 6228)
4(1198 6328 6329 1199)
4(1099 1200 6330 6229)
4(1199 6329 6330 1200)
4(1100 1201 6331 6230)
4(1200 6330 6331 1201)
4(1101 1202 6332 6231)
4(1201 6331 6332 1202)
4(1102 1203 6333 6232)
4(1202 6332 6333 1203)
4(1103 1204 6334 6233)
4(1203 6333 6334 1204)
4(1104 1205 6335 6234)
4(1204 6334 6335 1205)
4(1105 1206 6336 6235)
4(1205 6335 6336 1206)
4(1106 1207 6337 6236)
4(1206 6336 6337 1207)
4(1107 1208 6338 6237)
4(1207 6337 6338 1208)
4(1108 1209 6339 6238)
4(1208 6338 6339 1209)
4(1109 1210 6340 6239)
4(1209 6339 6340 1210)
4(1210 6340 6341 1211)
4(1112 1213 6343 6242)
4(1212 6342 6343 1213)
4(1113 1214 6344 6243)
4(1213 6343 6344 1214)
4(1114 1215 6345 6244)
4(1214 6344 6345 1215)
4(1115 1216 6346 6245)
4(1215 6345 6346 1216)
4(1116 1217 6347 6246)
4(1216 6346 6347 1217)
4(1117 1218 6348 6247)
4(1217 6347 6348 1218)
4(1118 1219 6349 6248)
4(1218 6348 6349 1219)
4(1119 1220 6350 6249)
4(1219 6349 6350 1220)
4(1120 1221 6351 6250)
4(1220 6350 6351 1221)
4(1121 1222 6352 6251)
4(1221 6351 6352 1222)
4(1122 1223 6353 6252)
4(1222 6352 6353 1223)
4(1123 1224 6354 6253)
4(1223 6353 6354 1224)
4(1124 1225 6355 6254)
4(1224 6354 6355 1225)
4(1125 1226 6356 6255)
4(1225 6355 6356 1226)
4(1126 1227 6357 6256)
4(1226 6356 6357 1227)
4(1127 1228 6358 6257)
4(1227 6357 6358 1228)
4(1128 1229 6359 6258)
4(1228 6358 6359 1229)
4(1129 1230 6360 6259)
4(1229 6359 6360 1230)
4(1130 1231 6361 6260)
4(1230 6360 6361 1231)
4(1131 1232 6362 6261)
4(1231 6361 6362 1232)
4(1132 1233 6363 6262)
4(1232 6362 6363 1233)
4(1133 1234 6364 6263)
4(1233 6363 6364 1234)
4(1134 1235 6365 6264)
4(1234 6364 6365 1235)
4(1135 1236 6366 6265)
4(1235 6365 6366 1236)
4(1136 1237 6367 6266)
4(1236 6366 6367 1237)
4(1137 1238 6368 6267)
4(1237 6367 6368 1238)
4(1138 1239 6369 6268)
4(1238 6368 6369 1239)
4(1139 1240 6370 6269)
4(1239 6369 6370 1240)
4(1140 1241 6371 6270)
4(1240 6370 6371 1241)
4(1141 1242 6372 6271)
4(1241 6371 6372 1242)
4(1142 1243 6373 6272)
4(1242 6372 6373 1243)
4(1143 1244 6374 6273)
4(1243 6373 6374 1244)
4(1144 1245 6375 6274)
4(1244 6374 6375 1245)
4(1145 1246 6376 6275)
4(1245 6375 6376 1246)
4(1146 1247 6377 6276)
4(1246 6376 6377 1247)
4(1147 1248 6378 6277)
4(1247 6377 6378 1248)
4(1148 1249 6379 6278)
4(1248 6378 6379 1249)
4(1149 1250 6380 6279)
4(1249 6379 6380 1250)
4(1150 1251 6381 6280)
4(1250 6380 6381 1251)
4(1151 1252 6382 6281)
4(1251 6381 6382 1252)
4(1152 1253 6383 6282)
4(1252 6382 6383 1253)
4(1153 1254 6384 6283)
4(1253 6383 6384 1254)
4(1154 1255 6385 6284)
4(1254 6384 6385 1255)
4(1155 1256 6386 6285)
4(1255 6385 6386 1256)
4(1156 1257 6387 6286)
4(1256 6386 6387 1257)
4(1157 1258 6388 6287)
4(1257 6387 6388 1258)
4(1158 1259 6389 6288)
4(1258 6388 6389 1259)
4(1159 1260 6390 6289)
4(1259 6389 6390 1260)
4(1160 1261 6391 6290)
4(1260 6390 6391 1261)
4(1161 1262 6392 6291)
4(1261 6391 6392 1262)
4(1162 1263 6393 6292)
4(1262 6392 6393 1263)
4(1163 1264 6394 6293)
4(1263 6393 6394 1264)
4(1164 1265 6395 6294)
4(1264 6394 6395 1265)
4(1165 1266 6396 6295)
4(1265 6395 6396 1266)
4(1166 1267 6397 6296)
4(1266 6396 6397 1267)
4(1167 1268 6398 6297)
4(1267 6397 6398 1268)
4(1168 1269 6399 6298)
4(1268 6398 6399 1269)
4(1169 1270 6400 6299)
4(1269 6399 6400 1270)
4(1170 1271 6401 6300)
4(1270 6400 6401 1271)
4(1171 1272 6402 6301)
4(1271 6401 6402 1272)
4(1172 1273 6403 6302)
4(1272 6402 6403 1273)
4(1173 1274 6404 6303)
4(1273 6403 6404 1274)
4(1174 1275 6405 6304)
4(1274 6404 6405 1275)
4(1175 1276 6406 6305)
4(1275 6405 6406 1276)
4(1176 1277 6407 6306)
4(1276 6406 6407 1277)
4(1177 1278 6408 6307)
4(1277 6407 6408 1278)
4(1178 1279 6409 6308)
4(1278 6408 6409 1279)
4(1179 1280 6410 6309)
4(1279 6409 6410 1280)
4(1180 1281 6411 6310)
4(1280 6410 6411 1281)
4(1181 1282 6412 6311)
4(1281 6411 6412 1282)
4(1182 1283 6413 6312)
4(1282 6412 6413 1283)
4(1183 1284 6414 6313)
4(1283 6413 6414 1284)
4(1184 1285 6415 6314)
4(1284 6414 6415 1285)
4(1185 1286 6416 6315)
4(1285 6415 6416 1286)
4(1186 1287 6417 6316)
4(1286 6416 6417 1287)
4(1187 1288 6418 6317)
4(1287 6417 6418 1288)
4(1188 1289 6419 6318)
4(1288 6418 6419 1289)
4(1189 1290 6420 6319)
4(1289 6419 6420 1290)
4(1190 1291 6421 6320)
4(1290 6420 6421 1291)
4(1191 1292 6422 6321)
4(1291 6421 6422 1292)
4(1192 1293 6423 6322)
4(1292 6422 6423 1293)
4(1193 1294 6424 6323)
4(1293 6423 6424 1294)
4(1194 1295 6425 6324)
4(1294 6424 6425 1295)
4(1195 1296 6426 6325)
4(1295 6425 6426 1296)
4(1196 1297 6427 6326)
4(1296 6426 6427 1297)
4(1197 1298 6428 6327)
4(1297 6427 6428 1298)
4(1198 1299 6429 6328)
4(1298 6428 6429 1299)
4(1199 1300 6430 6329)
4(1299 6429 6430 1300)
4(1200 1301 6431 6330)
4(1300 6430 6431 1301)
4(1201 1302 6432 6331)
4(1301 6431 6432 1302)
4(1202 1303 6433 6332)
4(1302 6432 6433 1303)
4(1203 1304 6434 6333)
4(1303 6433 6434 1304)
4(1204 1305 6435 6334)
4(1304 6434 6435 1305)
4(1205 1306 6436 6335)
4(1305 6435 6436 1306)
4(1206 1307 6437 6336)
4(1306 6436 6437 1307)
4(1207 1308 6438 6337)
4(1307 6437 6438 1308)
4(1208 1309 6439 6338)
4(1308 6438 6439 1309)
4(1209 1310 6440 6339)
4(1309 6439 6440 1310)
4(1210 1311 6441 6340)
4(1310 6440 6441 1311)
4(1311 6441 6442 1312)
4(1213 1314 6444 6343)
4(1313 6443 6444 1314)
4(1214 1315 6445 6344)
4(1314 6444 6445 1315)
4(1215 1316 6446 6345)
4(1315 6445 6446 1316)
4(1216 1317 6447 6346)
4(1316 6446 6447 1317)
4(1217 1318 6448 6347)
4(1317 6447 6448 1318)
4(1218 1319 6449 6348)
4(1318 6448 6449 1319)
4(1219 1320 6450 6349)
4(1319 6449 6450 1320)
4(1220 1321 6451 6350)
4(1320 6450 6451 1321)
4(1221 1322 6452 6351)
4(1321 6451 6452 1322)
4(1222 1323 6453 6352)
4(1322 6452 6453 1323)
4(1223 1324 6454 6353)
4(1323 6453 6454 1324)
4(1224 1325 6455 6354)
4(1324 6454 6455 1325)
4(1225 1326 6456 6355)
4(1325 6455 6456 1326)
4(1226 1327 6457 6356)
4(1326 6456 6457 1327)
4(1227 1328 6458 6357)
4(1327 6457 6458 1328)
4(1228 1329 6459 6358)
4(1328 6458 6459 1329)
4(1229 1330 6460 6359)
4(1329 6459 6460 1330)
4(1230 1331 6461 6360)
4(1330 6460 6461 1331)
4(1231 1332 6462 6361)
4(1331 6461 6462 1332)
4(1232 1333 6463 6362)
4(1332 6462 6463 1333)
4(1233 1334 6464 6363)
4(1333 6463 6464 1334)
4(1234 1335 6465 6364)
4(1334 6464 6465 1335)
4(1235 1336 6466 6365)
4(1335 6465 6466 1336)
4(1236 1337 6467 6366)
4(1336 6466 6467 1337)
4(1237 1338 6468 6367)
4(1337 6467 6468 1338)
4(1238 1339 6469 6368)
4(1338 6468 6469 1339)
4(1239 1340 6470 6369)
4(1339 6469 6470 1340)
4(1240 1341 6471 6370)
4(1340 6470 6471 1341)
4(1241 1342 6472 6371)
4(1341 6471 6472 1342)
4(1242 1343 6473 6372)
4(1342 6472 6473 1343)
4(1243 1344 6474 6373)
4(1343 6473 6474 1344)
4(1244 1345 6475 6374)
4(1344 6474 6475 1345)
4(1245 1346 6476 6375)
4(1345 6475 6476 1346)
4(1246 1347 6477 6376)
4(1346 6476 6477 1347)
4(1247 1348 6478 6377)
4(1347 6477 6478 1348)
4(1248 1349 6479 6378)
4(1348 6478 6479 1349)
4(1249 1350 6480 6379)
4(1349 6479 6480 1350)
4(1250 1351 6481 6380)
4(1350 6480 6481 1351)
4(1251 1352 6482 6381)
4(1351 6481 6482 1352)
4(1252 1353 6483 6382)
4(1352 6482 6483 1353)
4(1253 1354 6484 6383)
4(1353 6483 6484 1354)
4(1254 1355 6485 6384)
4(1354 6484 6485 1355)
4(1255 1356 6486 6385)
4(1355 6485 6486 1356)
4(1256 1357 6487 6386)
4(1356 6486 6487 1357)
4(1257 1358 6488 6387)
4(1357 6487 6488 1358)
4(1258 1359 6489 6388)
4(1358 6488 6489 1359)
4(1259 1360 6490 6389)
4(1359 6489 6490 1360)
4(1260 1361 6491 6390)
4(1360 6490 6491 1361)
4(1261 1362 6492 6391)
4(1361 6491 6492 1362)
4(1262 1363 6493 6392)
4(1362 6492 6493 1363)
4(1263 1364 6494 6393)
4(1363 6493 6494 1364)
4(1264 1365 6495 6394)
4(1364 6494 6495 1365)
4(1265 1366 6496 6395)
4(1365 6495 6496 1366)
4(1266 1367 6497 6396)
4(1366 6496 6497 1367)
4(1267 1368 6498 6397)
4(1367 6497 6498 1368)
4(1268 1369 6499 6398)
4(1368 6498 6499 1369)
4(1269 1370 6500 6399)
4(1369 6499 6500 1370)
4(1270 1371 6501 6400)
4(1370 6500 6501 1371)
4(1271 1372 6502 6401)
4(1371 6501 6502 1372)
4(1272 1373 6503 6402)
4(1372 6502 6503 1373)
4(1273 1374 6504 6403)
4(1373 6503 6504 1374)
4(1274 1375 6505 6404)
4(1374 6504 6505 1375)
4(1275 1376 6506 6405)
4(1375 6505 6506 1376)
4(1276 1377 6507 6406)
4(1376 6506 6507 1377)
4(1277 1378 6508 6407)
4(1377 6507 6508 1378)
4(1278 1379 6509 6408)
4(1378 6508 6509 1379)
4(1279 1380 6510 6409)
4(1379 6509 6510 1380)
4(1280 1381 6511 6410)
4(1380 6510 6511 1381)
4(1281 1382 6512 6411)
4(1381 6511 6512 1382)
4(1282 1383 6513 6412)
4(1382 6512 6513 1383)
4(1283 1384 6514 6413)
4(1383 6513 6514 1384)
4(1284 1385 6515 6414)
4(1384 6514 6515 1385)
4(1285 1386 6516 6415)
4(1385 6515 6516 1386)
4(1286 1387 6517 6416)
4(1386 6516 6517 1387)
4(1287 1388 6518 6417)
4(1387 6517 6518 1388)
4(1288 1389 6519 6418)
4(1388 6518 6519 1389)
4(1289 1390 6520 6419)
4(1389 6519 6520 1390)
4(1290 1391 6521 6420)
4(1390 6520 6521 1391)
4(1291 1392 6522 6421)
4(1391 6521 6522 1392)
4(1292 1393 6523 6422)
4(1392 6522 6523 1393)
4(1293 1394 6524 6423)
4(1393 6523 6524 1394)
4(1294 1395 6525 6424)
4(1394 6524 6525 1395)
4(1295 1396 6526 6425)
4(1395 6525 6526 1396)
4(1296 1397 6527 6426)
4(1396 6526 6527 1397)
4(1297 1398 6528 6427)
4(1397 6527 6528 1398)
4(1298 1399 6529 6428)
4(1398 6528 6529 1399)
4(1299 1400 6530 6429)
4(1399 6529 6530 1400)
4(1300 1401 6531 6430)
4(1400 6530 6531 1401)
4(1301 1402 6532 6431)
4(1401 6531 6532 1402)
4(1302 1403 6533 6432)
4(1402 6532 6533 1403)
4(1303 1404 6534 6433)
4(1403 6533 6534 1404)
4(1304 1405 6535 6434)
4(1404 6534 6535 1405)
4(1305 1406 6536 6435)
4(1405 6535 6536 1406)
4(1306 1407 6537 6436)
4(1406 6536 6537 1407)
4(1307 1408 6538 6437)
4(1407 6537 6538 1408)
4(1308 1409 6539 6438)
4(1408 6538 6539 1409)
4(1309 1410 6540 6439)
4(1409 6539 6540 1410)
4(1310 1411 6541 6440)
4(1410 6540 6541 1411)
4(1311 1412 6542 6441)
4(1411 6541 6542 1412)
4(1412 6542 6543 1413)
4(1314 1415 6545 6444)
4(1414 6544 6545 1415)
4(1315 1416 6546 6445)
4(1415 6545 6546 1416)
4(1316 1417 6547 6446)
4(1416 6546 6547 1417)
4(1317 1418 6548 6447)
4(1417 6547 6548 1418)
4(1318 1419 6549 6448)
4(1418 6548 6549 1419)
4(1319 1420 6550 6449)
4(1419 6549 6550 1420)
4(1320 1421 6551 6450)
4(1420 6550 6551 1421)
4(1321 1422 6552 6451)
4(1421 6551 6552 1422)
4(1322 1423 6553 6452)
4(1422 6552 6553 1423)
4(1323 1424 6554 6453)
4(1423 6553 6554 1424)
4(1324 1425 6555 6454)
4(1424 6554 6555 1425)
4(1325 1426 6556 6455)
4(1425 6555 6556 1426)
4(1326 1427 6557 6456)
4(1426 6556 6557 1427)
4(1327 1428 6558 6457)
4(1427 6557 6558 1428)
4(1328 1429 6559 6458)
4(1428 6558 6559 1429)
4(1329 1430 6560 6459)
4(1429 6559 6560 1430)
4(1330 1431 6561 6460)
4(1430 6560 6561 1431)
4(1331 1432 6562 6461)
4(1431 6561 6562 1432)
4(1332 1433 6563 6462)
4(1432 6562 6563 1433)
4(1333 1434 6564 6463)
4(1433 6563 6564 1434)
4(1334 1435 6565 6464)
4(1434 6564 6565 1435)
4(1335 1436 6566 6465)
4(1435 6565 6566 1436)
4(1336 1437 6567 6466)
4(1436 6566 6567 1437)
4(1337 1438 6568 6467)
4(1437 6567 6568 1438)
4(1338 1439 6569 6468)
4(1438 6568 6569 1439)
4(1339 1440 6570 6469)
4(1439 6569 6570 1440)
4(1340 1441 6571 6470)
4(1440 6570 6571 1441)
4(1341 1442 6572 6471)
4(1441 6571 6572 1442)
4(1342 1443 6573 6472)
4(1442 6572 6573 1443)
4(1343 1444 6574 6473)
4(1443 6573 6574 1444)
4(1344 1445 6575 6474)
4(1444 6574 6575 1445)
4(1345 1446 6576 6475)
4(1445 6575 6576 1446)
4(1346 1447 6577 6476)
4(1446 6576 6577 1447)
4(1347 1448 6578 6477)
4(1447 6577 6578 1448)
4(1348 1449 6579 6478)
4(1448 6578 6579 1449)
4(1349 1450 6580 6479)
4(1449 6579 6580 1450)
4(1350 1451 6581 6480)
4(1450 6580 6581 1451)
4(1351 1452 6582 6481)
4(1451 6581 6582 1452)
4(1352 1453 6583 6482)
4(1452 6582 6583 1453)
4(1353 1454 6584 6483)
4(1453 6583 6584 1454)
4(1354 1455 6585 6484)
4(1454 6584 6585 1455)
4(1355 1456 6586 6485)
4(1455 6585 6586 1456)
4(1356 1457 6587 6486)
4(1456 6586 6587 1457)
4(1357 1458 6588 6487)
4(1457 6587 6588 1458)
4(1358 1459 6589 6488)
4(1458 6588 6589 1459)
4(1359 1460 6590 6489)
4(1459 6589 6590 1460)
4(1360 1461 6591 6490)
4(1460 6590 6591 1461)
4(1361 1462 6592 6491)
4(1461 6591 6592 1462)
4(1362 1463 6593 6492)
4(1462 6592 6593 1463)
4(1363 1464 6594 6493)
4(1463 6593 6594 1464)
4(1364 1465 6595 6494)
4(1464 6594 6595 1465)
4(1365 1466 6596 6495)
4(1465 6595 6596 1466)
4(1366 1467 6597 6496)
4(1466 6596 6597 1467)
4(1367 1468 6598 6497)
4(1467 6597 6598 1468)
4(1368 1469 6599 6498)
4(1468 6598 6599 1469)
4(1369 1470 6600 6499)
4(1469 6599 6600 1470)
4(1370 1471 6601 6500)
4(1470 6600 6601 1471)
4(1371 1472 6602 6501)
4(1471 6601 6602 1472)
4(1372 1473 6603 6502)
4(1472 6602 6603 1473)
4(1373 1474 6604 6503)
4(1473 6603 6604 1474)
4(1374 1475 6605 6504)
4(1474 6604 6605 1475)
4(1375 1476 6606 6505)
4(1475 6605 6606 1476)
4(1376 1477 6607 6506)
4(1476 6606 6607 1477)
4(1377 1478 6608 6507)
4(1477 6607 6608 1478)
4(1378 1479 6609 6508)
4(1478 6608 6609 1479)
4(1379 1480 6610 6509)
4(1479 6609 6610 1480)
4(1380 1481 6611 6510)
4(1480 6610 6611 1481)
4(1381 1482 6612 6511)
4(1481 6611 6612 1482)
4(1382 1483 6613 6512)
4(1482 6612 6613 1483)
4(1383 1484 6614 6513)
4(1483 6613 6614 1484)
4(1384 1485 6615 6514)
4(1484 6614 6615 1485)
4(1385 1486 6616 6515)
4(1485 6615 6616 1486)
4(1386 1487 6617 6516)
4(1486 6616 6617 1487)
4(1387 1488 6618 6517)
4(1487 6617 6618 1488)
4(1388 1489 6619 6518)
4(1488 6618 6619 1489)
4(1389 1490 6620 6519)
4(1489 6619 6620 1490)
4(1390 1491 6621 6520)
4(1490 6620 6621 1491)
4(1391 1492 6622 6521)
4(1491 6621 6622 1492)
4(1392 1493 6623 6522)
4(1492 6622 6623 1493)
4(1393 1494 6624 6523)
4(1493 6623 6624 1494)
4(1394 1495 6625 6524)
4(1494 6624 6625 1495)
4(1395 1496 6626 6525)
4(1495 6625 6626 1496)
4(1396 1497 6627 6526)
4(1496 6626 6627 1497)
4(1397 1498 6628 6527)
4(1497 6627 6628 1498)
4(1398 1499 6629 6528)
4(1498 6628 6629 1499)
4(1399 1500 6630 6529)
4(1499 6629 6630 1500)
4(1400 1501 6631 6530)
4(1500 6630 6631 1501)
4(1401 1502 6632 6531)
4(1501 6631 6632 1502)
4(1402 1503 6633 6532)
4(1502 6632 6633 1503)
4(1403 1504 6634 6533)
4(1503 6633 6634 1504)
4(1404 1505 6635 6534)
4(1504 6634 6635 1505)
4(1405 1506 6636 6535)
4(1505 6635 6636 1506)
4(1406 1507 6637 6536)
4(1506 6636 6637 1507)
4(1407 1508 6638 6537)
4(1507 6637 6638 1508)
4(1408 1509 6639 6538)
4(1508 6638 6639 1509)
4(1409 1510 6640 6539)
4(1509 6639 6640 1510)
4(1410 1511 6641 6540)
4(1510 6640 6641 1511)
4(1411 1512 6642 6541)
4(1511 6641 6642 1512)
4(1412 1513 6643 6542)
4(1512 6642 6643 1513)
4(1513 6643 6644 1514)
4(1415 1516 6646 6545)
4(1515 6645 6646 1516)
4(1416 1517 6647 6546)
4(1516 6646 6647 1517)
4(1417 1518 6648 6547)
4(1517 6647 6648 1518)
4(1418 1519 6649 6548)
4(1518 6648 6649 1519)
4(1419 1520 6650 6549)
4(1519 6649 6650 1520)
4(1420 1521 6651 6550)
4(1520 6650 6651 1521)
4(1421 1522 6652 6551)
4(1521 6651 6652 1522)
4(1422 1523 6653 6552)
4(1522 6652 6653 1523)
4(1423 1524 6654 6553)
4(1523 6653 6654 1524)
4(1424 1525 6655 6554)
4(1524 6654 6655 1525)
4(1425 1526 6656 6555)
4(1525 6655 6656 1526)
4(1426 1527 6657 6556)
4(1526 6656 6657 1527)
4(1427 1528 6658 6557)
4(1527 6657 6658 1528)
4(1428 1529 6659 6558)
4(1528 6658 6659 1529)
4(1429 1530 6660 6559)
4(1529 6659 6660 1530)
4(1430 1531 6661 6560)
4(1530 6660 6661 1531)
4(1431 1532 6662 6561)
4(1531 6661 6662 1532)
4(1432 1533 6663 6562)
4(1532 6662 6663 1533)
4(1433 1534 6664 6563)
4(1533 6663 6664 1534)
4(1434 1535 6665 6564)
4(1534 6664 6665 1535)
4(1435 1536 6666 6565)
4(1535 6665 6666 1536)
4(1436 1537 6667 6566)
4(1536 6666 6667 1537)
4(1437 1538 6668 6567)
4(1537 6667 6668 1538)
4(1438 1539 6669 6568)
4(1538 6668 6669 1539)
4(1439 1540 6670 6569)
4(1539 6669 6670 1540)
4(1440 1541 6671 6570)
4(1540 6670 6671 1541)
4(1441 1542 6672 6571)
4(1541 6671 6672 1542)
4(1442 1543 6673 6572)
4(1542 6672 6673 1543)
4(1443 1544 6674 6573)
4(1543 6673 6674 1544)
4(1444 1545 6675 6574)
4(1544 6674 6675 1545)
4(1445 1546 6676 6575)
4(1545 6675 6676 1546)
4(1446 1547 6677 6576)
4(1546 6676 6677 1547)
4(1447 1548 6678 6577)
4(1547 6677 6678 1548)
4(1448 1549 6679 6578)
4(1548 6678 6679 1549)
4(1449 1550 6680 6579)
4(1549 6679 6680 1550)
4(1450 1551 6681 6580)
4(1550 6680 6681 1551)
4(1451 1552 6682 6581)
4(1551 6681 6682 1552)
4(1452 1553 6683 6582)
4(1552 6682 6683 1553)
4(1453 1554 6684 6583)
4(1553 6683 6684 1554)
4(1454 1555 6685 6584)
4(1554 6684 6685 1555)
4(1455 1556 6686 6585)
4(1555 6685 6686 1556)
4(1456 1557 6687 6586)
4(1556 6686 6687 1557)
4(1457 1558 6688 6587)
4(1557 6687 6688 1558)
4(1458 1559 6689 6588)
4(1558 6688 6689 1559)
4(1459 1560 6690 6589)
4(1559 6689 6690 1560)
4(1460 1561 6691 6590)
4(1560 6690 6691 1561)
4(1461 1562 6692 6591)
4(1561 6691 6692 1562)
4(1462 1563 6693 6592)
4(1562 6692 6693 1563)
4(1463 1564 6694 6593)
4(1563 6693 6694 1564)
4(1464 1565 6695 6594)
4(1564 6694 6695 1565)
4(1465 1566 6696 6595)
4(1565 6695 6696 1566)
4(1466 1567 6697 6596)
4(1566 6696 6697 1567)
4(1467 1568 6698 6597)
4(1567 6697 6698 1568)
4(1468 1569 6699 6598)
4(1568 6698 6699 1569)
4(1469 1570 6700 6599)
4(1569 6699 6700 1570)
4(1470 1571 6701 6600)
4(1570 6700 6701 1571)
4(1471 1572 6702 6601)
4(1571 6701 6702 1572)
4(1472 1573 6703 6602)
4(1572 6702 6703 1573)
4(1473 1574 6704 6603)
4(1573 6703 6704 1574)
4(1474 1575 6705 6604)
4(1574 6704 6705 1575)
4(1475 1576 6706 6605)
4(1575 6705 6706 1576)
4(1476 1577 6707 6606)
4(1576 6706 6707 1577)
4(1477 1578 6708 6607)
4(1577 6707 6708 1578)
4(1478 1579 6709 6608)
4(1578 6708 6709 1579)
4(1479 1580 6710 6609)
4(1579 6709 6710 1580)
4(1480 1581 6711 6610)
4(1580 6710 6711 1581)
4(1481 1582 6712 6611)
4(1581 6711 6712 1582)
4(1482 1583 6713 6612)
4(1582 6712 6713 1583)
4(1483 1584 6714 6613)
4(1583 6713 6714 1584)
4(1484 1585 6715 6614)
4(1584 6714 6715 1585)
4(1485 1586 6716 6615)
4(1585 6715 6716 1586)
4(1486 1587 6717 6616)
4(1586 6716 6717 1587)
4(1487 1588 6718 6617)
4(1587 6717 6718 1588)
4(1488 1589 6719 6618)
4(1588 6718 6719 1589)
4(1489 1590 6720 6619)
4(1589 6719 6720 1590)
4(1490 1591 6721 6620)
4(1590 6720 6721 1591)
4(1491 1592 6722 6621)
4(1591 6721 6722 1592)
4(1492 1593 6723 6622)
4(1592 6722 6723 1593)
4(1493 1594 6724 6623)
4(1593 6723 6724 1594)
4(1494 1595 6725 6624)
4(1594 6724 6725 1595)
4(1495 1596 6726 6625)
4(1595 6725 6726 1596)
4(1496 1597 6727 6626)
4(1596 6726 6727 1597)
4(1497 1598 6728 6627)
4(1597 6727 6728 1598)
4(1498 1599 6729 6628)
4(1598 6728 6729 1599)
4(1499 1600 6730 6629)
4(1599 6729 6730 1600)
4(1500 1601 6731 6630)
4(1600 6730 6731 1601)
4(1501 1602 6732 6631)
4(1601 6731 6732 1602)
4(1502 1603 6733 6632)
4(1602 6732 6733 1603)
4(1503 1604 6734 6633)
4(1603 6733 6734 1604)
4(1504 1605 6735 6634)
4(1604 6734 6735 1605)
4(1505 1606 6736 6635)
4(1605 6735 6736 1606)
4(1506 1607 6737 6636)
4(1606 6736 6737 1607)
4(1507 1608 6738 6637)
4(1607 6737 6738 1608)
4(1508 1609 6739 6638)
4(1608 6738 6739 1609)
4(1509 1610 6740 6639)
4(1609 6739 6740 1610)
4(1510 1611 6741 6640)
4(1610 6740 6741 1611)
4(1511 1612 6742 6641)
4(1611 6741 6742 1612)
4(1512 1613 6743 6642)
4(1612 6742 6743 1613)
4(1513 1614 6744 6643)
4(1613 6743 6744 1614)
4(1614 6744 6745 1615)
4(1516 1617 6747 6646)
4(1616 6746 6747 1617)
4(1517 1618 6748 6647)
4(1617 6747 6748 1618)
4(1518 1619 6749 6648)
4(1618 6748 6749 1619)
4(1519 1620 6750 6649)
4(1619 6749 6750 1620)
4(1520 1621 6751 6650)
4(1620 6750 6751 1621)
4(1521 1622 6752 6651)
4(1621 6751 6752 1622)
4(1522 1623 6753 6652)
4(1622 6752 6753 1623)
4(1523 1624 6754 6653)
4(1623 6753 6754 1624)
4(1524 1625 6755 6654)
4(1624 6754 6755 1625)
4(1525 1626 6756 6655)
4(1625 6755 6756 1626)
4(1526 1627 6757 6656)
4(1626 6756 6757 1627)
4(1527 1628 6758 6657)
4(1627 6757 6758 1628)
4(1528 1629 6759 6658)
4(1628 6758 6759 1629)
4(1529 1630 6760 6659)
4(1629 6759 6760 1630)
4(1530 1631 6761 6660)
4(1630 6760 6761 1631)
4(1531 1632 6762 6661)
4(1631 6761 6762 1632)
4(1532 1633 6763 6662)
4(1632 6762 6763 1633)
4(1533 1634 6764 6663)
4(1633 6763 6764 1634)
4(1534 1635 6765 6664)
4(1634 6764 6765 1635)
4(1535 1636 6766 6665)
4(1635 6765 6766 1636)
4(1536 1637 6767 6666)
4(1636 6766 6767 1637)
4(1537 1638 6768 6667)
4(1637 6767 6768 1638)
4(1538 1639 6769 6668)
4(1638 6768 6769 1639)
4(1539 1640 6770 6669)
4(1639 6769 6770 1640)
4(1540 1641 6771 6670)
4(1640 6770 6771 1641)
4(1541 1642 6772 6671)
4(1641 6771 6772 1642)
4(1542 1643 6773 6672)
4(1642 6772 6773 1643)
4(1543 1644 6774 6673)
4(1643 6773 6774 1644)
4(1544 1645 6775 6674)
4(1644 6774 6775 1645)
4(1545 1646 6776 6675)
4(1645 6775 6776 1646)
4(1546 1647 6777 6676)
4(1646 6776 6777 1647)
4(1547 1648 6778 6677)
4(1647 6777 6778 1648)
4(1548 1649 6779 6678)
4(1648 6778 6779 1649)
4(1549 1650 6780 6679)
4(1649 6779 6780 1650)
4(1550 1651 6781 6680)
4(1650 6780 6781 1651)
4(1551 1652 6782 6681)
4(1651 6781 6782 1652)
4(1552 1653 6783 6682)
4(1652 6782 6783 1653)
4(1553 1654 6784 6683)
4(1653 6783 6784 1654)
4(1554 1655 6785 6684)
4(1654 6784 6785 1655)
4(1555 1656 6786 6685)
4(1655 6785 6786 1656)
4(1556 1657 6787 6686)
4(1656 6786 6787 1657)
4(1557 1658 6788 6687)
4(1657 6787 6788 1658)
4(1558 1659 6789 6688)
4(1658 6788 6789 1659)
4(1559 1660 6790 6689)
4(1659 6789 6790 1660)
4(1560 1661 6791 6690)
4(1660 6790 6791 1661)
4(1561 1662 6792 6691)
4(1661 6791 6792 1662)
4(1562 1663 6793 6692)
4(1662 6792 6793 1663)
4(1563 1664 6794 6693)
4(1663 6793 6794 1664)
4(1564 1665 6795 6694)
4(1664 6794 6795 1665)
4(1565 1666 6796 6695)
4(1665 6795 6796 1666)
4(1566 1667 6797 6696)
4(1666 6796 6797 1667)
4(1567 1668 6798 6697)
4(1667 6797 6798 1668)
4(1568 1669 6799 6698)
4(1668 6798 6799 1669)
4(1569 1670 6800 6699)
4(1669 6799 6800 1670)
4(1570 1671 6801 6700)
4(1670 6800 6801 1671)
4(1571 1672 6802 6701)
4(1671 6801 6802 1672)
4(1572 1673 6803 6702)
4(1672 6802 6803 1673)
4(1573 1674 6804 6703)
4(1673 6803 6804 1674)
4(1574 1675 6805 6704)
4(1674 6804 6805 1675)
4(1575 1676 6806 6705)
4(1675 6805 6806 1676)
4(1576 1677 6807 6706)
4(1676 6806 6807 1677)
4(1577 1678 6808 6707)
4(1677 6807 6808 1678)
4(1578 1679 6809 6708)
4(1678 6808 6809 1679)
4(1579 1680 6810 6709)
4(1679 6809 6810 1680)
4(1580 1681 6811 6710)
4(1680 6810 6811 1681)
4(1581 1682 6812 6711)
4(1681 6811 6812 1682)
4(1582 1683 6813 6712)
4(1682 6812 6813 1683)
4(1583 1684 6814 6713)
4(1683 6813 6814 1684)
4(1584 1685 6815 6714)
4(1684 6814 6815 1685)
4(1585 1686 6816 6715)
4(1685 6815 6816 1686)
4(1586 1687 6817 6716)
4(1686 6816 6817 1687)
4(1587 1688 6818 6717)
4(1687 6817 6818 1688)
4(1588 1689 6819 6718)
4(1688 6818 6819 1689)
4(1589 1690 6820 6719)
4(1689 6819 6820 1690)
4(1590 1691 6821 6720)
4(1690 6820 6821 1691)
4(1591 1692 6822 6721)
4(1691 6821 6822 1692)
4(1592 1693 6823 6722)
4(1692 6822 6823 1693)
4(1593 1694 6824 6723)
4(1693 6823 6824 1694)
4(1594 1695 6825 6724)
4(1694 6824 6825 1695)
4(1595 1696 6826 6725)
4(1695 6825 6826 1696)
4(1596 1697 6827 6726)
4(1696 6826 6827 1697)
4(1597 1698 6828 6727)
4(1697 6827 6828 1698)
4(1598 1699 6829 6728)
4(1698 6828 6829 1699)
4(1599 1700 6830 6729)
4(1699 6829 6830 1700)
4(1600 1701 6831 6730)
4(1700 6830 6831 1701)
4(1601 1702 6832 6731)
4(1701 6831 6832 1702)
4(1602 1703 6833 6732)
4(1702 6832 6833 1703)
4(1603 1704 6834 6733)
4(1703 6833 6834 1704)
4(1604 1705 6835 6734)
4(1704 6834 6835 1705)
4(1605 1706 6836 6735)
4(1705 6835 6836 1706)
4(1606 1707 6837 6736)
4(1706 6836 6837 1707)
4(1607 1708 6838 6737)
4(1707 6837 6838 1708)
4(1608 1709 6839 6738)
4(1708 6838 6839 1709)
4(1609 1710 6840 6739)
4(1709 6839 6840 1710)
4(1610 1711 6841 6740)
4(1710 6840 6841 1711)
4(1611 1712 6842 6741)
4(1711 6841 6842 1712)
4(1612 1713 6843 6742)
4(1712 6842 6843 1713)
4(1613 1714 6844 6743)
4(1713 6843 6844 1714)
4(1614 1715 6845 6744)
4(1714 6844 6845 1715)
4(1715 6845 6846 1716)
4(1617 1718 6848 6747)
4(1717 6847 6848 1718)
4(1618 1719 6849 6748)
4(1718 6848 6849 1719)
4(1619 1720 6850 6749)
4(1719 6849 6850 1720)
4(1620 1721 6851 6750)
4(1720 6850 6851 1721)
4(1621 1722 6852 6751)
4(1721 6851 6852 1722)
4(1622 1723 6853 6752)
4(1722 6852 6853 1723)
4(1623 1724 6854 6753)
4(1723 6853 6854 1724)
4(1624 1725 6855 6754)
4(1724 6854 6855 1725)
4(1625 1726 6856 6755)
4(1725 6855 6856 1726)
4(1626 1727 6857 6756)
4(1726 6856 6857 1727)
4(1627 1728 6858 6757)
4(1727 6857 6858 1728)
4(1628 1729 6859 6758)
4(1728 6858 6859 1729)
4(1629 1730 6860 6759)
4(1729 6859 6860 1730)
4(1630 1731 6861 6760)
4(1730 6860 6861 1731)
4(1631 1732 6862 6761)
4(1731 6861 6862 1732)
4(1632 1733 6863 6762)
4(1732 6862 6863 1733)
4(1633 1734 6864 6763)
4(1733 6863 6864 1734)
4(1634 1735 6865 6764)
4(1734 6864 6865 1735)
4(1635 1736 6866 6765)
4(1735 6865 6866 1736)
4(1636 1737 6867 6766)
4(1736 6866 6867 1737)
4(1637 1738 6868 6767)
4(1737 6867 6868 1738)
4(1638 1739 6869 6768)
4(1738 6868 6869 1739)
4(1639 1740 6870 6769)
4(1739 6869 6870 1740)
4(1640 1741 6871 6770)
4(1740 6870 6871 1741)
4(1641 1742 6872 6771)
4(1741 6871 6872 1742)
4(1642 1743 6873 6772)
4(1742 6872 6873 1743)
4(1643 1744 6874 6773)
4(1743 6873 6874 1744)
4(1644 1745 6875 6774)
4(1744 6874 6875 1745)
4(1645 1746 6876 6775)
4(1745 6875 6876 1746)
4(1646 1747 6877 6776)
4(1746 6876 6877 1747)
4(1647 1748 6878 6777)
4(1747 6877 6878 1748)
4(1648 1749 6879 6778)
4(1748 6878 6879 1749)
4(1649 1750 6880 6779)
4(1749 6879 6880 1750)
4(1650 1751 6881 6780)
4(1750 6880 6881 1751)
4(1651 1752 6882 6781)
4(1751 6881 6882 1752)
4(1652 1753 6883 6782)
4(1752 6882 6883 1753)
4(1653 1754 6884 6783)
4(1753 6883 6884 1754)
4(1654 1755 6885 6784)
4(1754 6884 6885 1755)
4(1655 1756 6886 6785)
4(1755 6885 6886 1756)
4(1656 1757 6887 6786)
4(1756 6886 6887 1757)
4(1657 1758 6888 6787)
4(1757 6887 6888 1758)
4(1658 1759 6889 6788)
4(1758 6888 6889 1759)
4(1659 1760 6890 6789)
4(1759 6889 6890 1760)
4(1660 1761 6891 6790)
4(1760 6890 6891 1761)
4(1661 1762 6892 6791)
4(1761 6891 6892 1762)
4(1662 1763 6893 6792)
4(1762 6892 6893 1763)
4(1663 1764 6894 6793)
4(1763 6893 6894 1764)
4(1664 1765 6895 6794)
4(1764 6894 6895 1765)
4(1665 1766 6896 6795)
4(1765 6895 6896 1766)
4(1666 1767 6897 6796)
4(1766 6896 6897 1767)
4(1667 1768 6898 6797)
4(1767 6897 6898 1768)
4(1668 1769 6899 6798)
4(1768 6898 6899 1769)
4(1669 1770 6900 6799)
4(1769 6899 6900 1770)
4(1670 1771 6901 6800)
4(1770 6900 6901 1771)
4(1671 1772 6902 6801)
4(1771 6901 6902 1772)
4(1672 1773 6903 6802)
4(1772 6902 6903 1773)
4(1673 1774 6904 6803)
4(1773 6903 6904 1774)
4(1674 1775 6905 6804)
4(1774 6904 6905 1775)
4(1675 1776 6906 6805)
4(1775 6905 6906 1776)
4(1676 1777 6907 6806)
4(1776 6906 6907 1777)
4(1677 1778 6908 6807)
4(1777 6907 6908 1778)
4(1678 1779 6909 6808)
4(1778 6908 6909 1779)
4(1679 1780 6910 6809)
4(1779 6909 6910 1780)
4(1680 1781 6911 6810)
4(1780 6910 6911 1781)
4(1681 1782 6912 6811)
4(1781 6911 6912 1782)
4(1682 1783 6913 6812)
4(1782 6912 6913 1783)
4(1683 1784 6914 6813)
4(1783 6913 6914 1784)
4(1684 1785 6915 6814)
4(1784 6914 6915 1785)
4(1685 1786 6916 6815)
4(1785 6915 6916 1786)
4(1686 1787 6917 6816)
4(1786 6916 6917 1787)
4(1687 1788 6918 6817)
4(1787 6917 6918 1788)
4(1688 1789 6919 6818)
4(1788 6918 6919 1789)
4(1689 1790 6920 6819)
4(1789 6919 6920 1790)
4(1690 1791 6921 6820)
4(1790 6920 6921 1791)
4(1691 1792 6922 6821)
4(1791 6921 6922 1792)
4(1692 1793 6923 6822)
4(1792 6922 6923 1793)
4(1693 1794 6924 6823)
4(1793 6923 6924 1794)
4(1694 1795 6925 6824)
4(1794 6924 6925 1795)
4(1695 1796 6926 6825)
4(1795 6925 6926 1796)
4(1696 1797 6927 6826)
4(1796 6926 6927 1797)
4(1697 1798 6928 6827)
4(1797 6927 6928 1798)
4(1698 1799 6929 6828)
4(1798 6928 6929 1799)
4(1699 1800 6930 6829)
4(1799 6929 6930 1800)
4(1700 1801 6931 6830)
4(1800 6930 6931 1801)
4(1701 1802 6932 6831)
4(1801 6931 6932 1802)
4(1702 1803 6933 6832)
4(1802 6932 6933 1803)
4(1703 1804 6934 6833)
4(1803 6933 6934 1804)
4(1704 1805 6935 6834)
4(1804 6934 6935 1805)
4(1705 1806 6936 6835)
4(1805 6935 6936 1806)
4(1706 1807 6937 6836)
4(1806 6936 6937 1807)
4(1707 1808 6938 6837)
4(1807 6937 6938 1808)
4(1708 1809 6939 6838)
4(1808 6938 6939 1809)
4(1709 1810 6940 6839)
4(1809 6939 6940 1810)
4(1710 1811 6941 6840)
4(1810 6940 6941 1811)
4(1711 1812 6942 6841)
4(1811 6941 6942 1812)
4(1712 1813 6943 6842)
4(1812 6942 6943 1813)
4(1713 1814 6944 6843)
4(1813 6943 6944 1814)
4(1714 1815 6945 6844)
4(1814 6944 6945 1815)
4(1715 1816 6946 6845)
4(1815 6945 6946 1816)
4(1816 6946 6947 1817)
4(1718 1819 6949 6848)
4(1818 6948 6949 1819)
4(1719 1820 6950 6849)
4(1819 6949 6950 1820)
4(1720 1821 6951 6850)
4(1820 6950 6951 1821)
4(1721 1822 6952 6851)
4(1821 6951 6952 1822)
4(1722 1823 6953 6852)
4(1822 6952 6953 1823)
4(1723 1824 6954 6853)
4(1823 6953 6954 1824)
4(1724 1825 6955 6854)
4(1824 6954 6955 1825)
4(1725 1826 6956 6855)
4(1825 6955 6956 1826)
4(1726 1827 6957 6856)
4(1826 6956 6957 1827)
4(1727 1828 6958 6857)
4(1827 6957 6958 1828)
4(1728 1829 6959 6858)
4(1828 6958 6959 1829)
4(1729 1830 6960 6859)
4(1829 6959 6960 1830)
4(1730 1831 6961 6860)
4(1830 6960 6961 1831)
4(1731 1832 6962 6861)
4(1831 6961 6962 1832)
4(1732 1833 6963 6862)
4(1832 6962 6963 1833)
4(1733 1834 6964 6863)
4(1833 6963 6964 1834)
4(1734 1835 6965 6864)
4(1834 6964 6965 1835)
4(1735 1836 6966 6865)
4(1835 6965 6966 1836)
4(1736 1837 6967 6866)
4(1836 6966 6967 1837)
4(1737 1838 6968 6867)
4(1837 6967 6968 1838)
4(1738 1839 6969 6868)
4(1838 6968 6969 1839)
4(1739 1840 6970 6869)
4(1839 6969 6970 1840)
4(1740 1841 6971 6870)
4(1840 6970 6971 1841)
4(1741 1842 6972 6871)
4(1841 6971 6972 1842)
4(1742 1843 6973 6872)
4(1842 6972 6973 1843)
4(1743 1844 6974 6873)
4(1843 6973 6974 1844)
4(1744 1845 6975 6874)
4(1844 6974 6975 1845)
4(1745 1846 6976 6875)
4(1845 6975 6976 1846)
4(1746 1847 6977 6876)
4(1846 6976 6977 1847)
4(1747 1848 6978 6877)
4(1847 6977 6978 1848)
4(1748 1849 6979 6878)
4(1848 6978 6979 1849)
4(1749 1850 6980 6879)
4(1849 6979 6980 1850)
4(1750 1851 6981 6880)
4(1850 6980 6981 1851)
4(1751 1852 6982 6881)
4(1851 6981 6982 1852)
4(1752 1853 6983 6882)
4(1852 6982 6983 1853)
4(1753 1854 6984 6883)
4(1853 6983 6984 1854)
4(1754 1855 6985 6884)
4(1854 6984 6985 1855)
4(1755 1856 6986 6885)
4(1855 6985 6986 1856)
4(1756 1857 6987 6886)
4(1856 6986 6987 1857)
4(1757 1858 6988 6887)
4(1857 6987 6988 1858)
4(1758 1859 6989 6888)
4(1858 6988 6989 1859)
4(1759 1860 6990 6889)
4(1859 6989 6990 1860)
4(1760 1861 6991 6890)
4(1860 6990 6991 1861)
4(1761 1862 6992 6891)
4(1861 6991 6992 1862)
4(1762 1863 6993 6892)
4(1862 6992 6993 1863)
4(1763 1864 6994 6893)
4(1863 6993 6994 1864)
4(1764 1865 6995 6894)
4(1864 6994 6995 1865)
4(1765 1866 6996 6895)
4(1865 6995 6996 1866)
4(1766 1867 6997 6896)
4(1866 6996 6997 1867)
4(1767 1868 6998 6897)
4(1867 6997 6998 1868)
4(1768 1869 6999 6898)
4(1868 6998 6999 1869)
4(1769 1870 7000 6899)
4(1869 6999 7000 1870)
4(1770 1871 7001 6900)
4(1870 7000 7001 1871)
4(1771 1872 7002 6901)
4(1871 7001 7002 1872)
4(1772 1873 7003 6902)
4(1872 7002 7003 1873)
4(1773 1874 7004 6903)
4(1873 7003 7004 1874)
4(1774 1875 7005 6904)
4(1874 7004 7005 1875)
4(1775 1876 7006 6905)
4(1875 7005 7006 1876)
4(1776 1877 7007 6906)
4(1876 7006 7007 1877)
4(1777 1878 7008 6907)
4(1877 7007 7008 1878)
4(1778 1879 7009 6908)
4(1878 7008 7009 1879)
4(1779 1880 7010 6909)
4(1879 7009 7010 1880)
4(1780 1881 7011 6910)
4(1880 7010 7011 1881)
4(1781 1882 7012 6911)
4(1881 7011 7012 1882)
4(1782 1883 7013 6912)
4(1882 7012 7013 1883)
4(1783 1884 7014 6913)
4(1883 7013 7014 1884)
4(1784 1885 7015 6914)
4(1884 7014 7015 1885)
4(1785 1886 7016 6915)
4(1885 7015 7016 1886)
4(1786 1887 7017 6916)
4(1886 7016 7017 1887)
4(1787 1888 7018 6917)
4(1887 7017 7018 1888)
4(1788 1889 7019 6918)
4(1888 7018 7019 1889)
4(1789 1890 7020 6919)
4(1889 7019 7020 1890)
4(1790 1891 7021 6920)
4(1890 7020 7021 1891)
4(1791 1892 7022 6921)
4(1891 7021 7022 1892)
4(1792 1893 7023 6922)
4(1892 7022 7023 1893)
4(1793 1894 7024 6923)
4(1893 7023 7024 1894)
4(1794 1895 7025 6924)
4(1894 7024 7025 1895)
4(1795 1896 7026 6925)
4(1895 7025 7026 1896)
4(1796 1897 7027 6926)
4(1896 7026 7027 1897)
4(1797 1898 7028 6927)
4(1897 7027 7028 1898)
4(1798 1899 7029 6928)
4(1898 7028 7029 1899)
4(1799 1900 7030 6929)
4(1899 7029 7030 1900)
4(1800 1901 7031 6930)
4(1900 7030 7031 1901)
4(1801 1902 7032 6931)
4(1901 7031 7032 1902)
4(1802 1903 7033 6932)
4(1902 7032 7033 1903)
4(1803 1904 7034 6933)
4(1903 7033 7034 1904)
4(1804 1905 7035 6934)
4(1904 7034 7035 1905)
4(1805 1906 7036 6935)
4(1905 7035 7036 1906)
4(1806 1907 7037 6936)
4(1906 7036 7037 1907)
4(1807 1908 7038 6937)
4(1907 7037 7038 1908)
4(1808 1909 7039 6938)
4(1908 7038 7039 1909)
4(1809 1910 7040 6939)
4(1909 7039 7040 1910)
4(1810 1911 7041 6940)
4(1910 7040 7041 1911)
4(1811 1912 7042 6941)
4(1911 7041 7042 1912)
4(1812 1913 7043 6942)
4(1912 7042 7043 1913)
4(1813 1914 7044 6943)
4(1913 7043 7044 1914)
4(1814 1915 7045 6944)
4(1914 7044 7045 1915)
4(1815 1916 7046 6945)
4(1915 7045 7046 1916)
4(1816 1917 7047 6946)
4(1916 7046 7047 1917)
4(1917 7047 7048 1918)
4(1819 1920 7050 6949)
4(1919 7049 7050 1920)
4(1820 1921 7051 6950)
4(1920 7050 7051 1921)
4(1821 1922 7052 6951)
4(1921 7051 7052 1922)
4(1822 1923 7053 6952)
4(1922 7052 7053 1923)
4(1823 1924 7054 6953)
4(1923 7053 7054 1924)
4(1824 1925 7055 6954)
4(1924 7054 7055 1925)
4(1825 1926 7056 6955)
4(1925 7055 7056 1926)
4(1826 1927 7057 6956)
4(1926 7056 7057 1927)
4(1827 1928 7058 6957)
4(1927 7057 7058 1928)
4(1828 1929 7059 6958)
4(1928 7058 7059 1929)
4(1829 1930 7060 6959)
4(1929 7059 7060 1930)
4(1830 1931 7061 6960)
4(1930 7060 7061 1931)
4(1831 1932 7062 6961)
4(1931 7061 7062 1932)
4(1832 1933 7063 6962)
4(1932 7062 7063 1933)
4(1833 1934 7064 6963)
4(1933 7063 7064 1934)
4(1834 1935 7065 6964)
4(1934 7064 7065 1935)
4(1835 1936 7066 6965)
4(1935 7065 7066 1936)
4(1836 1937 7067 6966)
4(1936 7066 7067 1937)
4(1837 1938 7068 6967)
4(1937 7067 7068 1938)
4(1838 1939 7069 6968)
4(1938 7068 7069 1939)
4(1839 1940 7070 6969)
4(1939 7069 7070 1940)
4(1840 1941 7071 6970)
4(1940 7070 7071 1941)
4(1841 1942 7072 6971)
4(1941 7071 7072 1942)
4(1842 1943 7073 6972)
4(1942 7072 7073 1943)
4(1843 1944 7074 6973)
4(1943 7073 7074 1944)
4(1844 1945 7075 6974)
4(1944 7074 7075 1945)
4(1845 1946 7076 6975)
4(1945 7075 7076 1946)
4(1846 1947 7077 6976)
4(1946 7076 7077 1947)
4(1847 1948 7078 6977)
4(1947 7077 7078 1948)
4(1848 1949 7079 6978)
4(1948 7078 7079 1949)
4(1849 1950 7080 6979)
4(1949 7079 7080 1950)
4(1850 1951 7081 6980)
4(1950 7080 7081 1951)
4(1851 1952 7082 6981)
4(1951 7081 7082 1952)
4(1852 1953 7083 6982)
4(1952 7082 7083 1953)
4(1853 1954 7084 6983)
4(1953 7083 7084 1954)
4(1854 1955 7085 6984)
4(1954 7084 7085 1955)
4(1855 1956 7086 6985)
4(1955 7085 7086 1956)
4(1856 1957 7087 6986)
4(1956 7086 7087 1957)
4(1857 1958 7088 6987)
4(1957 7087 7088 1958)
4(1858 1959 7089 6988)
4(1958 7088 7089 1959)
4(1859 1960 7090 6989)
4(1959 7089 7090 1960)
4(1860 1961 7091 6990)
4(1960 7090 7091 1961)
4(1861 1962 7092 6991)
4(1961 7091 7092 1962)
4(1862 1963 7093 6992)
4(1962 7092 7093 1963)
4(1863 1964 7094 6993)
4(1963 7093 7094 1964)
4(1864 1965 7095 6994)
4(1964 7094 7095 1965)
4(1865 1966 7096 6995)
4(1965 7095 7096 1966)
4(1866 1967 7097 6996)
4(1966 7096 7097 1967)
4(1867 1968 7098 6997)
4(1967 7097 7098 1968)
4(1868 1969 7099 6998)
4(1968 7098 7099 1969)
4(1869 1970 7100 6999)
4(1969 7099 7100 1970)
4(1870 1971 7101 7000)
4(1970 7100 7101 1971)
4(1871 1972 7102 7001)
4(1971 7101 7102 1972)
4(1872 1973 7103 7002)
4(1972 7102 7103 1973)
4(1873 1974 7104 7003)
4(1973 7103 7104 1974)
4(1874 1975 7105 7004)
4(1974 7104 7105 1975)
4(1875 1976 7106 7005)
4(1975 7105 7106 1976)
4(1876 1977 7107 7006)
4(1976 7106 7107 1977)
4(1877 1978 7108 7007)
4(1977 7107 7108 1978)
4(1878 1979 7109 7008)
4(1978 7108 7109 1979)
4(1879 1980 7110 7009)
4(1979 7109 7110 1980)
4(1880 1981 7111 7010)
4(1980 7110 7111 1981)
4(1881 1982 7112 7011)
4(1981 7111 7112 1982)
4(1882 1983 7113 7012)
4(1982 7112 7113 1983)
4(1883 1984 7114 7013)
4(1983 7113 7114 1984)
4(1884 1985 7115 7014)
4(1984 7114 7115 1985)
4(1885 1986 7116 7015)
4(1985 7115 7116 1986)
4(1886 1987 7117 7016)
4(1986 7116 7117 1987)
4(1887 1988 7118 7017)
4(1987 7117 7118 1988)
4(1888 1989 7119 7018)
4(1988 7118 7119 1989)
4(1889 1990 7120 7019)
4(1989 7119 7120 1990)
4(1890 1991 7121 7020)
4(1990 7120 7121 1991)
4(1891 1992 7122 7021)
4(1991 7121 7122 1992)
4(1892 1993 7123 7022)
4(1992 7122 7123 1993)
4(1893 1994 7124 7023)
4(1993 7123 7124 1994)
4(1894 1995 7125 7024)
4(1994 7124 7125 1995)
4(1895 1996 7126 7025)
4(1995 7125 7126 1996)
4(1896 1997 7127 7026)
4(1996 7126 7127 1997)
4(1897 1998 7128 7027)
4(1997 7127 7128 1998)
4(1898 1999 7129 7028)
4(1998 7128 7129 1999)
4(1899 2000 7130 7029)
4(1999 7129 7130 2000)
4(1900 2001 7131 7030)
4(2000 7130 7131 2001)
4(1901 2002 7132 7031)
4(2001 7131 7132 2002)
4(1902 2003 7133 7032)
4(2002 7132 7133 2003)
4(1903 2004 7134 7033)
4(2003 7133 7134 2004)
4(1904 2005 7135 7034)
4(2004 7134 7135 2005)
4(1905 2006 7136 7035)
4(2005 7135 7136 2006)
4(1906 2007 7137 7036)
4(2006 7136 7137 2007)
4(1907 2008 7138 7037)
4(2007 7137 7138 2008)
4(1908 2009 7139 7038)
4(2008 7138 7139 2009)
4(1909 2010 7140 7039)
4(2009 7139 7140 2010)
4(1910 2011 7141 7040)
4(2010 7140 7141 2011)
4(1911 2012 7142 7041)
4(2011 7141 7142 2012)
4(1912 2013 7143 7042)
4(2012 7142 7143 2013)
4(1913 2014 7144 7043)
4(2013 7143 7144 2014)
4(1914 2015 7145 7044)
4(2014 7144 7145 2015)
4(1915 2016 7146 7045)
4(2015 7145 7146 2016)
4(1916 2017 7147 7046)
4(2016 7146 7147 2017)
4(1917 2018 7148 7047)
4(2017 7147 7148 2018)
4(2018 7148 7149 2019)
4(1920 2021 7151 7050)
4(2020 7150 7151 2021)
4(1921 2022 7152 7051)
4(2021 7151 7152 2022)
4(1922 2023 7153 7052)
4(2022 7152 7153 2023)
4(1923 2024 7154 7053)
4(2023 7153 7154 2024)
4(1924 2025 7155 7054)
4(2024 7154 7155 2025)
4(1925 2026 7156 7055)
4(2025 7155 7156 2026)
4(1926 2027 7157 7056)
4(2026 7156 7157 2027)
4(1927 2028 7158 7057)
4(2027 7157 7158 2028)
4(1928 2029 7159 7058)
4(2028 7158 7159 2029)
4(1929 2030 7160 7059)
4(2029 7159 7160 2030)
4(1930 2031 7161 7060)
4(2030 7160 7161 2031)
4(1931 2032 7162 7061)
4(2031 7161 7162 2032)
4(1932 2033 7163 7062)
4(2032 7162 7163 2033)
4(1933 2034 7164 7063)
4(2033 7163 7164 2034)
4(1934 2035 7165 7064)
4(2034 7164 7165 2035)
4(1935 2036 7166 7065)
4(2035 7165 7166 2036)
4(1936 2037 7167 7066)
4(2036 7166 7167 2037)
4(1937 2038 7168 7067)
4(2037 7167 7168 2038)
4(1938 2039 7169 7068)
4(2038 7168 7169 2039)
4(1939 2040 7170 7069)
4(2039 7169 7170 2040)
4(1940 2041 7171 7070)
4(2040 7170 7171 2041)
4(1941 2042 7172 7071)
4(2041 7171 7172 2042)
4(1942 2043 7173 7072)
4(2042 7172 7173 2043)
4(1943 2044 7174 7073)
4(2043 7173 7174 2044)
4(1944 2045 7175 7074)
4(2044 7174 7175 2045)
4(1945 2046 7176 7075)
4(2045 7175 7176 2046)
4(1946 2047 7177 7076)
4(2046 7176 7177 2047)
4(1947 2048 7178 7077)
4(2047 7177 7178 2048)
4(1948 2049 7179 7078)
4(2048 7178 7179 2049)
4(1949 2050 7180 7079)
4(2049 7179 7180 2050)
4(1950 2051 7181 7080)
4(2050 7180 7181 2051)
4(1951 2052 7182 7081)
4(2051 7181 7182 2052)
4(1952 2053 7183 7082)
4(2052 7182 7183 2053)
4(1953 2054 7184 7083)
4(2053 7183 7184 2054)
4(1954 2055 7185 7084)
4(2054 7184 7185 2055)
4(1955 2056 7186 7085)
4(2055 7185 7186 2056)
4(1956 2057 7187 7086)
4(2056 7186 7187 2057)
4(1957 2058 7188 7087)
4(2057 7187 7188 2058)
4(1958 2059 7189 7088)
4(2058 7188 7189 2059)
4(1959 2060 7190 7089)
4(2059 7189 7190 2060)
4(1960 2061 7191 7090)
4(2060 7190 7191 2061)
4(1961 2062 7192 7091)
4(2061 7191 7192 2062)
4(1962 2063 7193 7092)
4(2062 7192 7193 2063)
4(1963 2064 7194 7093)
4(2063 7193 7194 2064)
4(1964 2065 7195 7094)
4(2064 7194 7195 2065)
4(1965 2066 7196 7095)
4(2065 7195 7196 2066)
4(1966 2067 7197 7096)
4(2066 7196 7197 2067)
4(1967 2068 7198 7097)
4(2067 7197 7198 2068)
4(1968 2069 7199 7098)
4(2068 7198 7199 2069)
4(1969 2070 7200 7099)
4(2069 7199 7200 2070)
4(1970 2071 7201 7100)
4(2070 7200 7201 2071)
4(1971 2072 7202 7101)
4(2071 7201 7202 2072)
4(1972 2073 7203 7102)
4(2072 7202 7203 2073)
4(1973 2074 7204 7103)
4(2073 7203 7204 2074)
4(1974 2075 7205 7104)
4(2074 7204 7205 2075)
4(1975 2076 7206 7105)
4(2075 7205 7206 2076)
4(1976 2077 7207 7106)
4(2076 7206 7207 2077)
4(1977 2078 7208 7107)
4(2077 7207 7208 2078)
4(1978 2079 7209 7108)
4(2078 7208 7209 2079)
4(1979 2080 7210 7109)
4(2079 7209 7210 2080)
4(1980 2081 7211 7110)
4(2080 7210 7211 2081)
4(1981 2082 7212 7111)
4(2081 7211 7212 2082)
4(1982 2083 7213 7112)
4(2082 7212 7213 2083)
4(1983 2084 7214 7113)
4(2083 7213 7214 2084)
4(1984 2085 7215 7114)
4(2084 7214 7215 2085)
4(1985 2086 7216 7115)
4(2085 7215 7216 2086)
4(1986 2087 7217 7116)
4(2086 7216 7217 2087)
4(1987 2088 7218 7117)
4(2087 7217 7218 2088)
4(1988 2089 7219 7118)
4(2088 7218 7219 2089)
4(1989 2090 7220 7119)
4(2089 7219 7220 2090)
4(1990 2091 7221 7120)
4(2090 7220 7221 2091)
4(1991 2092 7222 7121)
4(2091 7221 7222 2092)
4(1992 2093 7223 7122)
4(2092 7222 7223 2093)
4(1993 2094 7224 7123)
4(2093 7223 7224 2094)
4(1994 2095 7225 7124)
4(2094 7224 7225 2095)
4(1995 2096 7226 7125)
4(2095 7225 7226 2096)
4(1996 2097 7227 7126)
4(2096 7226 7227 2097)
4(1997 2098 7228 7127)
4(2097 7227 7228 2098)
4(1998 2099 7229 7128)
4(2098 7228 7229 2099)
4(1999 2100 7230 7129)
4(2099 7229 7230 2100)
4(2000 2101 7231 7130)
4(2100 7230 7231 2101)
4(2001 2102 7232 7131)
4(2101 7231 7232 2102)
4(2002 2103 7233 7132)
4(2102 7232 7233 2103)
4(2003 2104 7234 7133)
4(2103 7233 7234 2104)
4(2004 2105 7235 7134)
4(2104 7234 7235 2105)
4(2005 2106 7236 7135)
4(2105 7235 7236 2106)
4(2006 2107 7237 7136)
4(2106 7236 7237 2107)
4(2007 2108 7238 7137)
4(2107 7237 7238 2108)
4(2008 2109 7239 7138)
4(2108 7238 7239 2109)
4(2009 2110 7240 7139)
4(2109 7239 7240 2110)
4(2010 2111 7241 7140)
4(2110 7240 7241 2111)
4(2011 2112 7242 7141)
4(2111 7241 7242 2112)
4(2012 2113 7243 7142)
4(2112 7242 7243 2113)
4(2013 2114 7244 7143)
4(2113 7243 7244 2114)
4(2014 2115 7245 7144)
4(2114 7244 7245 2115)
4(2015 2116 7246 7145)
4(2115 7245 7246 2116)
4(2016 2117 7247 7146)
4(2116 7246 7247 2117)
4(2017 2118 7248 7147)
4(2117 7247 7248 2118)
4(2018 2119 7249 7148)
4(2118 7248 7249 2119)
4(2119 7249 7250 2120)
4(2021 2122 7252 7151)
4(2121 7251 7252 2122)
4(2022 2123 7253 7152)
4(2122 7252 7253 2123)
4(2023 2124 7254 7153)
4(2123 7253 7254 2124)
4(2024 2125 7255 7154)
4(2124 7254 7255 2125)
4(2025 2126 7256 7155)
4(2125 7255 7256 2126)
4(2026 2127 7257 7156)
4(2126 7256 7257 2127)
4(2027 2128 7258 7157)
4(2127 7257 7258 2128)
4(2028 2129 7259 7158)
4(2128 7258 7259 2129)
4(2029 2130 7260 7159)
4(2129 7259 7260 2130)
4(2030 2131 7261 7160)
4(2130 7260 7261 2131)
4(2031 2132 7262 7161)
4(2131 7261 7262 2132)
4(2032 2133 7263 7162)
4(2132 7262 7263 2133)
4(2033 2134 7264 7163)
4(2133 7263 7264 2134)
4(2034 2135 7265 7164)
4(2134 7264 7265 2135)
4(2035 2136 7266 7165)
4(2135 7265 7266 2136)
4(2036 2137 7267 7166)
4(2136 7266 7267 2137)
4(2037 2138 7268 7167)
4(2137 7267 7268 2138)
4(2038 2139 7269 7168)
4(2138 7268 7269 2139)
4(2039 2140 7270 7169)
4(2139 7269 7270 2140)
4(2040 2141 7271 7170)
4(2140 7270 7271 2141)
4(2041 2142 7272 7171)
4(2141 7271 7272 2142)
4(2042 2143 7273 7172)
4(2142 7272 7273 2143)
5(2043 2144 11422 7274 7173)
5(2143 7273 7274 11422 2144)
5(2044 2145 10542 7275 7174)
4(2144 11422 11524 11420)
4(2145 11420 11524 10542)
4(7274 11452 11524 11422)
4(7275 10542 11524 11452)
5(2045 2146 10545 7276 7175)
4(2145 10542 11048 10540)
4(2146 10540 11048 10545)
4(7275 10652 11048 10542)
4(7276 10545 11048 10652)
5(2046 2147 10547 7277 7176)
4(2146 10545 11049 10543)
4(2147 10543 11049 10547)
4(7276 10654 11049 10545)
4(7277 10547 11049 10654)
5(2047 2148 11425 7278 7177)
4(2147 10547 11525 11423)
4(2148 11423 11525 11425)
4(7277 11454 11525 10547)
4(7278 11425 11525 11454)
4(2048 2149 7279 7178)
5(2148 11425 7278 7279 2149)
4(2049 2150 7280 7179)
4(2149 7279 7280 2150)
4(2050 2151 7281 7180)
4(2150 7280 7281 2151)
4(2051 2152 7282 7181)
4(2151 7281 7282 2152)
4(2052 2153 7283 7182)
4(2152 7282 7283 2153)
4(2053 2154 7284 7183)
4(2153 7283 7284 2154)
4(2054 2155 7285 7184)
4(2154 7284 7285 2155)
4(2055 2156 7286 7185)
4(2155 7285 7286 2156)
4(2056 2157 7287 7186)
4(2156 7286 7287 2157)
4(2057 2158 7288 7187)
4(2157 7287 7288 2158)
4(2058 2159 7289 7188)
4(2158 7288 7289 2159)
4(2059 2160 7290 7189)
4(2159 7289 7290 2160)
4(2060 2161 7291 7190)
4(2160 7290 7291 2161)
4(2061 2162 7292 7191)
4(2161 7291 7292 2162)
4(2062 2163 7293 7192)
4(2162 7292 7293 2163)
4(2063 2164 7294 7193)
4(2163 7293 7294 2164)
4(2064 2165 7295 7194)
4(2164 7294 7295 2165)
4(2065 2166 7296 7195)
4(2165 7295 7296 2166)
4(2066 2167 7297 7196)
4(2166 7296 7297 2167)
4(2067 2168 7298 7197)
4(2167 7297 7298 2168)
4(2068 2169 7299 7198)
4(2168 7298 7299 2169)
4(2069 2170 7300 7199)
4(2169 7299 7300 2170)
4(2070 2171 7301 7200)
4(2170 7300 7301 2171)
4(2071 2172 7302 7201)
4(2171 7301 7302 2172)
4(2072 2173 7303 7202)
4(2172 7302 7303 2173)
4(2073 2174 7304 7203)
4(2173 7303 7304 2174)
4(2074 2175 7305 7204)
4(2174 7304 7305 2175)
4(2075 2176 7306 7205)
4(2175 7305 7306 2176)
4(2076 2177 7307 7206)
4(2176 7306 7307 2177)
4(2077 2178 7308 7207)
4(2177 7307 7308 2178)
4(2078 2179 7309 7208)
4(2178 7308 7309 2179)
4(2079 2180 7310 7209)
4(2179 7309 7310 2180)
4(2080 2181 7311 7210)
4(2180 7310 7311 2181)
4(2081 2182 7312 7211)
4(2181 7311 7312 2182)
4(2082 2183 7313 7212)
4(2182 7312 7313 2183)
4(2083 2184 7314 7213)
4(2183 7313 7314 2184)
4(2084 2185 7315 7214)
4(2184 7314 7315 2185)
4(2085 2186 7316 7215)
4(2185 7315 7316 2186)
4(2086 2187 7317 7216)
4(2186 7316 7317 2187)
4(2087 2188 7318 7217)
4(2187 7317 7318 2188)
4(2088 2189 7319 7218)
4(2188 7318 7319 2189)
4(2089 2190 7320 7219)
4(2189 7319 7320 2190)
4(2090 2191 7321 7220)
4(2190 7320 7321 2191)
4(2091 2192 7322 7221)
4(2191 7321 7322 2192)
4(2092 2193 7323 7222)
4(2192 7322 7323 2193)
4(2093 2194 7324 7223)
4(2193 7323 7324 2194)
4(2094 2195 7325 7224)
4(2194 7324 7325 2195)
4(2095 2196 7326 7225)
4(2195 7325 7326 2196)
4(2096 2197 7327 7226)
4(2196 7326 7327 2197)
4(2097 2198 7328 7227)
4(2197 7327 7328 2198)
4(2098 2199 7329 7228)
4(2198 7328 7329 2199)
4(2099 2200 7330 7229)
4(2199 7329 7330 2200)
4(2100 2201 7331 7230)
4(2200 7330 7331 2201)
4(2101 2202 7332 7231)
4(2201 7331 7332 2202)
4(2102 2203 7333 7232)
4(2202 7332 7333 2203)
4(2103 2204 7334 7233)
4(2203 7333 7334 2204)
4(2104 2205 7335 7234)
4(2204 7334 7335 2205)
4(2105 2206 7336 7235)
4(2205 7335 7336 2206)
4(2106 2207 7337 7236)
4(2206 7336 7337 2207)
4(2107 2208 7338 7237)
4(2207 7337 7338 2208)
4(2108 2209 7339 7238)
4(2208 7338 7339 2209)
4(2109 2210 7340 7239)
4(2209 7339 7340 2210)
4(2110 2211 7341 7240)
4(2210 7340 7341 2211)
4(2111 2212 7342 7241)
4(2211 7341 7342 2212)
4(2112 2213 7343 7242)
4(2212 7342 7343 2213)
4(2113 2214 7344 7243)
4(2213 7343 7344 2214)
4(2114 2215 7345 7244)
4(2214 7344 7345 2215)
4(2115 2216 7346 7245)
4(2215 7345 7346 2216)
4(2116 2217 7347 7246)
4(2216 7346 7347 2217)
4(2117 2218 7348 7247)
4(2217 7347 7348 2218)
4(2118 2219 7349 7248)
4(2218 7348 7349 2219)
4(2119 2220 7350 7249)
4(2219 7349 7350 2220)
4(2220 7350 7351 2221)
4(2122 2223 7353 7252)
4(2222 7352 7353 2223)
4(2123 2224 7354 7253)
4(2223 7353 7354 2224)
4(2124 2225 7355 7254)
4(2224 7354 7355 2225)
4(2125 2226 7356 7255)
4(2225 7355 7356 2226)
4(2126 2227 7357 7256)
4(2226 7356 7357 2227)
4(2127 2228 7358 7257)
4(2227 7357 7358 2228)
4(2128 2229 7359 7258)
4(2228 7358 7359 2229)
4(2129 2230 7360 7259)
4(2229 7359 7360 2230)
4(2130 2231 7361 7260)
4(2230 7360 7361 2231)
4(2131 2232 7362 7261)
4(2231 7361 7362 2232)
4(2132 2233 7363 7262)
4(2232 7362 7363 2233)
4(2133 2234 7364 7263)
4(2233 7363 7364 2234)
4(2134 2235 7365 7264)
4(2234 7364 7365 2235)
4(2135 2236 7366 7265)
4(2235 7365 7366 2236)
4(2136 2237 7367 7266)
4(2236 7366 7367 2237)
4(2137 2238 7368 7267)
4(2237 7367 7368 2238)
4(2138 2239 7369 7268)
4(2238 7368 7369 2239)
4(2139 2240 7370 7269)
4(2239 7369 7370 2240)
4(2140 2241 7371 7270)
4(2240 7370 7371 2241)
4(2141 2242 7372 7271)
4(2241 7371 7372 2242)
4(2142 2243 7373 7272)
4(2242 7372 7373 2243)
5(2143 2244 10550 7374 7273)
5(2243 7373 7374 10550 2244)
4(2144 11421 11526 11422)
4(2244 10550 11050 10548)
4(2245 10548 11050 10276)
4(7374 10657 11050 10550)
4(7375 10276 11050 10657)
4(2245 10276 11526 11421)
4(7274 11422 11526 11453)
4(7375 11453 11526 10276)
4(11524 11420 11583 11396)
4(11583 11421 11526 11396)
4(11526 11422 11524 11396)
4(11048 10540 11315 10464)
4(11315 10541 11051 10464)
4(11051 10542 11048 10464)
4(2145 10542 11051 10541)
4(2146 10545 11052 10544)
4(11049 10543 11318 10465)
4(11318 10544 11052 10465)
4(11052 10545 11049 10465)
4(2147 10547 11057 10546)
4(11525 11423 11585 11397)
4(11585 10546 11057 11397)
4(11057 10547 11525 11397)
5(2149 2250 10563 7380 7279)
4(2249 10280 11062 10561)
4(2250 10561 11062 10563)
4(7379 10669 11062 10280)
4(7380 10563 11062 10669)
4(2148 11425 11529 11424)
4(2249 11424 11529 10280)
4(7278 11455 11529 11425)
4(7379 10280 11529 11455)
4(2150 2251 7381 7280)
5(2250 10563 7380 7381 2251)
4(2151 2252 7382 7281)
4(2251 7381 7382 2252)
4(2152 2253 7383 7282)
4(2252 7382 7383 2253)
4(2153 2254 7384 7283)
4(2253 7383 7384 2254)
4(2154 2255 7385 7284)
4(2254 7384 7385 2255)
4(2155 2256 7386 7285)
4(2255 7385 7386 2256)
4(2156 2257 7387 7286)
4(2256 7386 7387 2257)
4(2157 2258 7388 7287)
4(2257 7387 7388 2258)
4(2158 2259 7389 7288)
4(2258 7388 7389 2259)
4(2159 2260 7390 7289)
4(2259 7389 7390 2260)
4(2160 2261 7391 7290)
4(2260 7390 7391 2261)
4(2161 2262 7392 7291)
4(2261 7391 7392 2262)
4(2162 2263 7393 7292)
4(2262 7392 7393 2263)
4(2163 2264 7394 7293)
4(2263 7393 7394 2264)
4(2164 2265 7395 7294)
4(2264 7394 7395 2265)
4(2165 2266 7396 7295)
4(2265 7395 7396 2266)
4(2166 2267 7397 7296)
4(2266 7396 7397 2267)
4(2167 2268 7398 7297)
4(2267 7397 7398 2268)
4(2168 2269 7399 7298)
4(2268 7398 7399 2269)
4(2169 2270 7400 7299)
4(2269 7399 7400 2270)
4(2170 2271 7401 7300)
4(2270 7400 7401 2271)
4(2171 2272 7402 7301)
4(2271 7401 7402 2272)
4(2172 2273 7403 7302)
4(2272 7402 7403 2273)
4(2173 2274 7404 7303)
4(2273 7403 7404 2274)
4(2174 2275 7405 7304)
4(2274 7404 7405 2275)
4(2175 2276 7406 7305)
4(2275 7405 7406 2276)
4(2176 2277 7407 7306)
4(2276 7406 7407 2277)
4(2177 2278 7408 7307)
4(2277 7407 7408 2278)
4(2178 2279 7409 7308)
4(2278 7408 7409 2279)
4(2179 2280 7410 7309)
4(2279 7409 7410 2280)
4(2180 2281 7411 7310)
4(2280 7410 7411 2281)
4(2181 2282 7412 7311)
4(2281 7411 7412 2282)
4(2182 2283 7413 7312)
4(2282 7412 7413 2283)
4(2183 2284 7414 7313)
4(2283 7413 7414 2284)
4(2184 2285 7415 7314)
4(2284 7414 7415 2285)
4(2185 2286 7416 7315)
4(2285 7415 7416 2286)
4(2186 2287 7417 7316)
4(2286 7416 7417 2287)
4(2187 2288 7418 7317)
4(2287 7417 7418 2288)
4(2188 2289 7419 7318)
4(2288 7418 7419 2289)
4(2189 2290 7420 7319)
4(2289 7419 7420 2290)
4(2190 2291 7421 7320)
4(2290 7420 7421 2291)
4(2191 2292 7422 7321)
4(2291 7421 7422 2292)
4(2192 2293 7423 7322)
4(2292 7422 7423 2293)
4(2193 2294 7424 7323)
4(2293 7423 7424 2294)
4(2194 2295 7425 7324)
4(2294 7424 7425 2295)
4(2195 2296 7426 7325)
4(2295 7425 7426 2296)
4(2196 2297 7427 7326)
4(2296 7426 7427 2297)
4(2197 2298 7428 7327)
4(2297 7427 7428 2298)
4(2198 2299 7429 7328)
4(2298 7428 7429 2299)
4(2199 2300 7430 7329)
4(2299 7429 7430 2300)
4(2200 2301 7431 7330)
4(2300 7430 7431 2301)
4(2201 2302 7432 7331)
4(2301 7431 7432 2302)
4(2202 2303 7433 7332)
4(2302 7432 7433 2303)
4(2203 2304 7434 7333)
4(2303 7433 7434 2304)
4(2204 2305 7435 7334)
4(2304 7434 7435 2305)
4(2205 2306 7436 7335)
4(2305 7435 7436 2306)
4(2206 2307 7437 7336)
4(2306 7436 7437 2307)
4(2207 2308 7438 7337)
4(2307 7437 7438 2308)
4(2208 2309 7439 7338)
4(2308 7438 7439 2309)
4(2209 2310 7440 7339)
4(2309 7439 7440 2310)
4(2210 2311 7441 7340)
4(2310 7440 7441 2311)
4(2211 2312 7442 7341)
4(2311 7441 7442 2312)
4(2212 2313 7443 7342)
4(2312 7442 7443 2313)
4(2213 2314 7444 7343)
4(2313 7443 7444 2314)
4(2214 2315 7445 7344)
4(2314 7444 7445 2315)
4(2215 2316 7446 7345)
4(2315 7445 7446 2316)
4(2216 2317 7447 7346)
4(2316 7446 7447 2317)
4(2217 2318 7448 7347)
4(2317 7447 7448 2318)
4(2218 2319 7449 7348)
4(2318 7448 7449 2319)
4(2219 2320 7450 7349)
4(2319 7449 7450 2320)
4(2220 2321 7451 7350)
4(2320 7450 7451 2321)
4(2321 7451 7452 2322)
4(2223 2324 7454 7353)
4(2323 7453 7454 2324)
4(2224 2325 7455 7354)
4(2324 7454 7455 2325)
4(2225 2326 7456 7355)
4(2325 7455 7456 2326)
4(2226 2327 7457 7356)
4(2326 7456 7457 2327)
4(2227 2328 7458 7357)
4(2327 7457 7458 2328)
4(2228 2329 7459 7358)
4(2328 7458 7459 2329)
4(2229 2330 7460 7359)
4(2329 7459 7460 2330)
4(2230 2331 7461 7360)
4(2330 7460 7461 2331)
4(2231 2332 7462 7361)
4(2331 7461 7462 2332)
4(2232 2333 7463 7362)
4(2332 7462 7463 2333)
4(2233 2334 7464 7363)
4(2333 7463 7464 2334)
4(2234 2335 7465 7364)
4(2334 7464 7465 2335)
4(2235 2336 7466 7365)
4(2335 7465 7466 2336)
4(2236 2337 7467 7366)
4(2336 7466 7467 2337)
4(2237 2338 7468 7367)
4(2337 7467 7468 2338)
4(2238 2339 7469 7368)
4(2338 7468 7469 2339)
4(2239 2340 7470 7369)
4(2339 7469 7470 2340)
4(2240 2341 7471 7370)
4(2340 7470 7471 2341)
4(2241 2342 7472 7371)
4(2341 7471 7472 2342)
4(2242 2343 7473 7372)
4(2342 7472 7473 2343)
5(2243 2344 11430 7474 7373)
5(2343 7473 7474 11430 2344)
4(2244 10549 11063 10550)
4(2344 11430 11532 11428)
4(2345 10281 11063 10549)
4(7374 10550 11063 10658)
4(7475 10658 11063 10281)
4(2345 11428 11532 10281)
4(7474 11458 11532 11430)
4(7475 10281 11532 11458)
4(11050 10548 11310 10466)
4(11310 10549 11063 10466)
4(11063 10550 11050 10466)
6(10392 10276 10388 11476 10260 10748)
5(2245 10276 10392 10880 10301)
4(10260 10751 11068 10748)
4(10301 10880 11068 10881)
4(10392 10748 11068 10880)
4(10436 10881 11068 10751)
5(2245 10300 11492 10388 10276)
4(10260 11476 11533 10751)
4(10300 11493 11533 11492)
4(10388 11492 11533 11476)
4(10436 10751 11533 11493)
4(2246 10551 11069 10553)
4(2246 10552 11053 10551)
4(11069 10551 11053 10467)
4(11053 10552 11316 10467)
4(11316 10553 11069 10467)
4(2247 10554 11073 10557)
4(2247 10556 11058 10554)
4(11073 10554 11058 10468)
4(11058 10556 11319 10468)
4(11319 10557 11073 10468)
4(2248 10558 11077 10560)
4(2248 11427 11530 10558)
4(11077 10558 11530 11398)
4(11530 11427 11586 11398)
4(11586 10560 11077 11398)
5(2249 10280 10398 10895 10308)
4(11062 10561 11322 10469)
5(11322 10308 10895 10398 10469)
4(10398 10280 11062 10469)
5(2251 2349 11433 7479 7381)
4(2348 10284 11536 11431)
4(2250 10563 11079 10562)
4(2348 10562 11079 10284)
4(7380 10670 11079 10563)
4(7478 10284 11079 10670)
4(2349 11431 11536 11433)
4(7478 11460 11536 10284)
4(7479 11433 11536 11460)
4(2252 2350 7480 7382)
5(2349 11433 7479 7480 2350)
4(2253 2351 7481 7383)
4(2350 7480 7481 2351)
4(2254 2352 7482 7384)
4(2351 7481 7482 2352)
4(2255 2353 7483 7385)
4(2352 7482 7483 2353)
4(2256 2354 7484 7386)
4(2353 7483 7484 2354)
4(2257 2355 7485 7387)
4(2354 7484 7485 2355)
4(2258 2356 7486 7388)
4(2355 7485 7486 2356)
4(2259 2357 7487 7389)
4(2356 7486 7487 2357)
4(2260 2358 7488 7390)
4(2357 7487 7488 2358)
4(2261 2359 7489 7391)
4(2358 7488 7489 2359)
4(2262 2360 7490 7392)
4(2359 7489 7490 2360)
4(2263 2361 7491 7393)
4(2360 7490 7491 2361)
4(2264 2362 7492 7394)
4(2361 7491 7492 2362)
4(2265 2363 7493 7395)
4(2362 7492 7493 2363)
4(2266 2364 7494 7396)
4(2363 7493 7494 2364)
4(2267 2365 7495 7397)
4(2364 7494 7495 2365)
4(2268 2366 7496 7398)
4(2365 7495 7496 2366)
4(2269 2367 7497 7399)
4(2366 7496 7497 2367)
4(2270 2368 7498 7400)
4(2367 7497 7498 2368)
4(2271 2369 7499 7401)
4(2368 7498 7499 2369)
4(2272 2370 7500 7402)
4(2369 7499 7500 2370)
4(2273 2371 7501 7403)
4(2370 7500 7501 2371)
4(2274 2372 7502 7404)
4(2371 7501 7502 2372)
4(2275 2373 7503 7405)
4(2372 7502 7503 2373)
4(2276 2374 7504 7406)
4(2373 7503 7504 2374)
4(2277 2375 7505 7407)
4(2374 7504 7505 2375)
4(2278 2376 7506 7408)
4(2375 7505 7506 2376)
4(2279 2377 7507 7409)
4(2376 7506 7507 2377)
4(2280 2378 7508 7410)
4(2377 7507 7508 2378)
4(2281 2379 7509 7411)
4(2378 7508 7509 2379)
4(2282 2380 7510 7412)
4(2379 7509 7510 2380)
4(2283 2381 7511 7413)
4(2380 7510 7511 2381)
4(2284 2382 7512 7414)
4(2381 7511 7512 2382)
4(2285 2383 7513 7415)
4(2382 7512 7513 2383)
4(2286 2384 7514 7416)
4(2383 7513 7514 2384)
4(2287 2385 7515 7417)
4(2384 7514 7515 2385)
4(2288 2386 7516 7418)
4(2385 7515 7516 2386)
4(2289 2387 7517 7419)
4(2386 7516 7517 2387)
4(2290 2388 7518 7420)
4(2387 7517 7518 2388)
4(2291 2389 7519 7421)
4(2388 7518 7519 2389)
4(2292 2390 7520 7422)
4(2389 7519 7520 2390)
4(2293 2391 7521 7423)
4(2390 7520 7521 2391)
4(2294 2392 7522 7424)
4(2391 7521 7522 2392)
4(2295 2393 7523 7425)
4(2392 7522 7523 2393)
4(2296 2394 7524 7426)
4(2393 7523 7524 2394)
4(2297 2395 7525 7427)
4(2394 7524 7525 2395)
4(2298 2396 7526 7428)
4(2395 7525 7526 2396)
4(2299 2397 7527 7429)
4(2396 7526 7527 2397)
4(2300 2398 7528 7430)
4(2397 7527 7528 2398)
4(2301 2399 7529 7431)
4(2398 7528 7529 2399)
4(2302 2400 7530 7432)
4(2399 7529 7530 2400)
4(2303 2401 7531 7433)
4(2400 7530 7531 2401)
4(2304 2402 7532 7434)
4(2401 7531 7532 2402)
4(2305 2403 7533 7435)
4(2402 7532 7533 2403)
4(2306 2404 7534 7436)
4(2403 7533 7534 2404)
4(2307 2405 7535 7437)
4(2404 7534 7535 2405)
4(2308 2406 7536 7438)
4(2405 7535 7536 2406)
4(2309 2407 7537 7439)
4(2406 7536 7537 2407)
4(2310 2408 7538 7440)
4(2407 7537 7538 2408)
4(2311 2409 7539 7441)
4(2408 7538 7539 2409)
4(2312 2410 7540 7442)
4(2409 7539 7540 2410)
4(2313 2411 7541 7443)
4(2410 7540 7541 2411)
4(2314 2412 7542 7444)
4(2411 7541 7542 2412)
4(2315 2413 7543 7445)
4(2412 7542 7543 2413)
4(2316 2414 7544 7446)
4(2413 7543 7544 2414)
4(2317 2415 7545 7447)
4(2414 7544 7545 2415)
4(2318 2416 7546 7448)
4(2415 7545 7546 2416)
4(2319 2417 7547 7449)
4(2416 7546 7547 2417)
4(2320 2418 7548 7450)
4(2417 7547 7548 2418)
4(2321 2419 7549 7451)
4(2418 7548 7549 2419)
4(2419 7549 7550 2420)
4(2324 2422 7552 7454)
4(2421 7551 7552 2422)
4(2325 2423 7553 7455)
4(2422 7552 7553 2423)
4(2326 2424 7554 7456)
4(2423 7553 7554 2424)
4(2327 2425 7555 7457)
4(2424 7554 7555 2425)
4(2328 2426 7556 7458)
4(2425 7555 7556 2426)
4(2329 2427 7557 7459)
4(2426 7556 7557 2427)
4(2330 2428 7558 7460)
4(2427 7557 7558 2428)
4(2331 2429 7559 7461)
4(2428 7558 7559 2429)
4(2332 2430 7560 7462)
4(2429 7559 7560 2430)
4(2333 2431 7561 7463)
4(2430 7560 7561 2431)
4(2334 2432 7562 7464)
4(2431 7561 7562 2432)
4(2335 2433 7563 7465)
4(2432 7562 7563 2433)
4(2336 2434 7564 7466)
4(2433 7563 7564 2434)
4(2337 2435 7565 7467)
4(2434 7564 7565 2435)
4(2338 2436 7566 7468)
4(2435 7565 7566 2436)
4(2339 2437 7567 7469)
4(2436 7566 7567 2437)
4(2340 2438 7568 7470)
4(2437 7567 7568 2438)
4(2341 2439 7569 7471)
4(2438 7568 7569 2439)
4(2342 2440 7570 7472)
4(2439 7569 7570 2440)
4(2343 2441 7571 7473)
4(2440 7570 7571 2441)
4(2344 11429 11537 11430)
5(2441 7571 7572 10578 2442)
4(2442 10578 11537 11429)
4(7474 11430 11537 11459)
4(7572 11459 11537 10578)
4(11532 11428 11580 11399)
4(11580 11429 11537 11399)
4(11537 11430 11532 11399)
6(10401 10281 10393 10768 10264 11478)
5(2345 10309 10897 10393 10281)
4(10264 10768 11085 10771)
4(10309 10898 11085 10897)
4(10393 10897 11085 10768)
4(10432 10771 11085 10898)
5(2345 10281 10401 11496 10310)
4(10264 10771 11540 11478)
4(10310 11496 11540 11497)
4(10401 11478 11540 11496)
4(10432 11497 11540 10771)
4(2346 10567 11086 10564)
4(2346 10564 11087 10568)
3(11087 10564 11086)
4(2347 10571 11088 10575)
4(2347 10574 11080 10571)
4(11088 10571 11080 10470)
4(11080 10574 11323 10470)
4(11323 10575 11088 10470)
5(2348 10284 10405 11498 10316)
4(11536 11431 11588 11400)
5(11588 10316 11498 10405 11400)
4(10405 10284 11536 11400)
4(2350 2446 7576 7480)
5(2445 10589 7575 7576 2446)
4(2349 11433 11541 11432)
4(2445 11432 11541 10589)
4(7479 11461 11541 11433)
4(7575 10589 11541 11461)
4(2351 2447 7577 7481)
4(2446 7576 7577 2447)
4(2352 2448 7578 7482)
4(2447 7577 7578 2448)
4(2353 2449 7579 7483)
4(2448 7578 7579 2449)
4(2354 2450 7580 7484)
4(2449 7579 7580 2450)
4(2355 2451 7581 7485)
4(2450 7580 7581 2451)
4(2356 2452 7582 7486)
4(2451 7581 7582 2452)
4(2357 2453 7583 7487)
4(2452 7582 7583 2453)
4(2358 2454 7584 7488)
4(2453 7583 7584 2454)
4(2359 2455 7585 7489)
4(2454 7584 7585 2455)
4(2360 2456 7586 7490)
4(2455 7585 7586 2456)
4(2361 2457 7587 7491)
4(2456 7586 7587 2457)
4(2362 2458 7588 7492)
4(2457 7587 7588 2458)
4(2363 2459 7589 7493)
4(2458 7588 7589 2459)
4(2364 2460 7590 7494)
4(2459 7589 7590 2460)
4(2365 2461 7591 7495)
4(2460 7590 7591 2461)
4(2366 2462 7592 7496)
4(2461 7591 7592 2462)
4(2367 2463 7593 7497)
4(2462 7592 7593 2463)
4(2368 2464 7594 7498)
4(2463 7593 7594 2464)
4(2369 2465 7595 7499)
4(2464 7594 7595 2465)
4(2370 2466 7596 7500)
4(2465 7595 7596 2466)
4(2371 2467 7597 7501)
4(2466 7596 7597 2467)
4(2372 2468 7598 7502)
4(2467 7597 7598 2468)
4(2373 2469 7599 7503)
4(2468 7598 7599 2469)
4(2374 2470 7600 7504)
4(2469 7599 7600 2470)
4(2375 2471 7601 7505)
4(2470 7600 7601 2471)
4(2376 2472 7602 7506)
4(2471 7601 7602 2472)
4(2377 2473 7603 7507)
4(2472 7602 7603 2473)
4(2378 2474 7604 7508)
4(2473 7603 7604 2474)
4(2379 2475 7605 7509)
4(2474 7604 7605 2475)
4(2380 2476 7606 7510)
4(2475 7605 7606 2476)
4(2381 2477 7607 7511)
4(2476 7606 7607 2477)
4(2382 2478 7608 7512)
4(2477 7607 7608 2478)
4(2383 2479 7609 7513)
4(2478 7608 7609 2479)
4(2384 2480 7610 7514)
4(2479 7609 7610 2480)
4(2385 2481 7611 7515)
4(2480 7610 7611 2481)
4(2386 2482 7612 7516)
4(2481 7611 7612 2482)
4(2387 2483 7613 7517)
4(2482 7612 7613 2483)
4(2388 2484 7614 7518)
4(2483 7613 7614 2484)
4(2389 2485 7615 7519)
4(2484 7614 7615 2485)
4(2390 2486 7616 7520)
4(2485 7615 7616 2486)
4(2391 2487 7617 7521)
4(2486 7616 7617 2487)
4(2392 2488 7618 7522)
4(2487 7617 7618 2488)
4(2393 2489 7619 7523)
4(2488 7618 7619 2489)
4(2394 2490 7620 7524)
4(2489 7619 7620 2490)
4(2395 2491 7621 7525)
4(2490 7620 7621 2491)
4(2396 2492 7622 7526)
4(2491 7621 7622 2492)
4(2397 2493 7623 7527)
4(2492 7622 7623 2493)
4(2398 2494 7624 7528)
4(2493 7623 7624 2494)
4(2399 2495 7625 7529)
4(2494 7624 7625 2495)
4(2400 2496 7626 7530)
4(2495 7625 7626 2496)
4(2401 2497 7627 7531)
4(2496 7626 7627 2497)
4(2402 2498 7628 7532)
4(2497 7627 7628 2498)
4(2403 2499 7629 7533)
4(2498 7628 7629 2499)
4(2404 2500 7630 7534)
4(2499 7629 7630 2500)
4(2405 2501 7631 7535)
4(2500 7630 7631 2501)
4(2406 2502 7632 7536)
4(2501 7631 7632 2502)
4(2407 2503 7633 7537)
4(2502 7632 7633 2503)
4(2408 2504 7634 7538)
4(2503 7633 7634 2504)
4(2409 2505 7635 7539)
4(2504 7634 7635 2505)
4(2410 2506 7636 7540)
4(2505 7635 7636 2506)
4(2411 2507 7637 7541)
4(2506 7636 7637 2507)
4(2412 2508 7638 7542)
4(2507 7637 7638 2508)
4(2413 2509 7639 7543)
4(2508 7638 7639 2509)
4(2414 2510 7640 7544)
4(2509 7639 7640 2510)
4(2415 2511 7641 7545)
4(2510 7640 7641 2511)
4(2416 2512 7642 7546)
4(2511 7641 7642 2512)
4(2417 2513 7643 7547)
4(2512 7642 7643 2513)
4(2418 2514 7644 7548)
4(2513 7643 7644 2514)
4(2419 2515 7645 7549)
4(2514 7644 7645 2515)
4(2515 7645 7646 2516)
4(2422 2518 7648 7552)
4(2517 7647 7648 2518)
4(2423 2519 7649 7553)
4(2518 7648 7649 2519)
4(2424 2520 7650 7554)
4(2519 7649 7650 2520)
4(2425 2521 7651 7555)
4(2520 7650 7651 2521)
4(2426 2522 7652 7556)
4(2521 7651 7652 2522)
4(2427 2523 7653 7557)
4(2522 7652 7653 2523)
4(2428 2524 7654 7558)
4(2523 7653 7654 2524)
4(2429 2525 7655 7559)
4(2524 7654 7655 2525)
4(2430 2526 7656 7560)
4(2525 7655 7656 2526)
4(2431 2527 7657 7561)
4(2526 7656 7657 2527)
4(2432 2528 7658 7562)
4(2527 7657 7658 2528)
4(2433 2529 7659 7563)
4(2528 7658 7659 2529)
4(2434 2530 7660 7564)
4(2529 7659 7660 2530)
4(2435 2531 7661 7565)
4(2530 7660 7661 2531)
4(2436 2532 7662 7566)
4(2531 7661 7662 2532)
4(2437 2533 7663 7567)
4(2532 7662 7663 2533)
4(2438 2534 7664 7568)
4(2533 7663 7664 2534)
4(2439 2535 7665 7569)
4(2534 7664 7665 2535)
4(2440 2536 7666 7570)
4(2535 7665 7666 2536)
4(2441 2537 7667 7571)
4(2536 7666 7667 2537)
4(2442 10577 11093 10578)
5(2537 7667 7668 10592 2538)
4(2538 10592 11093 10577)
4(7572 10578 11093 10684)
4(7668 10684 11093 10592)
4(11084 10576 11308 10471)
4(11308 10577 11093 10471)
4(11093 10578 11084 10471)
4(2442 10576 11084 10578)
4(2443 10580 11099 10579)
4(2443 10579 11094 10581)
4(11094 10579 11099 10472)
4(11099 10580 11311 10472)
4(11311 10581 11094 10472)
4(2444 10585 11107 10587)
4(11092 10584 11326 10473)
5(11326 10320 10917 10409 10473)
5(10409 10850 10286 11092 10473)
4(10286 10850 11107 10585)
4(10320 10587 11107 10917)
4(10409 10917 11107 10850)
5(2444 10584 11092 10286 10585)
4(2446 2542 7672 7576)
5(2541 10603 7671 7672 2542)
4(2445 10589 11105 10588)
4(2541 10588 11105 10603)
4(7575 10694 11105 10589)
4(7671 10603 11105 10694)
4(2447 2543 7673 7577)
4(2542 7672 7673 2543)
4(2448 2544 7674 7578)
4(2543 7673 7674 2544)
4(2449 2545 7675 7579)
4(2544 7674 7675 2545)
4(2450 2546 7676 7580)
4(2545 7675 7676 2546)
4(2451 2547 7677 7581)
4(2546 7676 7677 2547)
4(2452 2548 7678 7582)
4(2547 7677 7678 2548)
4(2453 2549 7679 7583)
4(2548 7678 7679 2549)
4(2454 2550 7680 7584)
4(2549 7679 7680 2550)
4(2455 2551 7681 7585)
4(2550 7680 7681 2551)
4(2456 2552 7682 7586)
4(2551 7681 7682 2552)
4(2457 2553 7683 7587)
4(2552 7682 7683 2553)
4(2458 2554 7684 7588)
4(2553 7683 7684 2554)
4(2459 2555 7685 7589)
4(2554 7684 7685 2555)
4(2460 2556 7686 7590)
4(2555 7685 7686 2556)
4(2461 2557 7687 7591)
4(2556 7686 7687 2557)
4(2462 2558 7688 7592)
4(2557 7687 7688 2558)
4(2463 2559 7689 7593)
4(2558 7688 7689 2559)
4(2464 2560 7690 7594)
4(2559 7689 7690 2560)
4(2465 2561 7691 7595)
4(2560 7690 7691 2561)
4(2466 2562 7692 7596)
4(2561 7691 7692 2562)
4(2467 2563 7693 7597)
4(2562 7692 7693 2563)
4(2468 2564 7694 7598)
4(2563 7693 7694 2564)
4(2469 2565 7695 7599)
4(2564 7694 7695 2565)
4(2470 2566 7696 7600)
4(2565 7695 7696 2566)
4(2471 2567 7697 7601)
4(2566 7696 7697 2567)
4(2472 2568 7698 7602)
4(2567 7697 7698 2568)
4(2473 2569 7699 7603)
4(2568 7698 7699 2569)
4(2474 2570 7700 7604)
4(2569 7699 7700 2570)
4(2475 2571 7701 7605)
4(2570 7700 7701 2571)
4(2476 2572 7702 7606)
4(2571 7701 7702 2572)
4(2477 2573 7703 7607)
4(2572 7702 7703 2573)
4(2478 2574 7704 7608)
4(2573 7703 7704 2574)
4(2479 2575 7705 7609)
4(2574 7704 7705 2575)
4(2480 2576 7706 7610)
4(2575 7705 7706 2576)
4(2481 2577 7707 7611)
4(2576 7706 7707 2577)
4(2482 2578 7708 7612)
4(2577 7707 7708 2578)
4(2483 2579 7709 7613)
4(2578 7708 7709 2579)
4(2484 2580 7710 7614)
4(2579 7709 7710 2580)
4(2485 2581 7711 7615)
4(2580 7710 7711 2581)
4(2486 2582 7712 7616)
4(2581 7711 7712 2582)
4(2487 2583 7713 7617)
4(2582 7712 7713 2583)
4(2488 2584 7714 7618)
4(2583 7713 7714 2584)
4(2489 2585 7715 7619)
4(2584 7714 7715 2585)
4(2490 2586 7716 7620)
4(2585 7715 7716 2586)
4(2491 2587 7717 7621)
4(2586 7716 7717 2587)
4(2492 2588 7718 7622)
4(2587 7717 7718 2588)
4(2493 2589 7719 7623)
4(2588 7718 7719 2589)
4(2494 2590 7720 7624)
4(2589 7719 7720 2590)
4(2495 2591 7721 7625)
4(2590 7720 7721 2591)
4(2496 2592 7722 7626)
4(2591 7721 7722 2592)
4(2497 2593 7723 7627)
4(2592 7722 7723 2593)
4(2498 2594 7724 7628)
4(2593 7723 7724 2594)
4(2499 2595 7725 7629)
4(2594 7724 7725 2595)
4(2500 2596 7726 7630)
4(2595 7725 7726 2596)
4(2501 2597 7727 7631)
4(2596 7726 7727 2597)
4(2502 2598 7728 7632)
4(2597 7727 7728 2598)
4(2503 2599 7729 7633)
4(2598 7728 7729 2599)
4(2504 2600 7730 7634)
4(2599 7729 7730 2600)
4(2505 2601 7731 7635)
4(2600 7730 7731 2601)
4(2506 2602 7732 7636)
4(2601 7731 7732 2602)
4(2507 2603 7733 7637)
4(2602 7732 7733 2603)
4(2508 2604 7734 7638)
4(2603 7733 7734 2604)
4(2509 2605 7735 7639)
4(2604 7734 7735 2605)
4(2510 2606 7736 7640)
4(2605 7735 7736 2606)
4(2511 2607 7737 7641)
4(2606 7736 7737 2607)
4(2512 2608 7738 7642)
4(2607 7737 7738 2608)
4(2513 2609 7739 7643)
4(2608 7738 7739 2609)
4(2514 2610 7740 7644)
4(2609 7739 7740 2610)
4(2515 2611 7741 7645)
4(2610 7740 7741 2611)
4(2611 7741 7742 2612)
4(2518 2614 7744 7648)
4(2613 7743 7744 2614)
4(2519 2615 7745 7649)
4(2614 7744 7745 2615)
4(2520 2616 7746 7650)
4(2615 7745 7746 2616)
4(2521 2617 7747 7651)
4(2616 7746 7747 2617)
4(2522 2618 7748 7652)
4(2617 7747 7748 2618)
4(2523 2619 7749 7653)
4(2618 7748 7749 2619)
4(2524 2620 7750 7654)
4(2619 7749 7750 2620)
4(2525 2621 7751 7655)
4(2620 7750 7751 2621)
4(2526 2622 7752 7656)
4(2621 7751 7752 2622)
4(2527 2623 7753 7657)
4(2622 7752 7753 2623)
4(2528 2624 7754 7658)
4(2623 7753 7754 2624)
4(2529 2625 7755 7659)
4(2624 7754 7755 2625)
4(2530 2626 7756 7660)
4(2625 7755 7756 2626)
4(2531 2627 7757 7661)
4(2626 7756 7757 2627)
4(2532 2628 7758 7662)
4(2627 7757 7758 2628)
4(2533 2629 7759 7663)
4(2628 7758 7759 2629)
4(2534 2630 7760 7664)
4(2629 7759 7760 2630)
4(2535 2631 7761 7665)
4(2630 7760 7761 2631)
4(2536 2632 7762 7666)
4(2631 7761 7762 2632)
4(2537 2633 7763 7667)
4(2632 7762 7763 2633)
4(2538 10591 11111 10592)
5(2633 7763 7764 10605 2634)
4(2634 10605 11111 10591)
4(7668 10592 11111 10696)
4(7764 10696 11111 10605)
4(2538 10590 11095 10592)
4(11095 10590 11309 10474)
4(11309 10591 11111 10474)
4(11111 10592 11095 10474)
4(2539 10595 11117 10593)
4(2539 10593 11112 10596)
4(11112 10593 11117 10475)
4(11117 10595 11312 10475)
4(11312 10596 11112 10475)
4(2540 10598 11124 10601)
5(2540 10597 11106 10288 10598)
4(11106 10597 11327 10476)
5(11327 10324 10927 10413 10476)
5(10413 10856 10288 11106 10476)
4(10288 10856 11124 10598)
4(10324 10601 11124 10927)
4(10413 10927 11124 10856)
4(2542 2638 7768 7672)
5(2637 10615 7767 7768 2638)
4(2541 10603 11122 10602)
4(2637 10602 11122 10615)
4(7671 10706 11122 10603)
4(7767 10615 11122 10706)
4(2543 2639 7769 7673)
4(2638 7768 7769 2639)
4(2544 2640 7770 7674)
4(2639 7769 7770 2640)
4(2545 2641 7771 7675)
4(2640 7770 7771 2641)
4(2546 2642 7772 7676)
4(2641 7771 7772 2642)
4(2547 2643 7773 7677)
4(2642 7772 7773 2643)
4(2548 2644 7774 7678)
4(2643 7773 7774 2644)
4(2549 2645 7775 7679)
4(2644 7774 7775 2645)
4(2550 2646 7776 7680)
4(2645 7775 7776 2646)
4(2551 2647 7777 7681)
4(2646 7776 7777 2647)
4(2552 2648 7778 7682)
4(2647 7777 7778 2648)
4(2553 2649 7779 7683)
4(2648 7778 7779 2649)
4(2554 2650 7780 7684)
4(2649 7779 7780 2650)
4(2555 2651 7781 7685)
4(2650 7780 7781 2651)
4(2556 2652 7782 7686)
4(2651 7781 7782 2652)
4(2557 2653 7783 7687)
4(2652 7782 7783 2653)
4(2558 2654 7784 7688)
4(2653 7783 7784 2654)
4(2559 2655 7785 7689)
4(2654 7784 7785 2655)
4(2560 2656 7786 7690)
4(2655 7785 7786 2656)
4(2561 2657 7787 7691)
4(2656 7786 7787 2657)
4(2562 2658 7788 7692)
4(2657 7787 7788 2658)
4(2563 2659 7789 7693)
4(2658 7788 7789 2659)
4(2564 2660 7790 7694)
4(2659 7789 7790 2660)
4(2565 2661 7791 7695)
4(2660 7790 7791 2661)
4(2566 2662 7792 7696)
4(2661 7791 7792 2662)
4(2567 2663 7793 7697)
4(2662 7792 7793 2663)
4(2568 2664 7794 7698)
4(2663 7793 7794 2664)
4(2569 2665 7795 7699)
4(2664 7794 7795 2665)
4(2570 2666 7796 7700)
4(2665 7795 7796 2666)
4(2571 2667 7797 7701)
4(2666 7796 7797 2667)
4(2572 2668 7798 7702)
4(2667 7797 7798 2668)
4(2573 2669 7799 7703)
4(2668 7798 7799 2669)
4(2574 2670 7800 7704)
4(2669 7799 7800 2670)
4(2575 2671 7801 7705)
4(2670 7800 7801 2671)
4(2576 2672 7802 7706)
4(2671 7801 7802 2672)
4(2577 2673 7803 7707)
4(2672 7802 7803 2673)
4(2578 2674 7804 7708)
4(2673 7803 7804 2674)
4(2579 2675 7805 7709)
4(2674 7804 7805 2675)
4(2580 2676 7806 7710)
4(2675 7805 7806 2676)
4(2581 2677 7807 7711)
4(2676 7806 7807 2677)
4(2582 2678 7808 7712)
4(2677 7807 7808 2678)
4(2583 2679 7809 7713)
4(2678 7808 7809 2679)
4(2584 2680 7810 7714)
4(2679 7809 7810 2680)
4(2585 2681 7811 7715)
4(2680 7810 7811 2681)
4(2586 2682 7812 7716)
4(2681 7811 7812 2682)
4(2587 2683 7813 7717)
4(2682 7812 7813 2683)
4(2588 2684 7814 7718)
4(2683 7813 7814 2684)
4(2589 2685 7815 7719)
4(2684 7814 7815 2685)
4(2590 2686 7816 7720)
4(2685 7815 7816 2686)
4(2591 2687 7817 7721)
4(2686 7816 7817 2687)
4(2592 2688 7818 7722)
4(2687 7817 7818 2688)
4(2593 2689 7819 7723)
4(2688 7818 7819 2689)
4(2594 2690 7820 7724)
4(2689 7819 7820 2690)
4(2595 2691 7821 7725)
4(2690 7820 7821 2691)
4(2596 2692 7822 7726)
4(2691 7821 7822 2692)
4(2597 2693 7823 7727)
4(2692 7822 7823 2693)
4(2598 2694 7824 7728)
4(2693 7823 7824 2694)
4(2599 2695 7825 7729)
4(2694 7824 7825 2695)
4(2600 2696 7826 7730)
4(2695 7825 7826 2696)
4(2601 2697 7827 7731)
4(2696 7826 7827 2697)
4(2602 2698 7828 7732)
4(2697 7827 7828 2698)
4(2603 2699 7829 7733)
4(2698 7828 7829 2699)
4(2604 2700 7830 7734)
4(2699 7829 7830 2700)
4(2605 2701 7831 7735)
4(2700 7830 7831 2701)
4(2606 2702 7832 7736)
4(2701 7831 7832 2702)
4(2607 2703 7833 7737)
4(2702 7832 7833 2703)
4(2608 2704 7834 7738)
4(2703 7833 7834 2704)
4(2609 2705 7835 7739)
4(2704 7834 7835 2705)
4(2610 2706 7836 7740)
4(2705 7835 7836 2706)
4(2611 2707 7837 7741)
4(2706 7836 7837 2707)
4(2707 7837 7838 2708)
4(2614 2710 7840 7744)
4(2709 7839 7840 2710)
4(2615 2711 7841 7745)
4(2710 7840 7841 2711)
4(2616 2712 7842 7746)
4(2711 7841 7842 2712)
4(2617 2713 7843 7747)
4(2712 7842 7843 2713)
4(2618 2714 7844 7748)
4(2713 7843 7844 2714)
4(2619 2715 7845 7749)
4(2714 7844 7845 2715)
4(2620 2716 7846 7750)
4(2715 7845 7846 2716)
4(2621 2717 7847 7751)
4(2716 7846 7847 2717)
4(2622 2718 7848 7752)
4(2717 7847 7848 2718)
4(2623 2719 7849 7753)
4(2718 7848 7849 2719)
4(2624 2720 7850 7754)
4(2719 7849 7850 2720)
4(2625 2721 7851 7755)
4(2720 7850 7851 2721)
4(2626 2722 7852 7756)
4(2721 7851 7852 2722)
4(2627 2723 7853 7757)
4(2722 7852 7853 2723)
4(2628 2724 7854 7758)
4(2723 7853 7854 2724)
4(2629 2725 7855 7759)
4(2724 7854 7855 2725)
4(2630 2726 7856 7760)
4(2725 7855 7856 2726)
4(2631 2727 7857 7761)
4(2726 7856 7857 2727)
4(2632 2728 7858 7762)
4(2727 7857 7858 2728)
4(2633 2729 7859 7763)
4(2728 7858 7859 2729)
4(2634 11436 11544 10605)
5(2729 7859 7860 11441 2730)
4(2730 11441 11544 11436)
4(7764 10605 11544 11464)
4(7860 11464 11544 11441)
4(2634 10604 11113 10605)
4(11113 10604 11581 11401)
4(11581 11436 11544 11401)
4(11544 10605 11113 11401)
4(2635 10608 11128 10606)
4(2635 10606 11545 11437)
4(11545 10606 11128 11402)
4(11128 10608 11582 11402)
4(11582 11437 11545 11402)
4(2636 10612 11552 11438)
5(2636 10611 11123 10290 10612)
4(11123 10611 11589 11403)
5(11589 10330 11502 10421 11403)
5(10421 11489 10290 11123 11403)
4(10290 11489 11552 10612)
4(10330 11438 11552 11502)
4(10421 11502 11552 11489)
4(2638 2736 7866 7768)
5(2735 11443 7865 7866 2736)
4(2637 10615 11550 11439)
4(2735 11439 11550 11443)
4(7767 11467 11550 10615)
4(7865 11443 11550 11467)
4(2639 2737 7867 7769)
4(2736 7866 7867 2737)
4(2640 2738 7868 7770)
4(2737 7867 7868 2738)
4(2641 2739 7869 7771)
4(2738 7868 7869 2739)
4(2642 2740 7870 7772)
4(2739 7869 7870 2740)
4(2643 2741 7871 7773)
4(2740 7870 7871 2741)
4(2644 2742 7872 7774)
4(2741 7871 7872 2742)
4(2645 2743 7873 7775)
4(2742 7872 7873 2743)
4(2646 2744 7874 7776)
4(2743 7873 7874 2744)
4(2647 2745 7875 7777)
4(2744 7874 7875 2745)
4(2648 2746 7876 7778)
4(2745 7875 7876 2746)
4(2649 2747 7877 7779)
4(2746 7876 7877 2747)
4(2650 2748 7878 7780)
4(2747 7877 7878 2748)
4(2651 2749 7879 7781)
4(2748 7878 7879 2749)
4(2652 2750 7880 7782)
4(2749 7879 7880 2750)
4(2653 2751 7881 7783)
4(2750 7880 7881 2751)
4(2654 2752 7882 7784)
4(2751 7881 7882 2752)
4(2655 2753 7883 7785)
4(2752 7882 7883 2753)
4(2656 2754 7884 7786)
4(2753 7883 7884 2754)
4(2657 2755 7885 7787)
4(2754 7884 7885 2755)
4(2658 2756 7886 7788)
4(2755 7885 7886 2756)
4(2659 2757 7887 7789)
4(2756 7886 7887 2757)
4(2660 2758 7888 7790)
4(2757 7887 7888 2758)
4(2661 2759 7889 7791)
4(2758 7888 7889 2759)
4(2662 2760 7890 7792)
4(2759 7889 7890 2760)
4(2663 2761 7891 7793)
4(2760 7890 7891 2761)
4(2664 2762 7892 7794)
4(2761 7891 7892 2762)
4(2665 2763 7893 7795)
4(2762 7892 7893 2763)
4(2666 2764 7894 7796)
4(2763 7893 7894 2764)
4(2667 2765 7895 7797)
4(2764 7894 7895 2765)
4(2668 2766 7896 7798)
4(2765 7895 7896 2766)
4(2669 2767 7897 7799)
4(2766 7896 7897 2767)
4(2670 2768 7898 7800)
4(2767 7897 7898 2768)
4(2671 2769 7899 7801)
4(2768 7898 7899 2769)
4(2672 2770 7900 7802)
4(2769 7899 7900 2770)
4(2673 2771 7901 7803)
4(2770 7900 7901 2771)
4(2674 2772 7902 7804)
4(2771 7901 7902 2772)
4(2675 2773 7903 7805)
4(2772 7902 7903 2773)
4(2676 2774 7904 7806)
4(2773 7903 7904 2774)
4(2677 2775 7905 7807)
4(2774 7904 7905 2775)
4(2678 2776 7906 7808)
4(2775 7905 7906 2776)
4(2679 2777 7907 7809)
4(2776 7906 7907 2777)
4(2680 2778 7908 7810)
4(2777 7907 7908 2778)
4(2681 2779 7909 7811)
4(2778 7908 7909 2779)
4(2682 2780 7910 7812)
4(2779 7909 7910 2780)
4(2683 2781 7911 7813)
4(2780 7910 7911 2781)
4(2684 2782 7912 7814)
4(2781 7911 7912 2782)
4(2685 2783 7913 7815)
4(2782 7912 7913 2783)
4(2686 2784 7914 7816)
4(2783 7913 7914 2784)
4(2687 2785 7915 7817)
4(2784 7914 7915 2785)
4(2688 2786 7916 7818)
4(2785 7915 7916 2786)
4(2689 2787 7917 7819)
4(2786 7916 7917 2787)
4(2690 2788 7918 7820)
4(2787 7917 7918 2788)
4(2691 2789 7919 7821)
4(2788 7918 7919 2789)
4(2692 2790 7920 7822)
4(2789 7919 7920 2790)
4(2693 2791 7921 7823)
4(2790 7920 7921 2791)
4(2694 2792 7922 7824)
4(2791 7921 7922 2792)
4(2695 2793 7923 7825)
4(2792 7922 7923 2793)
4(2696 2794 7924 7826)
4(2793 7923 7924 2794)
4(2697 2795 7925 7827)
4(2794 7924 7925 2795)
4(2698 2796 7926 7828)
4(2795 7925 7926 2796)
4(2699 2797 7927 7829)
4(2796 7926 7927 2797)
4(2700 2798 7928 7830)
4(2797 7927 7928 2798)
4(2701 2799 7929 7831)
4(2798 7928 7929 2799)
4(2702 2800 7930 7832)
4(2799 7929 7930 2800)
4(2703 2801 7931 7833)
4(2800 7930 7931 2801)
4(2704 2802 7932 7834)
4(2801 7931 7932 2802)
4(2705 2803 7933 7835)
4(2802 7932 7933 2803)
4(2706 2804 7934 7836)
4(2803 7933 7934 2804)
4(2707 2805 7935 7837)
4(2804 7934 7935 2805)
4(2805 7935 7936 2806)
4(2710 2808 7938 7840)
4(2807 7937 7938 2808)
4(2711 2809 7939 7841)
4(2808 7938 7939 2809)
4(2712 2810 7940 7842)
4(2809 7939 7940 2810)
4(2713 2811 7941 7843)
4(2810 7940 7941 2811)
4(2714 2812 7942 7844)
4(2811 7941 7942 2812)
4(2715 2813 7943 7845)
4(2812 7942 7943 2813)
4(2716 2814 7944 7846)
4(2813 7943 7944 2814)
4(2717 2815 7945 7847)
4(2814 7944 7945 2815)
4(2718 2816 7946 7848)
4(2815 7945 7946 2816)
4(2719 2817 7947 7849)
4(2816 7946 7947 2817)
4(2720 2818 7948 7850)
4(2817 7947 7948 2818)
4(2721 2819 7949 7851)
4(2818 7948 7949 2819)
4(2722 2820 7950 7852)
4(2819 7949 7950 2820)
4(2723 2821 7951 7853)
4(2820 7950 7951 2821)
4(2724 2822 7952 7854)
4(2821 7951 7952 2822)
4(2725 2823 7953 7855)
4(2822 7952 7953 2823)
4(2726 2824 7954 7856)
4(2823 7953 7954 2824)
4(2727 2825 7955 7857)
4(2824 7954 7955 2825)
4(2728 2826 7956 7858)
4(2825 7955 7956 2826)
4(2729 2827 7957 7859)
4(2826 7956 7957 2827)
5(2730 2828 7958 7860 11441)
4(2827 7957 7958 2828)
4(2731 10616 11134 10291)
5(2828 7958 7959 10631 2829)
4(2829 10631 11134 10616)
4(7861 10291 11134 10717)
4(7959 10717 11134 10631)
4(2730 11440 11546 11441)
4(2731 10291 11546 11440)
4(7860 11441 11546 11468)
4(7861 11468 11546 10291)
5(2731 10331 10939 10417 10291)
5(10417 10939 10331 11313 10478)
4(11313 10616 11134 10478)
4(11134 10291 10417 10478)
4(2732 10620 11140 10617)
4(2732 10617 11135 10621)
4(11135 10617 11140 10479)
4(11140 10620 11314 10479)
4(11314 10621 11135 10479)
4(2733 10627 11153 10624)
4(2733 10624 11155 10628)
5(10422 10956 10338 11325 10481)
5(11325 10339 10958 10430 10481)
6(10430 10872 10293 10871 10422 10481)
4(10293 10624 11153 10871)
4(10338 10956 11153 10627)
4(10422 10871 11153 10956)
4(10293 10872 11155 10624)
4(10339 10628 11155 10958)
4(10430 10958 11155 10872)
5(2735 2836 7966 7865 11443)
5(2835 10646 7965 7966 2836)
4(2734 10294 11151 10629)
4(2835 10629 11151 10646)
4(7864 10730 11151 10294)
4(7965 10646 11151 10730)
4(2734 11442 11551 10294)
4(2735 11443 11551 11442)
4(7864 10294 11551 11469)
4(7865 11469 11551 11443)
4(2736 2837 7967 7866)
4(2836 7966 7967 2837)
4(2737 2838 7968 7867)
4(2837 7967 7968 2838)
4(2738 2839 7969 7868)
4(2838 7968 7969 2839)
4(2739 2840 7970 7869)
4(2839 7969 7970 2840)
4(2740 2841 7971 7870)
4(2840 7970 7971 2841)
4(2741 2842 7972 7871)
4(2841 7971 7972 2842)
4(2742 2843 7973 7872)
4(2842 7972 7973 2843)
4(2743 2844 7974 7873)
4(2843 7973 7974 2844)
4(2744 2845 7975 7874)
4(2844 7974 7975 2845)
4(2745 2846 7976 7875)
4(2845 7975 7976 2846)
4(2746 2847 7977 7876)
4(2846 7976 7977 2847)
4(2747 2848 7978 7877)
4(2847 7977 7978 2848)
4(2748 2849 7979 7878)
4(2848 7978 7979 2849)
4(2749 2850 7980 7879)
4(2849 7979 7980 2850)
4(2750 2851 7981 7880)
4(2850 7980 7981 2851)
4(2751 2852 7982 7881)
4(2851 7981 7982 2852)
4(2752 2853 7983 7882)
4(2852 7982 7983 2853)
4(2753 2854 7984 7883)
4(2853 7983 7984 2854)
4(2754 2855 7985 7884)
4(2854 7984 7985 2855)
4(2755 2856 7986 7885)
4(2855 7985 7986 2856)
4(2756 2857 7987 7886)
4(2856 7986 7987 2857)
4(2757 2858 7988 7887)
4(2857 7987 7988 2858)
4(2758 2859 7989 7888)
4(2858 7988 7989 2859)
4(2759 2860 7990 7889)
4(2859 7989 7990 2860)
4(2760 2861 7991 7890)
4(2860 7990 7991 2861)
4(2761 2862 7992 7891)
4(2861 7991 7992 2862)
4(2762 2863 7993 7892)
4(2862 7992 7993 2863)
4(2763 2864 7994 7893)
4(2863 7993 7994 2864)
4(2764 2865 7995 7894)
4(2864 7994 7995 2865)
4(2765 2866 7996 7895)
4(2865 7995 7996 2866)
4(2766 2867 7997 7896)
4(2866 7996 7997 2867)
4(2767 2868 7998 7897)
4(2867 7997 7998 2868)
4(2768 2869 7999 7898)
4(2868 7998 7999 2869)
4(2769 2870 8000 7899)
4(2869 7999 8000 2870)
4(2770 2871 8001 7900)
4(2870 8000 8001 2871)
4(2771 2872 8002 7901)
4(2871 8001 8002 2872)
4(2772 2873 8003 7902)
4(2872 8002 8003 2873)
4(2773 2874 8004 7903)
4(2873 8003 8004 2874)
4(2774 2875 8005 7904)
4(2874 8004 8005 2875)
4(2775 2876 8006 7905)
4(2875 8005 8006 2876)
4(2776 2877 8007 7906)
4(2876 8006 8007 2877)
4(2777 2878 8008 7907)
4(2877 8007 8008 2878)
4(2778 2879 8009 7908)
4(2878 8008 8009 2879)
4(2779 2880 8010 7909)
4(2879 8009 8010 2880)
4(2780 2881 8011 7910)
4(2880 8010 8011 2881)
4(2781 2882 8012 7911)
4(2881 8011 8012 2882)
4(2782 2883 8013 7912)
4(2882 8012 8013 2883)
4(2783 2884 8014 7913)
4(2883 8013 8014 2884)
4(2784 2885 8015 7914)
4(2884 8014 8015 2885)
4(2785 2886 8016 7915)
4(2885 8015 8016 2886)
4(2786 2887 8017 7916)
4(2886 8016 8017 2887)
4(2787 2888 8018 7917)
4(2887 8017 8018 2888)
4(2788 2889 8019 7918)
4(2888 8018 8019 2889)
4(2789 2890 8020 7919)
4(2889 8019 8020 2890)
4(2790 2891 8021 7920)
4(2890 8020 8021 2891)
4(2791 2892 8022 7921)
4(2891 8021 8022 2892)
4(2792 2893 8023 7922)
4(2892 8022 8023 2893)
4(2793 2894 8024 7923)
4(2893 8023 8024 2894)
4(2794 2895 8025 7924)
4(2894 8024 8025 2895)
4(2795 2896 8026 7925)
4(2895 8025 8026 2896)
4(2796 2897 8027 7926)
4(2896 8026 8027 2897)
4(2797 2898 8028 7927)
4(2897 8027 8028 2898)
4(2798 2899 8029 7928)
4(2898 8028 8029 2899)
4(2799 2900 8030 7929)
4(2899 8029 8030 2900)
4(2800 2901 8031 7930)
4(2900 8030 8031 2901)
4(2801 2902 8032 7931)
4(2901 8031 8032 2902)
4(2802 2903 8033 7932)
4(2902 8032 8033 2903)
4(2803 2904 8034 7933)
4(2903 8033 8034 2904)
4(2804 2905 8035 7934)
4(2904 8034 8035 2905)
4(2805 2906 8036 7935)
4(2905 8035 8036 2906)
4(2906 8036 8037 2907)
4(2808 2909 8039 7938)
4(2908 8038 8039 2909)
4(2809 2910 8040 7939)
4(2909 8039 8040 2910)
4(2810 2911 8041 7940)
4(2910 8040 8041 2911)
4(2811 2912 8042 7941)
4(2911 8041 8042 2912)
4(2812 2913 8043 7942)
4(2912 8042 8043 2913)
4(2813 2914 8044 7943)
4(2913 8043 8044 2914)
4(2814 2915 8045 7944)
4(2914 8044 8045 2915)
4(2815 2916 8046 7945)
4(2915 8045 8046 2916)
4(2816 2917 8047 7946)
4(2916 8046 8047 2917)
4(2817 2918 8048 7947)
4(2917 8047 8048 2918)
4(2818 2919 8049 7948)
4(2918 8048 8049 2919)
4(2819 2920 8050 7949)
4(2919 8049 8050 2920)
4(2820 2921 8051 7950)
4(2920 8050 8051 2921)
4(2821 2922 8052 7951)
4(2921 8051 8052 2922)
4(2822 2923 8053 7952)
4(2922 8052 8053 2923)
4(2823 2924 8054 7953)
4(2923 8053 8054 2924)
4(2824 2925 8055 7954)
4(2924 8054 8055 2925)
4(2825 2926 8056 7955)
4(2925 8055 8056 2926)
4(2826 2927 8057 7956)
4(2926 8056 8057 2927)
4(2827 2928 8058 7957)
4(2927 8057 8058 2928)
4(2828 2929 8059 7958)
4(2928 8058 8059 2929)
5(2829 2930 8060 7959 10631)
4(2929 8059 8060 2930)
4(2830 11444 11554 10295)
5(2930 8060 8061 11449 2931)
4(2829 10630 11136 10631)
4(2830 10295 11136 10630)
4(7959 10631 11136 10731)
4(7960 10731 11136 10295)
4(2931 11449 11554 11444)
4(7960 10295 11554 11470)
4(8061 11470 11554 11449)
5(2830 10340 11504 10425 10295)
5(10425 11504 10340 11584 11404)
4(11584 11444 11554 11404)
4(11554 10295 10425 11404)
4(2831 10635 11160 10633)
5(10427 10960 10341 11317 10482)
4(11317 10632 11157 10482)
5(11157 10296 10874 10427 10482)
4(10296 10633 11160 10874)
4(10341 10960 11160 10635)
4(10427 10874 11160 10960)
5(2831 10633 10296 11157 10632)
4(2832 10640 11166 10637)
5(2832 10637 10297 11158 10636)
5(10429 10962 10342 11320 10483)
4(11320 10636 11158 10483)
5(11158 10297 10877 10429 10483)
4(10297 10637 11166 10877)
4(10342 10962 11166 10640)
4(10429 10877 11166 10962)
4(2833 11446 11560 10642)
5(2833 10642 10298 11164 10641)
5(10431 11506 10343 11587 11405)
4(11587 10641 11164 11405)
5(11164 10298 11491 10431 11405)
4(10298 10642 11560 11491)
4(10343 11506 11560 11446)
4(10431 11491 11560 11506)
5(2835 2936 8066 7965 10646)
5(2935 11451 8065 8066 2936)
4(2834 10645 11152 10299)
4(2835 10646 11152 10645)
4(7964 10299 11152 10745)
4(7965 10745 11152 10646)
4(2834 10299 11558 11447)
4(2935 11447 11558 11451)
4(7964 11473 11558 10299)
4(8065 11451 11558 11473)
4(2836 2937 8067 7966)
4(2936 8066 8067 2937)
4(2837 2938 8068 7967)
4(2937 8067 8068 2938)
4(2838 2939 8069 7968)
4(2938 8068 8069 2939)
4(2839 2940 8070 7969)
4(2939 8069 8070 2940)
4(2840 2941 8071 7970)
4(2940 8070 8071 2941)
4(2841 2942 8072 7971)
4(2941 8071 8072 2942)
4(2842 2943 8073 7972)
4(2942 8072 8073 2943)
4(2843 2944 8074 7973)
4(2943 8073 8074 2944)
4(2844 2945 8075 7974)
4(2944 8074 8075 2945)
4(2845 2946 8076 7975)
4(2945 8075 8076 2946)
4(2846 2947 8077 7976)
4(2946 8076 8077 2947)
4(2847 2948 8078 7977)
4(2947 8077 8078 2948)
4(2848 2949 8079 7978)
4(2948 8078 8079 2949)
4(2849 2950 8080 7979)
4(2949 8079 8080 2950)
4(2850 2951 8081 7980)
4(2950 8080 8081 2951)
4(2851 2952 8082 7981)
4(2951 8081 8082 2952)
4(2852 2953 8083 7982)
4(2952 8082 8083 2953)
4(2853 2954 8084 7983)
4(2953 8083 8084 2954)
4(2854 2955 8085 7984)
4(2954 8084 8085 2955)
4(2855 2956 8086 7985)
4(2955 8085 8086 2956)
4(2856 2957 8087 7986)
4(2956 8086 8087 2957)
4(2857 2958 8088 7987)
4(2957 8087 8088 2958)
4(2858 2959 8089 7988)
4(2958 8088 8089 2959)
4(2859 2960 8090 7989)
4(2959 8089 8090 2960)
4(2860 2961 8091 7990)
4(2960 8090 8091 2961)
4(2861 2962 8092 7991)
4(2961 8091 8092 2962)
4(2862 2963 8093 7992)
4(2962 8092 8093 2963)
4(2863 2964 8094 7993)
4(2963 8093 8094 2964)
4(2864 2965 8095 7994)
4(2964 8094 8095 2965)
4(2865 2966 8096 7995)
4(2965 8095 8096 2966)
4(2866 2967 8097 7996)
4(2966 8096 8097 2967)
4(2867 2968 8098 7997)
4(2967 8097 8098 2968)
4(2868 2969 8099 7998)
4(2968 8098 8099 2969)
4(2869 2970 8100 7999)
4(2969 8099 8100 2970)
4(2870 2971 8101 8000)
4(2970 8100 8101 2971)
4(2871 2972 8102 8001)
4(2971 8101 8102 2972)
4(2872 2973 8103 8002)
4(2972 8102 8103 2973)
4(2873 2974 8104 8003)
4(2973 8103 8104 2974)
4(2874 2975 8105 8004)
4(2974 8104 8105 2975)
4(2875 2976 8106 8005)
4(2975 8105 8106 2976)
4(2876 2977 8107 8006)
4(2976 8106 8107 2977)
4(2877 2978 8108 8007)
4(2977 8107 8108 2978)
4(2878 2979 8109 8008)
4(2978 8108 8109 2979)
4(2879 2980 8110 8009)
4(2979 8109 8110 2980)
4(2880 2981 8111 8010)
4(2980 8110 8111 2981)
4(2881 2982 8112 8011)
4(2981 8111 8112 2982)
4(2882 2983 8113 8012)
4(2982 8112 8113 2983)
4(2883 2984 8114 8013)
4(2983 8113 8114 2984)
4(2884 2985 8115 8014)
4(2984 8114 8115 2985)
4(2885 2986 8116 8015)
4(2985 8115 8116 2986)
4(2886 2987 8117 8016)
4(2986 8116 8117 2987)
4(2887 2988 8118 8017)
4(2987 8117 8118 2988)
4(2888 2989 8119 8018)
4(2988 8118 8119 2989)
4(2889 2990 8120 8019)
4(2989 8119 8120 2990)
4(2890 2991 8121 8020)
4(2990 8120 8121 2991)
4(2891 2992 8122 8021)
4(2991 8121 8122 2992)
4(2892 2993 8123 8022)
4(2992 8122 8123 2993)
4(2893 2994 8124 8023)
4(2993 8123 8124 2994)
4(2894 2995 8125 8024)
4(2994 8124 8125 2995)
4(2895 2996 8126 8025)
4(2995 8125 8126 2996)
4(2896 2997 8127 8026)
4(2996 8126 8127 2997)
4(2897 2998 8128 8027)
4(2997 8127 8128 2998)
4(2898 2999 8129 8028)
4(2998 8128 8129 2999)
4(2899 3000 8130 8029)
4(2999 8129 8130 3000)
4(2900 3001 8131 8030)
4(3000 8130 8131 3001)
4(2901 3002 8132 8031)
4(3001 8131 8132 3002)
4(2902 3003 8133 8032)
4(3002 8132 8133 3003)
4(2903 3004 8134 8033)
4(3003 8133 8134 3004)
4(2904 3005 8135 8034)
4(3004 8134 8135 3005)
4(2905 3006 8136 8035)
4(3005 8135 8136 3006)
4(2906 3007 8137 8036)
4(3006 8136 8137 3007)
4(3007 8137 8138 3008)
4(2909 3010 8140 8039)
4(3009 8139 8140 3010)
4(2910 3011 8141 8040)
4(3010 8140 8141 3011)
4(2911 3012 8142 8041)
4(3011 8141 8142 3012)
4(2912 3013 8143 8042)
4(3012 8142 8143 3013)
4(2913 3014 8144 8043)
4(3013 8143 8144 3014)
4(2914 3015 8145 8044)
4(3014 8144 8145 3015)
4(2915 3016 8146 8045)
4(3015 8145 8146 3016)
4(2916 3017 8147 8046)
4(3016 8146 8147 3017)
4(2917 3018 8148 8047)
4(3017 8147 8148 3018)
4(2918 3019 8149 8048)
4(3018 8148 8149 3019)
4(2919 3020 8150 8049)
4(3019 8149 8150 3020)
4(2920 3021 8151 8050)
4(3020 8150 8151 3021)
4(2921 3022 8152 8051)
4(3021 8151 8152 3022)
4(2922 3023 8153 8052)
4(3022 8152 8153 3023)
4(2923 3024 8154 8053)
4(3023 8153 8154 3024)
4(2924 3025 8155 8054)
4(3024 8154 8155 3025)
4(2925 3026 8156 8055)
4(3025 8155 8156 3026)
4(2926 3027 8157 8056)
4(3026 8156 8157 3027)
4(2927 3028 8158 8057)
4(3027 8157 8158 3028)
4(2928 3029 8159 8058)
4(3028 8158 8159 3029)
4(2929 3030 8160 8059)
4(3029 8159 8160 3030)
4(2930 3031 8161 8060)
4(3030 8160 8161 3031)
5(2931 3032 8162 8061 11449)
4(3031 8161 8162 3032)
5(2932 3033 8163 8062 10648)
4(3032 8162 8163 3033)
4(2931 11448 11555 11449)
4(2932 10648 11555 11448)
4(8061 11449 11555 11474)
4(8062 11474 11555 10648)
5(2933 3034 8164 8063 10650)
4(3033 8163 8164 3034)
4(2932 10647 11159 10648)
4(2933 10650 11159 10647)
4(8062 10648 11159 10746)
4(8063 10746 11159 10650)
5(2934 3035 8165 8064 10651)
4(3034 8164 8165 3035)
4(2933 10649 11165 10650)
4(2934 10651 11165 10649)
4(8063 10650 11165 10747)
4(8064 10747 11165 10651)
5(2935 3036 8166 8065 11451)
4(3035 8165 8166 3036)
4(2934 11450 11559 10651)
4(2935 11451 11559 11450)
4(8064 10651 11559 11475)
4(8065 11475 11559 11451)
4(2936 3037 8167 8066)
4(3036 8166 8167 3037)
4(2937 3038 8168 8067)
4(3037 8167 8168 3038)
4(2938 3039 8169 8068)
4(3038 8168 8169 3039)
4(2939 3040 8170 8069)
4(3039 8169 8170 3040)
4(2940 3041 8171 8070)
4(3040 8170 8171 3041)
4(2941 3042 8172 8071)
4(3041 8171 8172 3042)
4(2942 3043 8173 8072)
4(3042 8172 8173 3043)
4(2943 3044 8174 8073)
4(3043 8173 8174 3044)
4(2944 3045 8175 8074)
4(3044 8174 8175 3045)
4(2945 3046 8176 8075)
4(3045 8175 8176 3046)
4(2946 3047 8177 8076)
4(3046 8176 8177 3047)
4(2947 3048 8178 8077)
4(3047 8177 8178 3048)
4(2948 3049 8179 8078)
4(3048 8178 8179 3049)
4(2949 3050 8180 8079)
4(3049 8179 8180 3050)
4(2950 3051 8181 8080)
4(3050 8180 8181 3051)
4(2951 3052 8182 8081)
4(3051 8181 8182 3052)
4(2952 3053 8183 8082)
4(3052 8182 8183 3053)
4(2953 3054 8184 8083)
4(3053 8183 8184 3054)
4(2954 3055 8185 8084)
4(3054 8184 8185 3055)
4(2955 3056 8186 8085)
4(3055 8185 8186 3056)
4(2956 3057 8187 8086)
4(3056 8186 8187 3057)
4(2957 3058 8188 8087)
4(3057 8187 8188 3058)
4(2958 3059 8189 8088)
4(3058 8188 8189 3059)
4(2959 3060 8190 8089)
4(3059 8189 8190 3060)
4(2960 3061 8191 8090)
4(3060 8190 8191 3061)
4(2961 3062 8192 8091)
4(3061 8191 8192 3062)
4(2962 3063 8193 8092)
4(3062 8192 8193 3063)
4(2963 3064 8194 8093)
4(3063 8193 8194 3064)
4(2964 3065 8195 8094)
4(3064 8194 8195 3065)
4(2965 3066 8196 8095)
4(3065 8195 8196 3066)
4(2966 3067 8197 8096)
4(3066 8196 8197 3067)
4(2967 3068 8198 8097)
4(3067 8197 8198 3068)
4(2968 3069 8199 8098)
4(3068 8198 8199 3069)
4(2969 3070 8200 8099)
4(3069 8199 8200 3070)
4(2970 3071 8201 8100)
4(3070 8200 8201 3071)
4(2971 3072 8202 8101)
4(3071 8201 8202 3072)
4(2972 3073 8203 8102)
4(3072 8202 8203 3073)
4(2973 3074 8204 8103)
4(3073 8203 8204 3074)
4(2974 3075 8205 8104)
4(3074 8204 8205 3075)
4(2975 3076 8206 8105)
4(3075 8205 8206 3076)
4(2976 3077 8207 8106)
4(3076 8206 8207 3077)
4(2977 3078 8208 8107)
4(3077 8207 8208 3078)
4(2978 3079 8209 8108)
4(3078 8208 8209 3079)
4(2979 3080 8210 8109)
4(3079 8209 8210 3080)
4(2980 3081 8211 8110)
4(3080 8210 8211 3081)
4(2981 3082 8212 8111)
4(3081 8211 8212 3082)
4(2982 3083 8213 8112)
4(3082 8212 8213 3083)
4(2983 3084 8214 8113)
4(3083 8213 8214 3084)
4(2984 3085 8215 8114)
4(3084 8214 8215 3085)
4(2985 3086 8216 8115)
4(3085 8215 8216 3086)
4(2986 3087 8217 8116)
4(3086 8216 8217 3087)
4(2987 3088 8218 8117)
4(3087 8217 8218 3088)
4(2988 3089 8219 8118)
4(3088 8218 8219 3089)
4(2989 3090 8220 8119)
4(3089 8219 8220 3090)
4(2990 3091 8221 8120)
4(3090 8220 8221 3091)
4(2991 3092 8222 8121)
4(3091 8221 8222 3092)
4(2992 3093 8223 8122)
4(3092 8222 8223 3093)
4(2993 3094 8224 8123)
4(3093 8223 8224 3094)
4(2994 3095 8225 8124)
4(3094 8224 8225 3095)
4(2995 3096 8226 8125)
4(3095 8225 8226 3096)
4(2996 3097 8227 8126)
4(3096 8226 8227 3097)
4(2997 3098 8228 8127)
4(3097 8227 8228 3098)
4(2998 3099 8229 8128)
4(3098 8228 8229 3099)
4(2999 3100 8230 8129)
4(3099 8229 8230 3100)
4(3000 3101 8231 8130)
4(3100 8230 8231 3101)
4(3001 3102 8232 8131)
4(3101 8231 8232 3102)
4(3002 3103 8233 8132)
4(3102 8232 8233 3103)
4(3003 3104 8234 8133)
4(3103 8233 8234 3104)
4(3004 3105 8235 8134)
4(3104 8234 8235 3105)
4(3005 3106 8236 8135)
4(3105 8235 8236 3106)
4(3006 3107 8237 8136)
4(3106 8236 8237 3107)
4(3007 3108 8238 8137)
4(3107 8237 8238 3108)
4(3108 8238 8239 3109)
4(3010 3111 8241 8140)
4(3110 8240 8241 3111)
4(3011 3112 8242 8141)
4(3111 8241 8242 3112)
4(3012 3113 8243 8142)
4(3112 8242 8243 3113)
4(3013 3114 8244 8143)
4(3113 8243 8244 3114)
4(3014 3115 8245 8144)
4(3114 8244 8245 3115)
4(3015 3116 8246 8145)
4(3115 8245 8246 3116)
4(3016 3117 8247 8146)
4(3116 8246 8247 3117)
4(3017 3118 8248 8147)
4(3117 8247 8248 3118)
4(3018 3119 8249 8148)
4(3118 8248 8249 3119)
4(3019 3120 8250 8149)
4(3119 8249 8250 3120)
4(3020 3121 8251 8150)
4(3120 8250 8251 3121)
4(3021 3122 8252 8151)
4(3121 8251 8252 3122)
4(3022 3123 8253 8152)
4(3122 8252 8253 3123)
4(3023 3124 8254 8153)
4(3123 8253 8254 3124)
4(3024 3125 8255 8154)
4(3124 8254 8255 3125)
4(3025 3126 8256 8155)
4(3125 8255 8256 3126)
4(3026 3127 8257 8156)
4(3126 8256 8257 3127)
4(3027 3128 8258 8157)
4(3127 8257 8258 3128)
4(3028 3129 8259 8158)
4(3128 8258 8259 3129)
4(3029 3130 8260 8159)
4(3129 8259 8260 3130)
4(3030 3131 8261 8160)
4(3130 8260 8261 3131)
4(3031 3132 8262 8161)
4(3131 8261 8262 3132)
4(3032 3133 8263 8162)
4(3132 8262 8263 3133)
4(3033 3134 8264 8163)
4(3133 8263 8264 3134)
4(3034 3135 8265 8164)
4(3134 8264 8265 3135)
4(3035 3136 8266 8165)
4(3135 8265 8266 3136)
4(3036 3137 8267 8166)
4(3136 8266 8267 3137)
4(3037 3138 8268 8167)
4(3137 8267 8268 3138)
4(3038 3139 8269 8168)
4(3138 8268 8269 3139)
4(3039 3140 8270 8169)
4(3139 8269 8270 3140)
4(3040 3141 8271 8170)
4(3140 8270 8271 3141)
4(3041 3142 8272 8171)
4(3141 8271 8272 3142)
4(3042 3143 8273 8172)
4(3142 8272 8273 3143)
4(3043 3144 8274 8173)
4(3143 8273 8274 3144)
4(3044 3145 8275 8174)
4(3144 8274 8275 3145)
4(3045 3146 8276 8175)
4(3145 8275 8276 3146)
4(3046 3147 8277 8176)
4(3146 8276 8277 3147)
4(3047 3148 8278 8177)
4(3147 8277 8278 3148)
4(3048 3149 8279 8178)
4(3148 8278 8279 3149)
4(3049 3150 8280 8179)
4(3149 8279 8280 3150)
4(3050 3151 8281 8180)
4(3150 8280 8281 3151)
4(3051 3152 8282 8181)
4(3151 8281 8282 3152)
4(3052 3153 8283 8182)
4(3152 8282 8283 3153)
4(3053 3154 8284 8183)
4(3153 8283 8284 3154)
4(3054 3155 8285 8184)
4(3154 8284 8285 3155)
4(3055 3156 8286 8185)
4(3155 8285 8286 3156)
4(3056 3157 8287 8186)
4(3156 8286 8287 3157)
4(3057 3158 8288 8187)
4(3157 8287 8288 3158)
4(3058 3159 8289 8188)
4(3158 8288 8289 3159)
4(3059 3160 8290 8189)
4(3159 8289 8290 3160)
4(3060 3161 8291 8190)
4(3160 8290 8291 3161)
4(3061 3162 8292 8191)
4(3161 8291 8292 3162)
4(3062 3163 8293 8192)
4(3162 8292 8293 3163)
4(3063 3164 8294 8193)
4(3163 8293 8294 3164)
4(3064 3165 8295 8194)
4(3164 8294 8295 3165)
4(3065 3166 8296 8195)
4(3165 8295 8296 3166)
4(3066 3167 8297 8196)
4(3166 8296 8297 3167)
4(3067 3168 8298 8197)
4(3167 8297 8298 3168)
4(3068 3169 8299 8198)
4(3168 8298 8299 3169)
4(3069 3170 8300 8199)
4(3169 8299 8300 3170)
4(3070 3171 8301 8200)
4(3170 8300 8301 3171)
4(3071 3172 8302 8201)
4(3171 8301 8302 3172)
4(3072 3173 8303 8202)
4(3172 8302 8303 3173)
4(3073 3174 8304 8203)
4(3173 8303 8304 3174)
4(3074 3175 8305 8204)
4(3174 8304 8305 3175)
4(3075 3176 8306 8205)
4(3175 8305 8306 3176)
4(3076 3177 8307 8206)
4(3176 8306 8307 3177)
4(3077 3178 8308 8207)
4(3177 8307 8308 3178)
4(3078 3179 8309 8208)
4(3178 8308 8309 3179)
4(3079 3180 8310 8209)
4(3179 8309 8310 3180)
4(3080 3181 8311 8210)
4(3180 8310 8311 3181)
4(3081 3182 8312 8211)
4(3181 8311 8312 3182)
4(3082 3183 8313 8212)
4(3182 8312 8313 3183)
4(3083 3184 8314 8213)
4(3183 8313 8314 3184)
4(3084 3185 8315 8214)
4(3184 8314 8315 3185)
4(3085 3186 8316 8215)
4(3185 8315 8316 3186)
4(3086 3187 8317 8216)
4(3186 8316 8317 3187)
4(3087 3188 8318 8217)
4(3187 8317 8318 3188)
4(3088 3189 8319 8218)
4(3188 8318 8319 3189)
4(3089 3190 8320 8219)
4(3189 8319 8320 3190)
4(3090 3191 8321 8220)
4(3190 8320 8321 3191)
4(3091 3192 8322 8221)
4(3191 8321 8322 3192)
4(3092 3193 8323 8222)
4(3192 8322 8323 3193)
4(3093 3194 8324 8223)
4(3193 8323 8324 3194)
4(3094 3195 8325 8224)
4(3194 8324 8325 3195)
4(3095 3196 8326 8225)
4(3195 8325 8326 3196)
4(3096 3197 8327 8226)
4(3196 8326 8327 3197)
4(3097 3198 8328 8227)
4(3197 8327 8328 3198)
4(3098 3199 8329 8228)
4(3198 8328 8329 3199)
4(3099 3200 8330 8229)
4(3199 8329 8330 3200)
4(3100 3201 8331 8230)
4(3200 8330 8331 3201)
4(3101 3202 8332 8231)
4(3201 8331 8332 3202)
4(3102 3203 8333 8232)
4(3202 8332 8333 3203)
4(3103 3204 8334 8233)
4(3203 8333 8334 3204)
4(3104 3205 8335 8234)
4(3204 8334 8335 3205)
4(3105 3206 8336 8235)
4(3205 8335 8336 3206)
4(3106 3207 8337 8236)
4(3206 8336 8337 3207)
4(3107 3208 8338 8237)
4(3207 8337 8338 3208)
4(3108 3209 8339 8238)
4(3208 8338 8339 3209)
4(3209 8339 8340 3210)
4(3111 3212 8342 8241)
4(3211 8341 8342 3212)
4(3112 3213 8343 8242)
4(3212 8342 8343 3213)
4(3113 3214 8344 8243)
4(3213 8343 8344 3214)
4(3114 3215 8345 8244)
4(3214 8344 8345 3215)
4(3115 3216 8346 8245)
4(3215 8345 8346 3216)
4(3116 3217 8347 8246)
4(3216 8346 8347 3217)
4(3117 3218 8348 8247)
4(3217 8347 8348 3218)
4(3118 3219 8349 8248)
4(3218 8348 8349 3219)
4(3119 3220 8350 8249)
4(3219 8349 8350 3220)
4(3120 3221 8351 8250)
4(3220 8350 8351 3221)
4(3121 3222 8352 8251)
4(3221 8351 8352 3222)
4(3122 3223 8353 8252)
4(3222 8352 8353 3223)
4(3123 3224 8354 8253)
4(3223 8353 8354 3224)
4(3124 3225 8355 8254)
4(3224 8354 8355 3225)
4(3125 3226 8356 8255)
4(3225 8355 8356 3226)
4(3126 3227 8357 8256)
4(3226 8356 8357 3227)
4(3127 3228 8358 8257)
4(3227 8357 8358 3228)
4(3128 3229 8359 8258)
4(3228 8358 8359 3229)
4(3129 3230 8360 8259)
4(3229 8359 8360 3230)
4(3130 3231 8361 8260)
4(3230 8360 8361 3231)
4(3131 3232 8362 8261)
4(3231 8361 8362 3232)
4(3132 3233 8363 8262)
4(3232 8362 8363 3233)
4(3133 3234 8364 8263)
4(3233 8363 8364 3234)
4(3134 3235 8365 8264)
4(3234 8364 8365 3235)
4(3135 3236 8366 8265)
4(3235 8365 8366 3236)
4(3136 3237 8367 8266)
4(3236 8366 8367 3237)
4(3137 3238 8368 8267)
4(3237 8367 8368 3238)
4(3138 3239 8369 8268)
4(3238 8368 8369 3239)
4(3139 3240 8370 8269)
4(3239 8369 8370 3240)
4(3140 3241 8371 8270)
4(3240 8370 8371 3241)
4(3141 3242 8372 8271)
4(3241 8371 8372 3242)
4(3142 3243 8373 8272)
4(3242 8372 8373 3243)
4(3143 3244 8374 8273)
4(3243 8373 8374 3244)
4(3144 3245 8375 8274)
4(3244 8374 8375 3245)
4(3145 3246 8376 8275)
4(3245 8375 8376 3246)
4(3146 3247 8377 8276)
4(3246 8376 8377 3247)
4(3147 3248 8378 8277)
4(3247 8377 8378 3248)
4(3148 3249 8379 8278)
4(3248 8378 8379 3249)
4(3149 3250 8380 8279)
4(3249 8379 8380 3250)
4(3150 3251 8381 8280)
4(3250 8380 8381 3251)
4(3151 3252 8382 8281)
4(3251 8381 8382 3252)
4(3152 3253 8383 8282)
4(3252 8382 8383 3253)
4(3153 3254 8384 8283)
4(3253 8383 8384 3254)
4(3154 3255 8385 8284)
4(3254 8384 8385 3255)
4(3155 3256 8386 8285)
4(3255 8385 8386 3256)
4(3156 3257 8387 8286)
4(3256 8386 8387 3257)
4(3157 3258 8388 8287)
4(3257 8387 8388 3258)
4(3158 3259 8389 8288)
4(3258 8388 8389 3259)
4(3159 3260 8390 8289)
4(3259 8389 8390 3260)
4(3160 3261 8391 8290)
4(3260 8390 8391 3261)
4(3161 3262 8392 8291)
4(3261 8391 8392 3262)
4(3162 3263 8393 8292)
4(3262 8392 8393 3263)
4(3163 3264 8394 8293)
4(3263 8393 8394 3264)
4(3164 3265 8395 8294)
4(3264 8394 8395 3265)
4(3165 3266 8396 8295)
4(3265 8395 8396 3266)
4(3166 3267 8397 8296)
4(3266 8396 8397 3267)
4(3167 3268 8398 8297)
4(3267 8397 8398 3268)
4(3168 3269 8399 8298)
4(3268 8398 8399 3269)
4(3169 3270 8400 8299)
4(3269 8399 8400 3270)
4(3170 3271 8401 8300)
4(3270 8400 8401 3271)
4(3171 3272 8402 8301)
4(3271 8401 8402 3272)
4(3172 3273 8403 8302)
4(3272 8402 8403 3273)
4(3173 3274 8404 8303)
4(3273 8403 8404 3274)
4(3174 3275 8405 8304)
4(3274 8404 8405 3275)
4(3175 3276 8406 8305)
4(3275 8405 8406 3276)
4(3176 3277 8407 8306)
4(3276 8406 8407 3277)
4(3177 3278 8408 8307)
4(3277 8407 8408 3278)
4(3178 3279 8409 8308)
4(3278 8408 8409 3279)
4(3179 3280 8410 8309)
4(3279 8409 8410 3280)
4(3180 3281 8411 8310)
4(3280 8410 8411 3281)
4(3181 3282 8412 8311)
4(3281 8411 8412 3282)
4(3182 3283 8413 8312)
4(3282 8412 8413 3283)
4(3183 3284 8414 8313)
4(3283 8413 8414 3284)
4(3184 3285 8415 8314)
4(3284 8414 8415 3285)
4(3185 3286 8416 8315)
4(3285 8415 8416 3286)
4(3186 3287 8417 8316)
4(3286 8416 8417 3287)
4(3187 3288 8418 8317)
4(3287 8417 8418 3288)
4(3188 3289 8419 8318)
4(3288 8418 8419 3289)
4(3189 3290 8420 8319)
4(3289 8419 8420 3290)
4(3190 3291 8421 8320)
4(3290 8420 8421 3291)
4(3191 3292 8422 8321)
4(3291 8421 8422 3292)
4(3192 3293 8423 8322)
4(3292 8422 8423 3293)
4(3193 3294 8424 8323)
4(3293 8423 8424 3294)
4(3194 3295 8425 8324)
4(3294 8424 8425 3295)
4(3195 3296 8426 8325)
4(3295 8425 8426 3296)
4(3196 3297 8427 8326)
4(3296 8426 8427 3297)
4(3197 3298 8428 8327)
4(3297 8427 8428 3298)
4(3198 3299 8429 8328)
4(3298 8428 8429 3299)
4(3199 3300 8430 8329)
4(3299 8429 8430 3300)
4(3200 3301 8431 8330)
4(3300 8430 8431 3301)
4(3201 3302 8432 8331)
4(3301 8431 8432 3302)
4(3202 3303 8433 8332)
4(3302 8432 8433 3303)
4(3203 3304 8434 8333)
4(3303 8433 8434 3304)
4(3204 3305 8435 8334)
4(3304 8434 8435 3305)
4(3205 3306 8436 8335)
4(3305 8435 8436 3306)
4(3206 3307 8437 8336)
4(3306 8436 8437 3307)
4(3207 3308 8438 8337)
4(3307 8437 8438 3308)
4(3208 3309 8439 8338)
4(3308 8438 8439 3309)
4(3209 3310 8440 8339)
4(3309 8439 8440 3310)
4(3310 8440 8441 3311)
4(3212 3313 8443 8342)
4(3312 8442 8443 3313)
4(3213 3314 8444 8343)
4(3313 8443 8444 3314)
4(3214 3315 8445 8344)
4(3314 8444 8445 3315)
4(3215 3316 8446 8345)
4(3315 8445 8446 3316)
4(3216 3317 8447 8346)
4(3316 8446 8447 3317)
4(3217 3318 8448 8347)
4(3317 8447 8448 3318)
4(3218 3319 8449 8348)
4(3318 8448 8449 3319)
4(3219 3320 8450 8349)
4(3319 8449 8450 3320)
4(3220 3321 8451 8350)
4(3320 8450 8451 3321)
4(3221 3322 8452 8351)
4(3321 8451 8452 3322)
4(3222 3323 8453 8352)
4(3322 8452 8453 3323)
4(3223 3324 8454 8353)
4(3323 8453 8454 3324)
4(3224 3325 8455 8354)
4(3324 8454 8455 3325)
4(3225 3326 8456 8355)
4(3325 8455 8456 3326)
4(3226 3327 8457 8356)
4(3326 8456 8457 3327)
4(3227 3328 8458 8357)
4(3327 8457 8458 3328)
4(3228 3329 8459 8358)
4(3328 8458 8459 3329)
4(3229 3330 8460 8359)
4(3329 8459 8460 3330)
4(3230 3331 8461 8360)
4(3330 8460 8461 3331)
4(3231 3332 8462 8361)
4(3331 8461 8462 3332)
4(3232 3333 8463 8362)
4(3332 8462 8463 3333)
4(3233 3334 8464 8363)
4(3333 8463 8464 3334)
4(3234 3335 8465 8364)
4(3334 8464 8465 3335)
4(3235 3336 8466 8365)
4(3335 8465 8466 3336)
4(3236 3337 8467 8366)
4(3336 8466 8467 3337)
4(3237 3338 8468 8367)
4(3337 8467 8468 3338)
4(3238 3339 8469 8368)
4(3338 8468 8469 3339)
4(3239 3340 8470 8369)
4(3339 8469 8470 3340)
4(3240 3341 8471 8370)
4(3340 8470 8471 3341)
4(3241 3342 8472 8371)
4(3341 8471 8472 3342)
4(3242 3343 8473 8372)
4(3342 8472 8473 3343)
4(3243 3344 8474 8373)
4(3343 8473 8474 3344)
4(3244 3345 8475 8374)
4(3344 8474 8475 3345)
4(3245 3346 8476 8375)
4(3345 8475 8476 3346)
4(3246 3347 8477 8376)
4(3346 8476 8477 3347)
4(3247 3348 8478 8377)
4(3347 8477 8478 3348)
4(3248 3349 8479 8378)
4(3348 8478 8479 3349)
4(3249 3350 8480 8379)
4(3349 8479 8480 3350)
4(3250 3351 8481 8380)
4(3350 8480 8481 3351)
4(3251 3352 8482 8381)
4(3351 8481 8482 3352)
4(3252 3353 8483 8382)
4(3352 8482 8483 3353)
4(3253 3354 8484 8383)
4(3353 8483 8484 3354)
4(3254 3355 8485 8384)
4(3354 8484 8485 3355)
4(3255 3356 8486 8385)
4(3355 8485 8486 3356)
4(3256 3357 8487 8386)
4(3356 8486 8487 3357)
4(3257 3358 8488 8387)
4(3357 8487 8488 3358)
4(3258 3359 8489 8388)
4(3358 8488 8489 3359)
4(3259 3360 8490 8389)
4(3359 8489 8490 3360)
4(3260 3361 8491 8390)
4(3360 8490 8491 3361)
4(3261 3362 8492 8391)
4(3361 8491 8492 3362)
4(3262 3363 8493 8392)
4(3362 8492 8493 3363)
4(3263 3364 8494 8393)
4(3363 8493 8494 3364)
4(3264 3365 8495 8394)
4(3364 8494 8495 3365)
4(3265 3366 8496 8395)
4(3365 8495 8496 3366)
4(3266 3367 8497 8396)
4(3366 8496 8497 3367)
4(3267 3368 8498 8397)
4(3367 8497 8498 3368)
4(3268 3369 8499 8398)
4(3368 8498 8499 3369)
4(3269 3370 8500 8399)
4(3369 8499 8500 3370)
4(3270 3371 8501 8400)
4(3370 8500 8501 3371)
4(3271 3372 8502 8401)
4(3371 8501 8502 3372)
4(3272 3373 8503 8402)
4(3372 8502 8503 3373)
4(3273 3374 8504 8403)
4(3373 8503 8504 3374)
4(3274 3375 8505 8404)
4(3374 8504 8505 3375)
4(3275 3376 8506 8405)
4(3375 8505 8506 3376)
4(3276 3377 8507 8406)
4(3376 8506 8507 3377)
4(3277 3378 8508 8407)
4(3377 8507 8508 3378)
4(3278 3379 8509 8408)
4(3378 8508 8509 3379)
4(3279 3380 8510 8409)
4(3379 8509 8510 3380)
4(3280 3381 8511 8410)
4(3380 8510 8511 3381)
4(3281 3382 8512 8411)
4(3381 8511 8512 3382)
4(3282 3383 8513 8412)
4(3382 8512 8513 3383)
4(3283 3384 8514 8413)
4(3383 8513 8514 3384)
4(3284 3385 8515 8414)
4(3384 8514 8515 3385)
4(3285 3386 8516 8415)
4(3385 8515 8516 3386)
4(3286 3387 8517 8416)
4(3386 8516 8517 3387)
4(3287 3388 8518 8417)
4(3387 8517 8518 3388)
4(3288 3389 8519 8418)
4(3388 8518 8519 3389)
4(3289 3390 8520 8419)
4(3389 8519 8520 3390)
4(3290 3391 8521 8420)
4(3390 8520 8521 3391)
4(3291 3392 8522 8421)
4(3391 8521 8522 3392)
4(3292 3393 8523 8422)
4(3392 8522 8523 3393)
4(3293 3394 8524 8423)
4(3393 8523 8524 3394)
4(3294 3395 8525 8424)
4(3394 8524 8525 3395)
4(3295 3396 8526 8425)
4(3395 8525 8526 3396)
4(3296 3397 8527 8426)
4(3396 8526 8527 3397)
4(3297 3398 8528 8427)
4(3397 8527 8528 3398)
4(3298 3399 8529 8428)
4(3398 8528 8529 3399)
4(3299 3400 8530 8429)
4(3399 8529 8530 3400)
4(3300 3401 8531 8430)
4(3400 8530 8531 3401)
4(3301 3402 8532 8431)
4(3401 8531 8532 3402)
4(3302 3403 8533 8432)
4(3402 8532 8533 3403)
4(3303 3404 8534 8433)
4(3403 8533 8534 3404)
4(3304 3405 8535 8434)
4(3404 8534 8535 3405)
4(3305 3406 8536 8435)
4(3405 8535 8536 3406)
4(3306 3407 8537 8436)
4(3406 8536 8537 3407)
4(3307 3408 8538 8437)
4(3407 8537 8538 3408)
4(3308 3409 8539 8438)
4(3408 8538 8539 3409)
4(3309 3410 8540 8439)
4(3409 8539 8540 3410)
4(3310 3411 8541 8440)
4(3410 8540 8541 3411)
4(3411 8541 8542 3412)
4(3313 3414 8544 8443)
4(3413 8543 8544 3414)
4(3314 3415 8545 8444)
4(3414 8544 8545 3415)
4(3315 3416 8546 8445)
4(3415 8545 8546 3416)
4(3316 3417 8547 8446)
4(3416 8546 8547 3417)
4(3317 3418 8548 8447)
4(3417 8547 8548 3418)
4(3318 3419 8549 8448)
4(3418 8548 8549 3419)
4(3319 3420 8550 8449)
4(3419 8549 8550 3420)
4(3320 3421 8551 8450)
4(3420 8550 8551 3421)
4(3321 3422 8552 8451)
4(3421 8551 8552 3422)
4(3322 3423 8553 8452)
4(3422 8552 8553 3423)
4(3323 3424 8554 8453)
4(3423 8553 8554 3424)
4(3324 3425 8555 8454)
4(3424 8554 8555 3425)
4(3325 3426 8556 8455)
4(3425 8555 8556 3426)
4(3326 3427 8557 8456)
4(3426 8556 8557 3427)
4(3327 3428 8558 8457)
4(3427 8557 8558 3428)
4(3328 3429 8559 8458)
4(3428 8558 8559 3429)
4(3329 3430 8560 8459)
4(3429 8559 8560 3430)
4(3330 3431 8561 8460)
4(3430 8560 8561 3431)
4(3331 3432 8562 8461)
4(3431 8561 8562 3432)
4(3332 3433 8563 8462)
4(3432 8562 8563 3433)
4(3333 3434 8564 8463)
4(3433 8563 8564 3434)
4(3334 3435 8565 8464)
4(3434 8564 8565 3435)
4(3335 3436 8566 8465)
4(3435 8565 8566 3436)
4(3336 3437 8567 8466)
4(3436 8566 8567 3437)
4(3337 3438 8568 8467)
4(3437 8567 8568 3438)
4(3338 3439 8569 8468)
4(3438 8568 8569 3439)
4(3339 3440 8570 8469)
4(3439 8569 8570 3440)
4(3340 3441 8571 8470)
4(3440 8570 8571 3441)
4(3341 3442 8572 8471)
4(3441 8571 8572 3442)
4(3342 3443 8573 8472)
4(3442 8572 8573 3443)
4(3343 3444 8574 8473)
4(3443 8573 8574 3444)
4(3344 3445 8575 8474)
4(3444 8574 8575 3445)
4(3345 3446 8576 8475)
4(3445 8575 8576 3446)
4(3346 3447 8577 8476)
4(3446 8576 8577 3447)
4(3347 3448 8578 8477)
4(3447 8577 8578 3448)
4(3348 3449 8579 8478)
4(3448 8578 8579 3449)
4(3349 3450 8580 8479)
4(3449 8579 8580 3450)
4(3350 3451 8581 8480)
4(3450 8580 8581 3451)
4(3351 3452 8582 8481)
4(3451 8581 8582 3452)
4(3352 3453 8583 8482)
4(3452 8582 8583 3453)
4(3353 3454 8584 8483)
4(3453 8583 8584 3454)
4(3354 3455 8585 8484)
4(3454 8584 8585 3455)
4(3355 3456 8586 8485)
4(3455 8585 8586 3456)
4(3356 3457 8587 8486)
4(3456 8586 8587 3457)
4(3357 3458 8588 8487)
4(3457 8587 8588 3458)
4(3358 3459 8589 8488)
4(3458 8588 8589 3459)
4(3359 3460 8590 8489)
4(3459 8589 8590 3460)
4(3360 3461 8591 8490)
4(3460 8590 8591 3461)
4(3361 3462 8592 8491)
4(3461 8591 8592 3462)
4(3362 3463 8593 8492)
4(3462 8592 8593 3463)
4(3363 3464 8594 8493)
4(3463 8593 8594 3464)
4(3364 3465 8595 8494)
4(3464 8594 8595 3465)
4(3365 3466 8596 8495)
4(3465 8595 8596 3466)
4(3366 3467 8597 8496)
4(3466 8596 8597 3467)
4(3367 3468 8598 8497)
4(3467 8597 8598 3468)
4(3368 3469 8599 8498)
4(3468 8598 8599 3469)
4(3369 3470 8600 8499)
4(3469 8599 8600 3470)
4(3370 3471 8601 8500)
4(3470 8600 8601 3471)
4(3371 3472 8602 8501)
4(3471 8601 8602 3472)
4(3372 3473 8603 8502)
4(3472 8602 8603 3473)
4(3373 3474 8604 8503)
4(3473 8603 8604 3474)
4(3374 3475 8605 8504)
4(3474 8604 8605 3475)
4(3375 3476 8606 8505)
4(3475 8605 8606 3476)
4(3376 3477 8607 8506)
4(3476 8606 8607 3477)
4(3377 3478 8608 8507)
4(3477 8607 8608 3478)
4(3378 3479 8609 8508)
4(3478 8608 8609 3479)
4(3379 3480 8610 8509)
4(3479 8609 8610 3480)
4(3380 3481 8611 8510)
4(3480 8610 8611 3481)
4(3381 3482 8612 8511)
4(3481 8611 8612 3482)
4(3382 3483 8613 8512)
4(3482 8612 8613 3483)
4(3383 3484 8614 8513)
4(3483 8613 8614 3484)
4(3384 3485 8615 8514)
4(3484 8614 8615 3485)
4(3385 3486 8616 8515)
4(3485 8615 8616 3486)
4(3386 3487 8617 8516)
4(3486 8616 8617 3487)
4(3387 3488 8618 8517)
4(3487 8617 8618 3488)
4(3388 3489 8619 8518)
4(3488 8618 8619 3489)
4(3389 3490 8620 8519)
4(3489 8619 8620 3490)
4(3390 3491 8621 8520)
4(3490 8620 8621 3491)
4(3391 3492 8622 8521)
4(3491 8621 8622 3492)
4(3392 3493 8623 8522)
4(3492 8622 8623 3493)
4(3393 3494 8624 8523)
4(3493 8623 8624 3494)
4(3394 3495 8625 8524)
4(3494 8624 8625 3495)
4(3395 3496 8626 8525)
4(3495 8625 8626 3496)
4(3396 3497 8627 8526)
4(3496 8626 8627 3497)
4(3397 3498 8628 8527)
4(3497 8627 8628 3498)
4(3398 3499 8629 8528)
4(3498 8628 8629 3499)
4(3399 3500 8630 8529)
4(3499 8629 8630 3500)
4(3400 3501 8631 8530)
4(3500 8630 8631 3501)
4(3401 3502 8632 8531)
4(3501 8631 8632 3502)
4(3402 3503 8633 8532)
4(3502 8632 8633 3503)
4(3403 3504 8634 8533)
4(3503 8633 8634 3504)
4(3404 3505 8635 8534)
4(3504 8634 8635 3505)
4(3405 3506 8636 8535)
4(3505 8635 8636 3506)
4(3406 3507 8637 8536)
4(3506 8636 8637 3507)
4(3407 3508 8638 8537)
4(3507 8637 8638 3508)
4(3408 3509 8639 8538)
4(3508 8638 8639 3509)
4(3409 3510 8640 8539)
4(3509 8639 8640 3510)
4(3410 3511 8641 8540)
4(3510 8640 8641 3511)
4(3411 3512 8642 8541)
4(3511 8641 8642 3512)
4(3512 8642 8643 3513)
4(3414 3515 8645 8544)
4(3514 8644 8645 3515)
4(3415 3516 8646 8545)
4(3515 8645 8646 3516)
4(3416 3517 8647 8546)
4(3516 8646 8647 3517)
4(3417 3518 8648 8547)
4(3517 8647 8648 3518)
4(3418 3519 8649 8548)
4(3518 8648 8649 3519)
4(3419 3520 8650 8549)
4(3519 8649 8650 3520)
4(3420 3521 8651 8550)
4(3520 8650 8651 3521)
4(3421 3522 8652 8551)
4(3521 8651 8652 3522)
4(3422 3523 8653 8552)
4(3522 8652 8653 3523)
4(3423 3524 8654 8553)
4(3523 8653 8654 3524)
4(3424 3525 8655 8554)
4(3524 8654 8655 3525)
4(3425 3526 8656 8555)
4(3525 8655 8656 3526)
4(3426 3527 8657 8556)
4(3526 8656 8657 3527)
4(3427 3528 8658 8557)
4(3527 8657 8658 3528)
4(3428 3529 8659 8558)
4(3528 8658 8659 3529)
4(3429 3530 8660 8559)
4(3529 8659 8660 3530)
4(3430 3531 8661 8560)
4(3530 8660 8661 3531)
4(3431 3532 8662 8561)
4(3531 8661 8662 3532)
4(3432 3533 8663 8562)
4(3532 8662 8663 3533)
4(3433 3534 8664 8563)
4(3533 8663 8664 3534)
4(3434 3535 8665 8564)
4(3534 8664 8665 3535)
4(3435 3536 8666 8565)
4(3535 8665 8666 3536)
4(3436 3537 8667 8566)
4(3536 8666 8667 3537)
4(3437 3538 8668 8567)
4(3537 8667 8668 3538)
4(3438 3539 8669 8568)
4(3538 8668 8669 3539)
4(3439 3540 8670 8569)
4(3539 8669 8670 3540)
4(3440 3541 8671 8570)
4(3540 8670 8671 3541)
4(3441 3542 8672 8571)
4(3541 8671 8672 3542)
4(3442 3543 8673 8572)
4(3542 8672 8673 3543)
4(3443 3544 8674 8573)
4(3543 8673 8674 3544)
4(3444 3545 8675 8574)
4(3544 8674 8675 3545)
4(3445 3546 8676 8575)
4(3545 8675 8676 3546)
4(3446 3547 8677 8576)
4(3546 8676 8677 3547)
4(3447 3548 8678 8577)
4(3547 8677 8678 3548)
4(3448 3549 8679 8578)
4(3548 8678 8679 3549)
4(3449 3550 8680 8579)
4(3549 8679 8680 3550)
4(3450 3551 8681 8580)
4(3550 8680 8681 3551)
4(3451 3552 8682 8581)
4(3551 8681 8682 3552)
4(3452 3553 8683 8582)
4(3552 8682 8683 3553)
4(3453 3554 8684 8583)
4(3553 8683 8684 3554)
4(3454 3555 8685 8584)
4(3554 8684 8685 3555)
4(3455 3556 8686 8585)
4(3555 8685 8686 3556)
4(3456 3557 8687 8586)
4(3556 8686 8687 3557)
4(3457 3558 8688 8587)
4(3557 8687 8688 3558)
4(3458 3559 8689 8588)
4(3558 8688 8689 3559)
4(3459 3560 8690 8589)
4(3559 8689 8690 3560)
4(3460 3561 8691 8590)
4(3560 8690 8691 3561)
4(3461 3562 8692 8591)
4(3561 8691 8692 3562)
4(3462 3563 8693 8592)
4(3562 8692 8693 3563)
4(3463 3564 8694 8593)
4(3563 8693 8694 3564)
4(3464 3565 8695 8594)
4(3564 8694 8695 3565)
4(3465 3566 8696 8595)
4(3565 8695 8696 3566)
4(3466 3567 8697 8596)
4(3566 8696 8697 3567)
4(3467 3568 8698 8597)
4(3567 8697 8698 3568)
4(3468 3569 8699 8598)
4(3568 8698 8699 3569)
4(3469 3570 8700 8599)
4(3569 8699 8700 3570)
4(3470 3571 8701 8600)
4(3570 8700 8701 3571)
4(3471 3572 8702 8601)
4(3571 8701 8702 3572)
4(3472 3573 8703 8602)
4(3572 8702 8703 3573)
4(3473 3574 8704 8603)
4(3573 8703 8704 3574)
4(3474 3575 8705 8604)
4(3574 8704 8705 3575)
4(3475 3576 8706 8605)
4(3575 8705 8706 3576)
4(3476 3577 8707 8606)
4(3576 8706 8707 3577)
4(3477 3578 8708 8607)
4(3577 8707 8708 3578)
4(3478 3579 8709 8608)
4(3578 8708 8709 3579)
4(3479 3580 8710 8609)
4(3579 8709 8710 3580)
4(3480 3581 8711 8610)
4(3580 8710 8711 3581)
4(3481 3582 8712 8611)
4(3581 8711 8712 3582)
4(3482 3583 8713 8612)
4(3582 8712 8713 3583)
4(3483 3584 8714 8613)
4(3583 8713 8714 3584)
4(3484 3585 8715 8614)
4(3584 8714 8715 3585)
4(3485 3586 8716 8615)
4(3585 8715 8716 3586)
4(3486 3587 8717 8616)
4(3586 8716 8717 3587)
4(3487 3588 8718 8617)
4(3587 8717 8718 3588)
4(3488 3589 8719 8618)
4(3588 8718 8719 3589)
4(3489 3590 8720 8619)
4(3589 8719 8720 3590)
4(3490 3591 8721 8620)
4(3590 8720 8721 3591)
4(3491 3592 8722 8621)
4(3591 8721 8722 3592)
4(3492 3593 8723 8622)
4(3592 8722 8723 3593)
4(3493 3594 8724 8623)
4(3593 8723 8724 3594)
4(3494 3595 8725 8624)
4(3594 8724 8725 3595)
4(3495 3596 8726 8625)
4(3595 8725 8726 3596)
4(3496 3597 8727 8626)
4(3596 8726 8727 3597)
4(3497 3598 8728 8627)
4(3597 8727 8728 3598)
4(3498 3599 8729 8628)
4(3598 8728 8729 3599)
4(3499 3600 8730 8629)
4(3599 8729 8730 3600)
4(3500 3601 8731 8630)
4(3600 8730 8731 3601)
4(3501 3602 8732 8631)
4(3601 8731 8732 3602)
4(3502 3603 8733 8632)
4(3602 8732 8733 3603)
4(3503 3604 8734 8633)
4(3603 8733 8734 3604)
4(3504 3605 8735 8634)
4(3604 8734 8735 3605)
4(3505 3606 8736 8635)
4(3605 8735 8736 3606)
4(3506 3607 8737 8636)
4(3606 8736 8737 3607)
4(3507 3608 8738 8637)
4(3607 8737 8738 3608)
4(3508 3609 8739 8638)
4(3608 8738 8739 3609)
4(3509 3610 8740 8639)
4(3609 8739 8740 3610)
4(3510 3611 8741 8640)
4(3610 8740 8741 3611)
4(3511 3612 8742 8641)
4(3611 8741 8742 3612)
4(3512 3613 8743 8642)
4(3612 8742 8743 3613)
4(3613 8743 8744 3614)
4(3515 3616 8746 8645)
4(3615 8745 8746 3616)
4(3516 3617 8747 8646)
4(3616 8746 8747 3617)
4(3517 3618 8748 8647)
4(3617 8747 8748 3618)
4(3518 3619 8749 8648)
4(3618 8748 8749 3619)
4(3519 3620 8750 8649)
4(3619 8749 8750 3620)
4(3520 3621 8751 8650)
4(3620 8750 8751 3621)
4(3521 3622 8752 8651)
4(3621 8751 8752 3622)
4(3522 3623 8753 8652)
4(3622 8752 8753 3623)
4(3523 3624 8754 8653)
4(3623 8753 8754 3624)
4(3524 3625 8755 8654)
4(3624 8754 8755 3625)
4(3525 3626 8756 8655)
4(3625 8755 8756 3626)
4(3526 3627 8757 8656)
4(3626 8756 8757 3627)
4(3527 3628 8758 8657)
4(3627 8757 8758 3628)
4(3528 3629 8759 8658)
4(3628 8758 8759 3629)
4(3529 3630 8760 8659)
4(3629 8759 8760 3630)
4(3530 3631 8761 8660)
4(3630 8760 8761 3631)
4(3531 3632 8762 8661)
4(3631 8761 8762 3632)
4(3532 3633 8763 8662)
4(3632 8762 8763 3633)
4(3533 3634 8764 8663)
4(3633 8763 8764 3634)
4(3534 3635 8765 8664)
4(3634 8764 8765 3635)
4(3535 3636 8766 8665)
4(3635 8765 8766 3636)
4(3536 3637 8767 8666)
4(3636 8766 8767 3637)
4(3537 3638 8768 8667)
4(3637 8767 8768 3638)
4(3538 3639 8769 8668)
4(3638 8768 8769 3639)
4(3539 3640 8770 8669)
4(3639 8769 8770 3640)
4(3540 3641 8771 8670)
4(3640 8770 8771 3641)
4(3541 3642 8772 8671)
4(3641 8771 8772 3642)
4(3542 3643 8773 8672)
4(3642 8772 8773 3643)
4(3543 3644 8774 8673)
4(3643 8773 8774 3644)
4(3544 3645 8775 8674)
4(3644 8774 8775 3645)
4(3545 3646 8776 8675)
4(3645 8775 8776 3646)
4(3546 3647 8777 8676)
4(3646 8776 8777 3647)
4(3547 3648 8778 8677)
4(3647 8777 8778 3648)
4(3548 3649 8779 8678)
4(3648 8778 8779 3649)
4(3549 3650 8780 8679)
4(3649 8779 8780 3650)
4(3550 3651 8781 8680)
4(3650 8780 8781 3651)
4(3551 3652 8782 8681)
4(3651 8781 8782 3652)
4(3552 3653 8783 8682)
4(3652 8782 8783 3653)
4(3553 3654 8784 8683)
4(3653 8783 8784 3654)
4(3554 3655 8785 8684)
4(3654 8784 8785 3655)
4(3555 3656 8786 8685)
4(3655 8785 8786 3656)
4(3556 3657 8787 8686)
4(3656 8786 8787 3657)
4(3557 3658 8788 8687)
4(3657 8787 8788 3658)
4(3558 3659 8789 8688)
4(3658 8788 8789 3659)
4(3559 3660 8790 8689)
4(3659 8789 8790 3660)
4(3560 3661 8791 8690)
4(3660 8790 8791 3661)
4(3561 3662 8792 8691)
4(3661 8791 8792 3662)
4(3562 3663 8793 8692)
4(3662 8792 8793 3663)
4(3563 3664 8794 8693)
4(3663 8793 8794 3664)
4(3564 3665 8795 8694)
4(3664 8794 8795 3665)
4(3565 3666 8796 8695)
4(3665 8795 8796 3666)
4(3566 3667 8797 8696)
4(3666 8796 8797 3667)
4(3567 3668 8798 8697)
4(3667 8797 8798 3668)
4(3568 3669 8799 8698)
4(3668 8798 8799 3669)
4(3569 3670 8800 8699)
4(3669 8799 8800 3670)
4(3570 3671 8801 8700)
4(3670 8800 8801 3671)
4(3571 3672 8802 8701)
4(3671 8801 8802 3672)
4(3572 3673 8803 8702)
4(3672 8802 8803 3673)
4(3573 3674 8804 8703)
4(3673 8803 8804 3674)
4(3574 3675 8805 8704)
4(3674 8804 8805 3675)
4(3575 3676 8806 8705)
4(3675 8805 8806 3676)
4(3576 3677 8807 8706)
4(3676 8806 8807 3677)
4(3577 3678 8808 8707)
4(3677 8807 8808 3678)
4(3578 3679 8809 8708)
4(3678 8808 8809 3679)
4(3579 3680 8810 8709)
4(3679 8809 8810 3680)
4(3580 3681 8811 8710)
4(3680 8810 8811 3681)
4(3581 3682 8812 8711)
4(3681 8811 8812 3682)
4(3582 3683 8813 8712)
4(3682 8812 8813 3683)
4(3583 3684 8814 8713)
4(3683 8813 8814 3684)
4(3584 3685 8815 8714)
4(3684 8814 8815 3685)
4(3585 3686 8816 8715)
4(3685 8815 8816 3686)
4(3586 3687 8817 8716)
4(3686 8816 8817 3687)
4(3587 3688 8818 8717)
4(3687 8817 8818 3688)
4(3588 3689 8819 8718)
4(3688 8818 8819 3689)
4(3589 3690 8820 8719)
4(3689 8819 8820 3690)
4(3590 3691 8821 8720)
4(3690 8820 8821 3691)
4(3591 3692 8822 8721)
4(3691 8821 8822 3692)
4(3592 3693 8823 8722)
4(3692 8822 8823 3693)
4(3593 3694 8824 8723)
4(3693 8823 8824 3694)
4(3594 3695 8825 8724)
4(3694 8824 8825 3695)
4(3595 3696 8826 8725)
4(3695 8825 8826 3696)
4(3596 3697 8827 8726)
4(3696 8826 8827 3697)
4(3597 3698 8828 8727)
4(3697 8827 8828 3698)
4(3598 3699 8829 8728)
4(3698 8828 8829 3699)
4(3599 3700 8830 8729)
4(3699 8829 8830 3700)
4(3600 3701 8831 8730)
4(3700 8830 8831 3701)
4(3601 3702 8832 8731)
4(3701 8831 8832 3702)
4(3602 3703 8833 8732)
4(3702 8832 8833 3703)
4(3603 3704 8834 8733)
4(3703 8833 8834 3704)
4(3604 3705 8835 8734)
4(3704 8834 8835 3705)
4(3605 3706 8836 8735)
4(3705 8835 8836 3706)
4(3606 3707 8837 8736)
4(3706 8836 8837 3707)
4(3607 3708 8838 8737)
4(3707 8837 8838 3708)
4(3608 3709 8839 8738)
4(3708 8838 8839 3709)
4(3609 3710 8840 8739)
4(3709 8839 8840 3710)
4(3610 3711 8841 8740)
4(3710 8840 8841 3711)
4(3611 3712 8842 8741)
4(3711 8841 8842 3712)
4(3612 3713 8843 8742)
4(3712 8842 8843 3713)
4(3613 3714 8844 8743)
4(3713 8843 8844 3714)
4(3714 8844 8845 3715)
4(3616 3717 8847 8746)
4(3716 8846 8847 3717)
4(3617 3718 8848 8747)
4(3717 8847 8848 3718)
4(3618 3719 8849 8748)
4(3718 8848 8849 3719)
4(3619 3720 8850 8749)
4(3719 8849 8850 3720)
4(3620 3721 8851 8750)
4(3720 8850 8851 3721)
4(3621 3722 8852 8751)
4(3721 8851 8852 3722)
4(3622 3723 8853 8752)
4(3722 8852 8853 3723)
4(3623 3724 8854 8753)
4(3723 8853 8854 3724)
4(3624 3725 8855 8754)
4(3724 8854 8855 3725)
4(3625 3726 8856 8755)
4(3725 8855 8856 3726)
4(3626 3727 8857 8756)
4(3726 8856 8857 3727)
4(3627 3728 8858 8757)
4(3727 8857 8858 3728)
4(3628 3729 8859 8758)
4(3728 8858 8859 3729)
4(3629 3730 8860 8759)
4(3729 8859 8860 3730)
4(3630 3731 8861 8760)
4(3730 8860 8861 3731)
4(3631 3732 8862 8761)
4(3731 8861 8862 3732)
4(3632 3733 8863 8762)
4(3732 8862 8863 3733)
4(3633 3734 8864 8763)
4(3733 8863 8864 3734)
4(3634 3735 8865 8764)
4(3734 8864 8865 3735)
4(3635 3736 8866 8765)
4(3735 8865 8866 3736)
4(3636 3737 8867 8766)
4(3736 8866 8867 3737)
4(3637 3738 8868 8767)
4(3737 8867 8868 3738)
4(3638 3739 8869 8768)
4(3738 8868 8869 3739)
4(3639 3740 8870 8769)
4(3739 8869 8870 3740)
4(3640 3741 8871 8770)
4(3740 8870 8871 3741)
4(3641 3742 8872 8771)
4(3741 8871 8872 3742)
4(3642 3743 8873 8772)
4(3742 8872 8873 3743)
4(3643 3744 8874 8773)
4(3743 8873 8874 3744)
4(3644 3745 8875 8774)
4(3744 8874 8875 3745)
4(3645 3746 8876 8775)
4(3745 8875 8876 3746)
4(3646 3747 8877 8776)
4(3746 8876 8877 3747)
4(3647 3748 8878 8777)
4(3747 8877 8878 3748)
4(3648 3749 8879 8778)
4(3748 8878 8879 3749)
4(3649 3750 8880 8779)
4(3749 8879 8880 3750)
4(3650 3751 8881 8780)
4(3750 8880 8881 3751)
4(3651 3752 8882 8781)
4(3751 8881 8882 3752)
4(3652 3753 8883 8782)
4(3752 8882 8883 3753)
4(3653 3754 8884 8783)
4(3753 8883 8884 3754)
4(3654 3755 8885 8784)
4(3754 8884 8885 3755)
4(3655 3756 8886 8785)
4(3755 8885 8886 3756)
4(3656 3757 8887 8786)
4(3756 8886 8887 3757)
4(3657 3758 8888 8787)
4(3757 8887 8888 3758)
4(3658 3759 8889 8788)
4(3758 8888 8889 3759)
4(3659 3760 8890 8789)
4(3759 8889 8890 3760)
4(3660 3761 8891 8790)
4(3760 8890 8891 3761)
4(3661 3762 8892 8791)
4(3761 8891 8892 3762)
4(3662 3763 8893 8792)
4(3762 8892 8893 3763)
4(3663 3764 8894 8793)
4(3763 8893 8894 3764)
4(3664 3765 8895 8794)
4(3764 8894 8895 3765)
4(3665 3766 8896 8795)
4(3765 8895 8896 3766)
4(3666 3767 8897 8796)
4(3766 8896 8897 3767)
4(3667 3768 8898 8797)
4(3767 8897 8898 3768)
4(3668 3769 8899 8798)
4(3768 8898 8899 3769)
4(3669 3770 8900 8799)
4(3769 8899 8900 3770)
4(3670 3771 8901 8800)
4(3770 8900 8901 3771)
4(3671 3772 8902 8801)
4(3771 8901 8902 3772)
4(3672 3773 8903 8802)
4(3772 8902 8903 3773)
4(3673 3774 8904 8803)
4(3773 8903 8904 3774)
4(3674 3775 8905 8804)
4(3774 8904 8905 3775)
4(3675 3776 8906 8805)
4(3775 8905 8906 3776)
4(3676 3777 8907 8806)
4(3776 8906 8907 3777)
4(3677 3778 8908 8807)
4(3777 8907 8908 3778)
4(3678 3779 8909 8808)
4(3778 8908 8909 3779)
4(3679 3780 8910 8809)
4(3779 8909 8910 3780)
4(3680 3781 8911 8810)
4(3780 8910 8911 3781)
4(3681 3782 8912 8811)
4(3781 8911 8912 3782)
4(3682 3783 8913 8812)
4(3782 8912 8913 3783)
4(3683 3784 8914 8813)
4(3783 8913 8914 3784)
4(3684 3785 8915 8814)
4(3784 8914 8915 3785)
4(3685 3786 8916 8815)
4(3785 8915 8916 3786)
4(3686 3787 8917 8816)
4(3786 8916 8917 3787)
4(3687 3788 8918 8817)
4(3787 8917 8918 3788)
4(3688 3789 8919 8818)
4(3788 8918 8919 3789)
4(3689 3790 8920 8819)
4(3789 8919 8920 3790)
4(3690 3791 8921 8820)
4(3790 8920 8921 3791)
4(3691 3792 8922 8821)
4(3791 8921 8922 3792)
4(3692 3793 8923 8822)
4(3792 8922 8923 3793)
4(3693 3794 8924 8823)
4(3793 8923 8924 3794)
4(3694 3795 8925 8824)
4(3794 8924 8925 3795)
4(3695 3796 8926 8825)
4(3795 8925 8926 3796)
4(3696 3797 8927 8826)
4(3796 8926 8927 3797)
4(3697 3798 8928 8827)
4(3797 8927 8928 3798)
4(3698 3799 8929 8828)
4(3798 8928 8929 3799)
4(3699 3800 8930 8829)
4(3799 8929 8930 3800)
4(3700 3801 8931 8830)
4(3800 8930 8931 3801)
4(3701 3802 8932 8831)
4(3801 8931 8932 3802)
4(3702 3803 8933 8832)
4(3802 8932 8933 3803)
4(3703 3804 8934 8833)
4(3803 8933 8934 3804)
4(3704 3805 8935 8834)
4(3804 8934 8935 3805)
4(3705 3806 8936 8835)
4(3805 8935 8936 3806)
4(3706 3807 8937 8836)
4(3806 8936 8937 3807)
4(3707 3808 8938 8837)
4(3807 8937 8938 3808)
4(3708 3809 8939 8838)
4(3808 8938 8939 3809)
4(3709 3810 8940 8839)
4(3809 8939 8940 3810)
4(3710 3811 8941 8840)
4(3810 8940 8941 3811)
4(3711 3812 8942 8841)
4(3811 8941 8942 3812)
4(3712 3813 8943 8842)
4(3812 8942 8943 3813)
4(3713 3814 8944 8843)
4(3813 8943 8944 3814)
4(3714 3815 8945 8844)
4(3814 8944 8945 3815)
4(3815 8945 8946 3816)
4(3717 3818 8948 8847)
4(3817 8947 8948 3818)
4(3718 3819 8949 8848)
4(3818 8948 8949 3819)
4(3719 3820 8950 8849)
4(3819 8949 8950 3820)
4(3720 3821 8951 8850)
4(3820 8950 8951 3821)
4(3721 3822 8952 8851)
4(3821 8951 8952 3822)
4(3722 3823 8953 8852)
4(3822 8952 8953 3823)
4(3723 3824 8954 8853)
4(3823 8953 8954 3824)
4(3724 3825 8955 8854)
4(3824 8954 8955 3825)
4(3725 3826 8956 8855)
4(3825 8955 8956 3826)
4(3726 3827 8957 8856)
4(3826 8956 8957 3827)
4(3727 3828 8958 8857)
4(3827 8957 8958 3828)
4(3728 3829 8959 8858)
4(3828 8958 8959 3829)
4(3729 3830 8960 8859)
4(3829 8959 8960 3830)
4(3730 3831 8961 8860)
4(3830 8960 8961 3831)
4(3731 3832 8962 8861)
4(3831 8961 8962 3832)
4(3732 3833 8963 8862)
4(3832 8962 8963 3833)
4(3733 3834 8964 8863)
4(3833 8963 8964 3834)
4(3734 3835 8965 8864)
4(3834 8964 8965 3835)
4(3735 3836 8966 8865)
4(3835 8965 8966 3836)
4(3736 3837 8967 8866)
4(3836 8966 8967 3837)
4(3737 3838 8968 8867)
4(3837 8967 8968 3838)
4(3738 3839 8969 8868)
4(3838 8968 8969 3839)
4(3739 3840 8970 8869)
4(3839 8969 8970 3840)
4(3740 3841 8971 8870)
4(3840 8970 8971 3841)
4(3741 3842 8972 8871)
4(3841 8971 8972 3842)
4(3742 3843 8973 8872)
4(3842 8972 8973 3843)
4(3743 3844 8974 8873)
4(3843 8973 8974 3844)
4(3744 3845 8975 8874)
4(3844 8974 8975 3845)
4(3745 3846 8976 8875)
4(3845 8975 8976 3846)
4(3746 3847 8977 8876)
4(3846 8976 8977 3847)
4(3747 3848 8978 8877)
4(3847 8977 8978 3848)
4(3748 3849 8979 8878)
4(3848 8978 8979 3849)
4(3749 3850 8980 8879)
4(3849 8979 8980 3850)
4(3750 3851 8981 8880)
4(3850 8980 8981 3851)
4(3751 3852 8982 8881)
4(3851 8981 8982 3852)
4(3752 3853 8983 8882)
4(3852 8982 8983 3853)
4(3753 3854 8984 8883)
4(3853 8983 8984 3854)
4(3754 3855 8985 8884)
4(3854 8984 8985 3855)
4(3755 3856 8986 8885)
4(3855 8985 8986 3856)
4(3756 3857 8987 8886)
4(3856 8986 8987 3857)
4(3757 3858 8988 8887)
4(3857 8987 8988 3858)
4(3758 3859 8989 8888)
4(3858 8988 8989 3859)
4(3759 3860 8990 8889)
4(3859 8989 8990 3860)
4(3760 3861 8991 8890)
4(3860 8990 8991 3861)
4(3761 3862 8992 8891)
4(3861 8991 8992 3862)
4(3762 3863 8993 8892)
4(3862 8992 8993 3863)
4(3763 3864 8994 8893)
4(3863 8993 8994 3864)
4(3764 3865 8995 8894)
4(3864 8994 8995 3865)
4(3765 3866 8996 8895)
4(3865 8995 8996 3866)
4(3766 3867 8997 8896)
4(3866 8996 8997 3867)
4(3767 3868 8998 8897)
4(3867 8997 8998 3868)
4(3768 3869 8999 8898)
4(3868 8998 8999 3869)
4(3769 3870 9000 8899)
4(3869 8999 9000 3870)
4(3770 3871 9001 8900)
4(3870 9000 9001 3871)
4(3771 3872 9002 8901)
4(3871 9001 9002 3872)
4(3772 3873 9003 8902)
4(3872 9002 9003 3873)
4(3773 3874 9004 8903)
4(3873 9003 9004 3874)
4(3774 3875 9005 8904)
4(3874 9004 9005 3875)
4(3775 3876 9006 8905)
4(3875 9005 9006 3876)
4(3776 3877 9007 8906)
4(3876 9006 9007 3877)
4(3777 3878 9008 8907)
4(3877 9007 9008 3878)
4(3778 3879 9009 8908)
4(3878 9008 9009 3879)
4(3779 3880 9010 8909)
4(3879 9009 9010 3880)
4(3780 3881 9011 8910)
4(3880 9010 9011 3881)
4(3781 3882 9012 8911)
4(3881 9011 9012 3882)
4(3782 3883 9013 8912)
4(3882 9012 9013 3883)
4(3783 3884 9014 8913)
4(3883 9013 9014 3884)
4(3784 3885 9015 8914)
4(3884 9014 9015 3885)
4(3785 3886 9016 8915)
4(3885 9015 9016 3886)
4(3786 3887 9017 8916)
4(3886 9016 9017 3887)
4(3787 3888 9018 8917)
4(3887 9017 9018 3888)
4(3788 3889 9019 8918)
4(3888 9018 9019 3889)
4(3789 3890 9020 8919)
4(3889 9019 9020 3890)
4(3790 3891 9021 8920)
4(3890 9020 9021 3891)
4(3791 3892 9022 8921)
4(3891 9021 9022 3892)
4(3792 3893 9023 8922)
4(3892 9022 9023 3893)
4(3793 3894 9024 8923)
4(3893 9023 9024 3894)
4(3794 3895 9025 8924)
4(3894 9024 9025 3895)
4(3795 3896 9026 8925)
4(3895 9025 9026 3896)
4(3796 3897 9027 8926)
4(3896 9026 9027 3897)
4(3797 3898 9028 8927)
4(3897 9027 9028 3898)
4(3798 3899 9029 8928)
4(3898 9028 9029 3899)
4(3799 3900 9030 8929)
4(3899 9029 9030 3900)
4(3800 3901 9031 8930)
4(3900 9030 9031 3901)
4(3801 3902 9032 8931)
4(3901 9031 9032 3902)
4(3802 3903 9033 8932)
4(3902 9032 9033 3903)
4(3803 3904 9034 8933)
4(3903 9033 9034 3904)
4(3804 3905 9035 8934)
4(3904 9034 9035 3905)
4(3805 3906 9036 8935)
4(3905 9035 9036 3906)
4(3806 3907 9037 8936)
4(3906 9036 9037 3907)
4(3807 3908 9038 8937)
4(3907 9037 9038 3908)
4(3808 3909 9039 8938)
4(3908 9038 9039 3909)
4(3809 3910 9040 8939)
4(3909 9039 9040 3910)
4(3810 3911 9041 8940)
4(3910 9040 9041 3911)
4(3811 3912 9042 8941)
4(3911 9041 9042 3912)
4(3812 3913 9043 8942)
4(3912 9042 9043 3913)
4(3813 3914 9044 8943)
4(3913 9043 9044 3914)
4(3814 3915 9045 8944)
4(3914 9044 9045 3915)
4(3815 3916 9046 8945)
4(3915 9045 9046 3916)
4(3916 9046 9047 3917)
4(3818 3919 9049 8948)
4(3918 9048 9049 3919)
4(3819 3920 9050 8949)
4(3919 9049 9050 3920)
4(3820 3921 9051 8950)
4(3920 9050 9051 3921)
4(3821 3922 9052 8951)
4(3921 9051 9052 3922)
4(3822 3923 9053 8952)
4(3922 9052 9053 3923)
4(3823 3924 9054 8953)
4(3923 9053 9054 3924)
4(3824 3925 9055 8954)
4(3924 9054 9055 3925)
4(3825 3926 9056 8955)
4(3925 9055 9056 3926)
4(3826 3927 9057 8956)
4(3926 9056 9057 3927)
4(3827 3928 9058 8957)
4(3927 9057 9058 3928)
4(3828 3929 9059 8958)
4(3928 9058 9059 3929)
4(3829 3930 9060 8959)
4(3929 9059 9060 3930)
4(3830 3931 9061 8960)
4(3930 9060 9061 3931)
4(3831 3932 9062 8961)
4(3931 9061 9062 3932)
4(3832 3933 9063 8962)
4(3932 9062 9063 3933)
4(3833 3934 9064 8963)
4(3933 9063 9064 3934)
4(3834 3935 9065 8964)
4(3934 9064 9065 3935)
4(3835 3936 9066 8965)
4(3935 9065 9066 3936)
4(3836 3937 9067 8966)
4(3936 9066 9067 3937)
4(3837 3938 9068 8967)
4(3937 9067 9068 3938)
4(3838 3939 9069 8968)
4(3938 9068 9069 3939)
4(3839 3940 9070 8969)
4(3939 9069 9070 3940)
4(3840 3941 9071 8970)
4(3940 9070 9071 3941)
4(3841 3942 9072 8971)
4(3941 9071 9072 3942)
4(3842 3943 9073 8972)
4(3942 9072 9073 3943)
4(3843 3944 9074 8973)
4(3943 9073 9074 3944)
4(3844 3945 9075 8974)
4(3944 9074 9075 3945)
4(3845 3946 9076 8975)
4(3945 9075 9076 3946)
4(3846 3947 9077 8976)
4(3946 9076 9077 3947)
4(3847 3948 9078 8977)
4(3947 9077 9078 3948)
4(3848 3949 9079 8978)
4(3948 9078 9079 3949)
4(3849 3950 9080 8979)
4(3949 9079 9080 3950)
4(3850 3951 9081 8980)
4(3950 9080 9081 3951)
4(3851 3952 9082 8981)
4(3951 9081 9082 3952)
4(3852 3953 9083 8982)
4(3952 9082 9083 3953)
4(3853 3954 9084 8983)
4(3953 9083 9084 3954)
4(3854 3955 9085 8984)
4(3954 9084 9085 3955)
4(3855 3956 9086 8985)
4(3955 9085 9086 3956)
4(3856 3957 9087 8986)
4(3956 9086 9087 3957)
4(3857 3958 9088 8987)
4(3957 9087 9088 3958)
4(3858 3959 9089 8988)
4(3958 9088 9089 3959)
4(3859 3960 9090 8989)
4(3959 9089 9090 3960)
4(3860 3961 9091 8990)
4(3960 9090 9091 3961)
4(3861 3962 9092 8991)
4(3961 9091 9092 3962)
4(3862 3963 9093 8992)
4(3962 9092 9093 3963)
4(3863 3964 9094 8993)
4(3963 9093 9094 3964)
4(3864 3965 9095 8994)
4(3964 9094 9095 3965)
4(3865 3966 9096 8995)
4(3965 9095 9096 3966)
4(3866 3967 9097 8996)
4(3966 9096 9097 3967)
4(3867 3968 9098 8997)
4(3967 9097 9098 3968)
4(3868 3969 9099 8998)
4(3968 9098 9099 3969)
4(3869 3970 9100 8999)
4(3969 9099 9100 3970)
4(3870 3971 9101 9000)
4(3970 9100 9101 3971)
4(3871 3972 9102 9001)
4(3971 9101 9102 3972)
4(3872 3973 9103 9002)
4(3972 9102 9103 3973)
4(3873 3974 9104 9003)
4(3973 9103 9104 3974)
4(3874 3975 9105 9004)
4(3974 9104 9105 3975)
4(3875 3976 9106 9005)
4(3975 9105 9106 3976)
4(3876 3977 9107 9006)
4(3976 9106 9107 3977)
4(3877 3978 9108 9007)
4(3977 9107 9108 3978)
4(3878 3979 9109 9008)
4(3978 9108 9109 3979)
4(3879 3980 9110 9009)
4(3979 9109 9110 3980)
4(3880 3981 9111 9010)
4(3980 9110 9111 3981)
4(3881 3982 9112 9011)
4(3981 9111 9112 3982)
4(3882 3983 9113 9012)
4(3982 9112 9113 3983)
4(3883 3984 9114 9013)
4(3983 9113 9114 3984)
4(3884 3985 9115 9014)
4(3984 9114 9115 3985)
4(3885 3986 9116 9015)
4(3985 9115 9116 3986)
4(3886 3987 9117 9016)
4(3986 9116 9117 3987)
4(3887 3988 9118 9017)
4(3987 9117 9118 3988)
4(3888 3989 9119 9018)
4(3988 9118 9119 3989)
4(3889 3990 9120 9019)
4(3989 9119 9120 3990)
4(3890 3991 9121 9020)
4(3990 9120 9121 3991)
4(3891 3992 9122 9021)
4(3991 9121 9122 3992)
4(3892 3993 9123 9022)
4(3992 9122 9123 3993)
4(3893 3994 9124 9023)
4(3993 9123 9124 3994)
4(3894 3995 9125 9024)
4(3994 9124 9125 3995)
4(3895 3996 9126 9025)
4(3995 9125 9126 3996)
4(3896 3997 9127 9026)
4(3996 9126 9127 3997)
4(3897 3998 9128 9027)
4(3997 9127 9128 3998)
4(3898 3999 9129 9028)
4(3998 9128 9129 3999)
4(3899 4000 9130 9029)
4(3999 9129 9130 4000)
4(3900 4001 9131 9030)
4(4000 9130 9131 4001)
4(3901 4002 9132 9031)
4(4001 9131 9132 4002)
4(3902 4003 9133 9032)
4(4002 9132 9133 4003)
4(3903 4004 9134 9033)
4(4003 9133 9134 4004)
4(3904 4005 9135 9034)
4(4004 9134 9135 4005)
4(3905 4006 9136 9035)
4(4005 9135 9136 4006)
4(3906 4007 9137 9036)
4(4006 9136 9137 4007)
4(3907 4008 9138 9037)
4(4007 9137 9138 4008)
4(3908 4009 9139 9038)
4(4008 9138 9139 4009)
4(3909 4010 9140 9039)
4(4009 9139 9140 4010)
4(3910 4011 9141 9040)
4(4010 9140 9141 4011)
4(3911 4012 9142 9041)
4(4011 9141 9142 4012)
4(3912 4013 9143 9042)
4(4012 9142 9143 4013)
4(3913 4014 9144 9043)
4(4013 9143 9144 4014)
4(3914 4015 9145 9044)
4(4014 9144 9145 4015)
4(3915 4016 9146 9045)
4(4015 9145 9146 4016)
4(3916 4017 9147 9046)
4(4016 9146 9147 4017)
4(4017 9147 9148 4018)
4(3919 4020 9150 9049)
4(4019 9149 9150 4020)
4(3920 4021 9151 9050)
4(4020 9150 9151 4021)
4(3921 4022 9152 9051)
4(4021 9151 9152 4022)
4(3922 4023 9153 9052)
4(4022 9152 9153 4023)
4(3923 4024 9154 9053)
4(4023 9153 9154 4024)
4(3924 4025 9155 9054)
4(4024 9154 9155 4025)
4(3925 4026 9156 9055)
4(4025 9155 9156 4026)
4(3926 4027 9157 9056)
4(4026 9156 9157 4027)
4(3927 4028 9158 9057)
4(4027 9157 9158 4028)
4(3928 4029 9159 9058)
4(4028 9158 9159 4029)
4(3929 4030 9160 9059)
4(4029 9159 9160 4030)
4(3930 4031 9161 9060)
4(4030 9160 9161 4031)
4(3931 4032 9162 9061)
4(4031 9161 9162 4032)
4(3932 4033 9163 9062)
4(4032 9162 9163 4033)
4(3933 4034 9164 9063)
4(4033 9163 9164 4034)
4(3934 4035 9165 9064)
4(4034 9164 9165 4035)
4(3935 4036 9166 9065)
4(4035 9165 9166 4036)
4(3936 4037 9167 9066)
4(4036 9166 9167 4037)
4(3937 4038 9168 9067)
4(4037 9167 9168 4038)
4(3938 4039 9169 9068)
4(4038 9168 9169 4039)
4(3939 4040 9170 9069)
4(4039 9169 9170 4040)
4(3940 4041 9171 9070)
4(4040 9170 9171 4041)
4(3941 4042 9172 9071)
4(4041 9171 9172 4042)
4(3942 4043 9173 9072)
4(4042 9172 9173 4043)
4(3943 4044 9174 9073)
4(4043 9173 9174 4044)
4(3944 4045 9175 9074)
4(4044 9174 9175 4045)
4(3945 4046 9176 9075)
4(4045 9175 9176 4046)
4(3946 4047 9177 9076)
4(4046 9176 9177 4047)
4(3947 4048 9178 9077)
4(4047 9177 9178 4048)
4(3948 4049 9179 9078)
4(4048 9178 9179 4049)
4(3949 4050 9180 9079)
4(4049 9179 9180 4050)
4(3950 4051 9181 9080)
4(4050 9180 9181 4051)
4(3951 4052 9182 9081)
4(4051 9181 9182 4052)
4(3952 4053 9183 9082)
4(4052 9182 9183 4053)
4(3953 4054 9184 9083)
4(4053 9183 9184 4054)
4(3954 4055 9185 9084)
4(4054 9184 9185 4055)
4(3955 4056 9186 9085)
4(4055 9185 9186 4056)
4(3956 4057 9187 9086)
4(4056 9186 9187 4057)
4(3957 4058 9188 9087)
4(4057 9187 9188 4058)
4(3958 4059 9189 9088)
4(4058 9188 9189 4059)
4(3959 4060 9190 9089)
4(4059 9189 9190 4060)
4(3960 4061 9191 9090)
4(4060 9190 9191 4061)
4(3961 4062 9192 9091)
4(4061 9191 9192 4062)
4(3962 4063 9193 9092)
4(4062 9192 9193 4063)
4(3963 4064 9194 9093)
4(4063 9193 9194 4064)
4(3964 4065 9195 9094)
4(4064 9194 9195 4065)
4(3965 4066 9196 9095)
4(4065 9195 9196 4066)
4(3966 4067 9197 9096)
4(4066 9196 9197 4067)
4(3967 4068 9198 9097)
4(4067 9197 9198 4068)
4(3968 4069 9199 9098)
4(4068 9198 9199 4069)
4(3969 4070 9200 9099)
4(4069 9199 9200 4070)
4(3970 4071 9201 9100)
4(4070 9200 9201 4071)
4(3971 4072 9202 9101)
4(4071 9201 9202 4072)
4(3972 4073 9203 9102)
4(4072 9202 9203 4073)
4(3973 4074 9204 9103)
4(4073 9203 9204 4074)
4(3974 4075 9205 9104)
4(4074 9204 9205 4075)
4(3975 4076 9206 9105)
4(4075 9205 9206 4076)
4(3976 4077 9207 9106)
4(4076 9206 9207 4077)
4(3977 4078 9208 9107)
4(4077 9207 9208 4078)
4(3978 4079 9209 9108)
4(4078 9208 9209 4079)
4(3979 4080 9210 9109)
4(4079 9209 9210 4080)
4(3980 4081 9211 9110)
4(4080 9210 9211 4081)
4(3981 4082 9212 9111)
4(4081 9211 9212 4082)
4(3982 4083 9213 9112)
4(4082 9212 9213 4083)
4(3983 4084 9214 9113)
4(4083 9213 9214 4084)
4(3984 4085 9215 9114)
4(4084 9214 9215 4085)
4(3985 4086 9216 9115)
4(4085 9215 9216 4086)
4(3986 4087 9217 9116)
4(4086 9216 9217 4087)
4(3987 4088 9218 9117)
4(4087 9217 9218 4088)
4(3988 4089 9219 9118)
4(4088 9218 9219 4089)
4(3989 4090 9220 9119)
4(4089 9219 9220 4090)
4(3990 4091 9221 9120)
4(4090 9220 9221 4091)
4(3991 4092 9222 9121)
4(4091 9221 9222 4092)
4(3992 4093 9223 9122)
4(4092 9222 9223 4093)
4(3993 4094 9224 9123)
4(4093 9223 9224 4094)
4(3994 4095 9225 9124)
4(4094 9224 9225 4095)
4(3995 4096 9226 9125)
4(4095 9225 9226 4096)
4(3996 4097 9227 9126)
4(4096 9226 9227 4097)
4(3997 4098 9228 9127)
4(4097 9227 9228 4098)
4(3998 4099 9229 9128)
4(4098 9228 9229 4099)
4(3999 4100 9230 9129)
4(4099 9229 9230 4100)
4(4000 4101 9231 9130)
4(4100 9230 9231 4101)
4(4001 4102 9232 9131)
4(4101 9231 9232 4102)
4(4002 4103 9233 9132)
4(4102 9232 9233 4103)
4(4003 4104 9234 9133)
4(4103 9233 9234 4104)
4(4004 4105 9235 9134)
4(4104 9234 9235 4105)
4(4005 4106 9236 9135)
4(4105 9235 9236 4106)
4(4006 4107 9237 9136)
4(4106 9236 9237 4107)
4(4007 4108 9238 9137)
4(4107 9237 9238 4108)
4(4008 4109 9239 9138)
4(4108 9238 9239 4109)
4(4009 4110 9240 9139)
4(4109 9239 9240 4110)
4(4010 4111 9241 9140)
4(4110 9240 9241 4111)
4(4011 4112 9242 9141)
4(4111 9241 9242 4112)
4(4012 4113 9243 9142)
4(4112 9242 9243 4113)
4(4013 4114 9244 9143)
4(4113 9243 9244 4114)
4(4014 4115 9245 9144)
4(4114 9244 9245 4115)
4(4015 4116 9246 9145)
4(4115 9245 9246 4116)
4(4016 4117 9247 9146)
4(4116 9246 9247 4117)
4(4017 4118 9248 9147)
4(4117 9247 9248 4118)
4(4118 9248 9249 4119)
4(4020 4121 9251 9150)
4(4120 9250 9251 4121)
4(4021 4122 9252 9151)
4(4121 9251 9252 4122)
4(4022 4123 9253 9152)
4(4122 9252 9253 4123)
4(4023 4124 9254 9153)
4(4123 9253 9254 4124)
4(4024 4125 9255 9154)
4(4124 9254 9255 4125)
4(4025 4126 9256 9155)
4(4125 9255 9256 4126)
4(4026 4127 9257 9156)
4(4126 9256 9257 4127)
4(4027 4128 9258 9157)
4(4127 9257 9258 4128)
4(4028 4129 9259 9158)
4(4128 9258 9259 4129)
4(4029 4130 9260 9159)
4(4129 9259 9260 4130)
4(4030 4131 9261 9160)
4(4130 9260 9261 4131)
4(4031 4132 9262 9161)
4(4131 9261 9262 4132)
4(4032 4133 9263 9162)
4(4132 9262 9263 4133)
4(4033 4134 9264 9163)
4(4133 9263 9264 4134)
4(4034 4135 9265 9164)
4(4134 9264 9265 4135)
4(4035 4136 9266 9165)
4(4135 9265 9266 4136)
4(4036 4137 9267 9166)
4(4136 9266 9267 4137)
4(4037 4138 9268 9167)
4(4137 9267 9268 4138)
4(4038 4139 9269 9168)
4(4138 9268 9269 4139)
4(4039 4140 9270 9169)
4(4139 9269 9270 4140)
4(4040 4141 9271 9170)
4(4140 9270 9271 4141)
4(4041 4142 9272 9171)
4(4141 9271 9272 4142)
4(4042 4143 9273 9172)
4(4142 9272 9273 4143)
4(4043 4144 9274 9173)
4(4143 9273 9274 4144)
4(4044 4145 9275 9174)
4(4144 9274 9275 4145)
4(4045 4146 9276 9175)
4(4145 9275 9276 4146)
4(4046 4147 9277 9176)
4(4146 9276 9277 4147)
4(4047 4148 9278 9177)
4(4147 9277 9278 4148)
4(4048 4149 9279 9178)
4(4148 9278 9279 4149)
4(4049 4150 9280 9179)
4(4149 9279 9280 4150)
4(4050 4151 9281 9180)
4(4150 9280 9281 4151)
4(4051 4152 9282 9181)
4(4151 9281 9282 4152)
4(4052 4153 9283 9182)
4(4152 9282 9283 4153)
4(4053 4154 9284 9183)
4(4153 9283 9284 4154)
4(4054 4155 9285 9184)
4(4154 9284 9285 4155)
4(4055 4156 9286 9185)
4(4155 9285 9286 4156)
4(4056 4157 9287 9186)
4(4156 9286 9287 4157)
4(4057 4158 9288 9187)
4(4157 9287 9288 4158)
4(4058 4159 9289 9188)
4(4158 9288 9289 4159)
4(4059 4160 9290 9189)
4(4159 9289 9290 4160)
4(4060 4161 9291 9190)
4(4160 9290 9291 4161)
4(4061 4162 9292 9191)
4(4161 9291 9292 4162)
4(4062 4163 9293 9192)
4(4162 9292 9293 4163)
4(4063 4164 9294 9193)
4(4163 9293 9294 4164)
4(4064 4165 9295 9194)
4(4164 9294 9295 4165)
4(4065 4166 9296 9195)
4(4165 9295 9296 4166)
4(4066 4167 9297 9196)
4(4166 9296 9297 4167)
4(4067 4168 9298 9197)
4(4167 9297 9298 4168)
4(4068 4169 9299 9198)
4(4168 9298 9299 4169)
4(4069 4170 9300 9199)
4(4169 9299 9300 4170)
4(4070 4171 9301 9200)
4(4170 9300 9301 4171)
4(4071 4172 9302 9201)
4(4171 9301 9302 4172)
4(4072 4173 9303 9202)
4(4172 9302 9303 4173)
4(4073 4174 9304 9203)
4(4173 9303 9304 4174)
4(4074 4175 9305 9204)
4(4174 9304 9305 4175)
4(4075 4176 9306 9205)
4(4175 9305 9306 4176)
4(4076 4177 9307 9206)
4(4176 9306 9307 4177)
4(4077 4178 9308 9207)
4(4177 9307 9308 4178)
4(4078 4179 9309 9208)
4(4178 9308 9309 4179)
4(4079 4180 9310 9209)
4(4179 9309 9310 4180)
4(4080 4181 9311 9210)
4(4180 9310 9311 4181)
4(4081 4182 9312 9211)
4(4181 9311 9312 4182)
4(4082 4183 9313 9212)
4(4182 9312 9313 4183)
4(4083 4184 9314 9213)
4(4183 9313 9314 4184)
4(4084 4185 9315 9214)
4(4184 9314 9315 4185)
4(4085 4186 9316 9215)
4(4185 9315 9316 4186)
4(4086 4187 9317 9216)
4(4186 9316 9317 4187)
4(4087 4188 9318 9217)
4(4187 9317 9318 4188)
4(4088 4189 9319 9218)
4(4188 9318 9319 4189)
4(4089 4190 9320 9219)
4(4189 9319 9320 4190)
4(4090 4191 9321 9220)
4(4190 9320 9321 4191)
4(4091 4192 9322 9221)
4(4191 9321 9322 4192)
4(4092 4193 9323 9222)
4(4192 9322 9323 4193)
4(4093 4194 9324 9223)
4(4193 9323 9324 4194)
4(4094 4195 9325 9224)
4(4194 9324 9325 4195)
4(4095 4196 9326 9225)
4(4195 9325 9326 4196)
4(4096 4197 9327 9226)
4(4196 9326 9327 4197)
4(4097 4198 9328 9227)
4(4197 9327 9328 4198)
4(4098 4199 9329 9228)
4(4198 9328 9329 4199)
4(4099 4200 9330 9229)
4(4199 9329 9330 4200)
4(4100 4201 9331 9230)
4(4200 9330 9331 4201)
4(4101 4202 9332 9231)
4(4201 9331 9332 4202)
4(4102 4203 9333 9232)
4(4202 9332 9333 4203)
4(4103 4204 9334 9233)
4(4203 9333 9334 4204)
4(4104 4205 9335 9234)
4(4204 9334 9335 4205)
4(4105 4206 9336 9235)
4(4205 9335 9336 4206)
4(4106 4207 9337 9236)
4(4206 9336 9337 4207)
4(4107 4208 9338 9237)
4(4207 9337 9338 4208)
4(4108 4209 9339 9238)
4(4208 9338 9339 4209)
4(4109 4210 9340 9239)
4(4209 9339 9340 4210)
4(4110 4211 9341 9240)
4(4210 9340 9341 4211)
4(4111 4212 9342 9241)
4(4211 9341 9342 4212)
4(4112 4213 9343 9242)
4(4212 9342 9343 4213)
4(4113 4214 9344 9243)
4(4213 9343 9344 4214)
4(4114 4215 9345 9244)
4(4214 9344 9345 4215)
4(4115 4216 9346 9245)
4(4215 9345 9346 4216)
4(4116 4217 9347 9246)
4(4216 9346 9347 4217)
4(4117 4218 9348 9247)
4(4217 9347 9348 4218)
4(4118 4219 9349 9248)
4(4218 9348 9349 4219)
4(4219 9349 9350 4220)
4(4121 4222 9352 9251)
4(4221 9351 9352 4222)
4(4122 4223 9353 9252)
4(4222 9352 9353 4223)
4(4123 4224 9354 9253)
4(4223 9353 9354 4224)
4(4124 4225 9355 9254)
4(4224 9354 9355 4225)
4(4125 4226 9356 9255)
4(4225 9355 9356 4226)
4(4126 4227 9357 9256)
4(4226 9356 9357 4227)
4(4127 4228 9358 9257)
4(4227 9357 9358 4228)
4(4128 4229 9359 9258)
4(4228 9358 9359 4229)
4(4129 4230 9360 9259)
4(4229 9359 9360 4230)
4(4130 4231 9361 9260)
4(4230 9360 9361 4231)
4(4131 4232 9362 9261)
4(4231 9361 9362 4232)
4(4132 4233 9363 9262)
4(4232 9362 9363 4233)
4(4133 4234 9364 9263)
4(4233 9363 9364 4234)
4(4134 4235 9365 9264)
4(4234 9364 9365 4235)
4(4135 4236 9366 9265)
4(4235 9365 9366 4236)
4(4136 4237 9367 9266)
4(4236 9366 9367 4237)
4(4137 4238 9368 9267)
4(4237 9367 9368 4238)
4(4138 4239 9369 9268)
4(4238 9368 9369 4239)
4(4139 4240 9370 9269)
4(4239 9369 9370 4240)
4(4140 4241 9371 9270)
4(4240 9370 9371 4241)
4(4141 4242 9372 9271)
4(4241 9371 9372 4242)
4(4142 4243 9373 9272)
4(4242 9372 9373 4243)
4(4143 4244 9374 9273)
4(4243 9373 9374 4244)
4(4144 4245 9375 9274)
4(4244 9374 9375 4245)
4(4145 4246 9376 9275)
4(4245 9375 9376 4246)
4(4146 4247 9377 9276)
4(4246 9376 9377 4247)
4(4147 4248 9378 9277)
4(4247 9377 9378 4248)
4(4148 4249 9379 9278)
4(4248 9378 9379 4249)
4(4149 4250 9380 9279)
4(4249 9379 9380 4250)
4(4150 4251 9381 9280)
4(4250 9380 9381 4251)
4(4151 4252 9382 9281)
4(4251 9381 9382 4252)
4(4152 4253 9383 9282)
4(4252 9382 9383 4253)
4(4153 4254 9384 9283)
4(4253 9383 9384 4254)
4(4154 4255 9385 9284)
4(4254 9384 9385 4255)
4(4155 4256 9386 9285)
4(4255 9385 9386 4256)
4(4156 4257 9387 9286)
4(4256 9386 9387 4257)
4(4157 4258 9388 9287)
4(4257 9387 9388 4258)
4(4158 4259 9389 9288)
4(4258 9388 9389 4259)
4(4159 4260 9390 9289)
4(4259 9389 9390 4260)
4(4160 4261 9391 9290)
4(4260 9390 9391 4261)
4(4161 4262 9392 9291)
4(4261 9391 9392 4262)
4(4162 4263 9393 9292)
4(4262 9392 9393 4263)
4(4163 4264 9394 9293)
4(4263 9393 9394 4264)
4(4164 4265 9395 9294)
4(4264 9394 9395 4265)
4(4165 4266 9396 9295)
4(4265 9395 9396 4266)
4(4166 4267 9397 9296)
4(4266 9396 9397 4267)
4(4167 4268 9398 9297)
4(4267 9397 9398 4268)
4(4168 4269 9399 9298)
4(4268 9398 9399 4269)
4(4169 4270 9400 9299)
4(4269 9399 9400 4270)
4(4170 4271 9401 9300)
4(4270 9400 9401 4271)
4(4171 4272 9402 9301)
4(4271 9401 9402 4272)
4(4172 4273 9403 9302)
4(4272 9402 9403 4273)
4(4173 4274 9404 9303)
4(4273 9403 9404 4274)
4(4174 4275 9405 9304)
4(4274 9404 9405 4275)
4(4175 4276 9406 9305)
4(4275 9405 9406 4276)
4(4176 4277 9407 9306)
4(4276 9406 9407 4277)
4(4177 4278 9408 9307)
4(4277 9407 9408 4278)
4(4178 4279 9409 9308)
4(4278 9408 9409 4279)
4(4179 4280 9410 9309)
4(4279 9409 9410 4280)
4(4180 4281 9411 9310)
4(4280 9410 9411 4281)
4(4181 4282 9412 9311)
4(4281 9411 9412 4282)
4(4182 4283 9413 9312)
4(4282 9412 9413 4283)
4(4183 4284 9414 9313)
4(4283 9413 9414 4284)
4(4184 4285 9415 9314)
4(4284 9414 9415 4285)
4(4185 4286 9416 9315)
4(4285 9415 9416 4286)
4(4186 4287 9417 9316)
4(4286 9416 9417 4287)
4(4187 4288 9418 9317)
4(4287 9417 9418 4288)
4(4188 4289 9419 9318)
4(4288 9418 9419 4289)
4(4189 4290 9420 9319)
4(4289 9419 9420 4290)
4(4190 4291 9421 9320)
4(4290 9420 9421 4291)
4(4191 4292 9422 9321)
4(4291 9421 9422 4292)
4(4192 4293 9423 9322)
4(4292 9422 9423 4293)
4(4193 4294 9424 9323)
4(4293 9423 9424 4294)
4(4194 4295 9425 9324)
4(4294 9424 9425 4295)
4(4195 4296 9426 9325)
4(4295 9425 9426 4296)
4(4196 4297 9427 9326)
4(4296 9426 9427 4297)
4(4197 4298 9428 9327)
4(4297 9427 9428 4298)
4(4198 4299 9429 9328)
4(4298 9428 9429 4299)
4(4199 4300 9430 9329)
4(4299 9429 9430 4300)
4(4200 4301 9431 9330)
4(4300 9430 9431 4301)
4(4201 4302 9432 9331)
4(4301 9431 9432 4302)
4(4202 4303 9433 9332)
4(4302 9432 9433 4303)
4(4203 4304 9434 9333)
4(4303 9433 9434 4304)
4(4204 4305 9435 9334)
4(4304 9434 9435 4305)
4(4205 4306 9436 9335)
4(4305 9435 9436 4306)
4(4206 4307 9437 9336)
4(4306 9436 9437 4307)
4(4207 4308 9438 9337)
4(4307 9437 9438 4308)
4(4208 4309 9439 9338)
4(4308 9438 9439 4309)
4(4209 4310 9440 9339)
4(4309 9439 9440 4310)
4(4210 4311 9441 9340)
4(4310 9440 9441 4311)
4(4211 4312 9442 9341)
4(4311 9441 9442 4312)
4(4212 4313 9443 9342)
4(4312 9442 9443 4313)
4(4213 4314 9444 9343)
4(4313 9443 9444 4314)
4(4214 4315 9445 9344)
4(4314 9444 9445 4315)
4(4215 4316 9446 9345)
4(4315 9445 9446 4316)
4(4216 4317 9447 9346)
4(4316 9446 9447 4317)
4(4217 4318 9448 9347)
4(4317 9447 9448 4318)
4(4218 4319 9449 9348)
4(4318 9448 9449 4319)
4(4219 4320 9450 9349)
4(4319 9449 9450 4320)
4(4320 9450 9451 4321)
4(4222 4323 9453 9352)
4(4322 9452 9453 4323)
4(4223 4324 9454 9353)
4(4323 9453 9454 4324)
4(4224 4325 9455 9354)
4(4324 9454 9455 4325)
4(4225 4326 9456 9355)
4(4325 9455 9456 4326)
4(4226 4327 9457 9356)
4(4326 9456 9457 4327)
4(4227 4328 9458 9357)
4(4327 9457 9458 4328)
4(4228 4329 9459 9358)
4(4328 9458 9459 4329)
4(4229 4330 9460 9359)
4(4329 9459 9460 4330)
4(4230 4331 9461 9360)
4(4330 9460 9461 4331)
4(4231 4332 9462 9361)
4(4331 9461 9462 4332)
4(4232 4333 9463 9362)
4(4332 9462 9463 4333)
4(4233 4334 9464 9363)
4(4333 9463 9464 4334)
4(4234 4335 9465 9364)
4(4334 9464 9465 4335)
4(4235 4336 9466 9365)
4(4335 9465 9466 4336)
4(4236 4337 9467 9366)
4(4336 9466 9467 4337)
4(4237 4338 9468 9367)
4(4337 9467 9468 4338)
4(4238 4339 9469 9368)
4(4338 9468 9469 4339)
4(4239 4340 9470 9369)
4(4339 9469 9470 4340)
4(4240 4341 9471 9370)
4(4340 9470 9471 4341)
4(4241 4342 9472 9371)
4(4341 9471 9472 4342)
4(4242 4343 9473 9372)
4(4342 9472 9473 4343)
4(4243 4344 9474 9373)
4(4343 9473 9474 4344)
4(4244 4345 9475 9374)
4(4344 9474 9475 4345)
4(4245 4346 9476 9375)
4(4345 9475 9476 4346)
4(4246 4347 9477 9376)
4(4346 9476 9477 4347)
4(4247 4348 9478 9377)
4(4347 9477 9478 4348)
4(4248 4349 9479 9378)
4(4348 9478 9479 4349)
4(4249 4350 9480 9379)
4(4349 9479 9480 4350)
4(4250 4351 9481 9380)
4(4350 9480 9481 4351)
4(4251 4352 9482 9381)
4(4351 9481 9482 4352)
4(4252 4353 9483 9382)
4(4352 9482 9483 4353)
4(4253 4354 9484 9383)
4(4353 9483 9484 4354)
4(4254 4355 9485 9384)
4(4354 9484 9485 4355)
4(4255 4356 9486 9385)
4(4355 9485 9486 4356)
4(4256 4357 9487 9386)
4(4356 9486 9487 4357)
4(4257 4358 9488 9387)
4(4357 9487 9488 4358)
4(4258 4359 9489 9388)
4(4358 9488 9489 4359)
4(4259 4360 9490 9389)
4(4359 9489 9490 4360)
4(4260 4361 9491 9390)
4(4360 9490 9491 4361)
4(4261 4362 9492 9391)
4(4361 9491 9492 4362)
4(4262 4363 9493 9392)
4(4362 9492 9493 4363)
4(4263 4364 9494 9393)
4(4363 9493 9494 4364)
4(4264 4365 9495 9394)
4(4364 9494 9495 4365)
4(4265 4366 9496 9395)
4(4365 9495 9496 4366)
4(4266 4367 9497 9396)
4(4366 9496 9497 4367)
4(4267 4368 9498 9397)
4(4367 9497 9498 4368)
4(4268 4369 9499 9398)
4(4368 9498 9499 4369)
4(4269 4370 9500 9399)
4(4369 9499 9500 4370)
4(4270 4371 9501 9400)
4(4370 9500 9501 4371)
4(4271 4372 9502 9401)
4(4371 9501 9502 4372)
4(4272 4373 9503 9402)
4(4372 9502 9503 4373)
4(4273 4374 9504 9403)
4(4373 9503 9504 4374)
4(4274 4375 9505 9404)
4(4374 9504 9505 4375)
4(4275 4376 9506 9405)
4(4375 9505 9506 4376)
4(4276 4377 9507 9406)
4(4376 9506 9507 4377)
4(4277 4378 9508 9407)
4(4377 9507 9508 4378)
4(4278 4379 9509 9408)
4(4378 9508 9509 4379)
4(4279 4380 9510 9409)
4(4379 9509 9510 4380)
4(4280 4381 9511 9410)
4(4380 9510 9511 4381)
4(4281 4382 9512 9411)
4(4381 9511 9512 4382)
4(4282 4383 9513 9412)
4(4382 9512 9513 4383)
4(4283 4384 9514 9413)
4(4383 9513 9514 4384)
4(4284 4385 9515 9414)
4(4384 9514 9515 4385)
4(4285 4386 9516 9415)
4(4385 9515 9516 4386)
4(4286 4387 9517 9416)
4(4386 9516 9517 4387)
4(4287 4388 9518 9417)
4(4387 9517 9518 4388)
4(4288 4389 9519 9418)
4(4388 9518 9519 4389)
4(4289 4390 9520 9419)
4(4389 9519 9520 4390)
4(4290 4391 9521 9420)
4(4390 9520 9521 4391)
4(4291 4392 9522 9421)
4(4391 9521 9522 4392)
4(4292 4393 9523 9422)
4(4392 9522 9523 4393)
4(4293 4394 9524 9423)
4(4393 9523 9524 4394)
4(4294 4395 9525 9424)
4(4394 9524 9525 4395)
4(4295 4396 9526 9425)
4(4395 9525 9526 4396)
4(4296 4397 9527 9426)
4(4396 9526 9527 4397)
4(4297 4398 9528 9427)
4(4397 9527 9528 4398)
4(4298 4399 9529 9428)
4(4398 9528 9529 4399)
4(4299 4400 9530 9429)
4(4399 9529 9530 4400)
4(4300 4401 9531 9430)
4(4400 9530 9531 4401)
4(4301 4402 9532 9431)
4(4401 9531 9532 4402)
4(4302 4403 9533 9432)
4(4402 9532 9533 4403)
4(4303 4404 9534 9433)
4(4403 9533 9534 4404)
4(4304 4405 9535 9434)
4(4404 9534 9535 4405)
4(4305 4406 9536 9435)
4(4405 9535 9536 4406)
4(4306 4407 9537 9436)
4(4406 9536 9537 4407)
4(4307 4408 9538 9437)
4(4407 9537 9538 4408)
4(4308 4409 9539 9438)
4(4408 9538 9539 4409)
4(4309 4410 9540 9439)
4(4409 9539 9540 4410)
4(4310 4411 9541 9440)
4(4410 9540 9541 4411)
4(4311 4412 9542 9441)
4(4411 9541 9542 4412)
4(4312 4413 9543 9442)
4(4412 9542 9543 4413)
4(4313 4414 9544 9443)
4(4413 9543 9544 4414)
4(4314 4415 9545 9444)
4(4414 9544 9545 4415)
4(4315 4416 9546 9445)
4(4415 9545 9546 4416)
4(4316 4417 9547 9446)
4(4416 9546 9547 4417)
4(4317 4418 9548 9447)
4(4417 9547 9548 4418)
4(4318 4419 9549 9448)
4(4418 9548 9549 4419)
4(4319 4420 9550 9449)
4(4419 9549 9550 4420)
4(4320 4421 9551 9450)
4(4420 9550 9551 4421)
4(4421 9551 9552 4422)
4(4323 4424 9554 9453)
4(4423 9553 9554 4424)
4(4324 4425 9555 9454)
4(4424 9554 9555 4425)
4(4325 4426 9556 9455)
4(4425 9555 9556 4426)
4(4326 4427 9557 9456)
4(4426 9556 9557 4427)
4(4327 4428 9558 9457)
4(4427 9557 9558 4428)
4(4328 4429 9559 9458)
4(4428 9558 9559 4429)
4(4329 4430 9560 9459)
4(4429 9559 9560 4430)
4(4330 4431 9561 9460)
4(4430 9560 9561 4431)
4(4331 4432 9562 9461)
4(4431 9561 9562 4432)
4(4332 4433 9563 9462)
4(4432 9562 9563 4433)
4(4333 4434 9564 9463)
4(4433 9563 9564 4434)
4(4334 4435 9565 9464)
4(4434 9564 9565 4435)
4(4335 4436 9566 9465)
4(4435 9565 9566 4436)
4(4336 4437 9567 9466)
4(4436 9566 9567 4437)
4(4337 4438 9568 9467)
4(4437 9567 9568 4438)
4(4338 4439 9569 9468)
4(4438 9568 9569 4439)
4(4339 4440 9570 9469)
4(4439 9569 9570 4440)
4(4340 4441 9571 9470)
4(4440 9570 9571 4441)
4(4341 4442 9572 9471)
4(4441 9571 9572 4442)
4(4342 4443 9573 9472)
4(4442 9572 9573 4443)
4(4343 4444 9574 9473)
4(4443 9573 9574 4444)
4(4344 4445 9575 9474)
4(4444 9574 9575 4445)
4(4345 4446 9576 9475)
4(4445 9575 9576 4446)
4(4346 4447 9577 9476)
4(4446 9576 9577 4447)
4(4347 4448 9578 9477)
4(4447 9577 9578 4448)
4(4348 4449 9579 9478)
4(4448 9578 9579 4449)
4(4349 4450 9580 9479)
4(4449 9579 9580 4450)
4(4350 4451 9581 9480)
4(4450 9580 9581 4451)
4(4351 4452 9582 9481)
4(4451 9581 9582 4452)
4(4352 4453 9583 9482)
4(4452 9582 9583 4453)
4(4353 4454 9584 9483)
4(4453 9583 9584 4454)
4(4354 4455 9585 9484)
4(4454 9584 9585 4455)
4(4355 4456 9586 9485)
4(4455 9585 9586 4456)
4(4356 4457 9587 9486)
4(4456 9586 9587 4457)
4(4357 4458 9588 9487)
4(4457 9587 9588 4458)
4(4358 4459 9589 9488)
4(4458 9588 9589 4459)
4(4359 4460 9590 9489)
4(4459 9589 9590 4460)
4(4360 4461 9591 9490)
4(4460 9590 9591 4461)
4(4361 4462 9592 9491)
4(4461 9591 9592 4462)
4(4362 4463 9593 9492)
4(4462 9592 9593 4463)
4(4363 4464 9594 9493)
4(4463 9593 9594 4464)
4(4364 4465 9595 9494)
4(4464 9594 9595 4465)
4(4365 4466 9596 9495)
4(4465 9595 9596 4466)
4(4366 4467 9597 9496)
4(4466 9596 9597 4467)
4(4367 4468 9598 9497)
4(4467 9597 9598 4468)
4(4368 4469 9599 9498)
4(4468 9598 9599 4469)
4(4369 4470 9600 9499)
4(4469 9599 9600 4470)
4(4370 4471 9601 9500)
4(4470 9600 9601 4471)
4(4371 4472 9602 9501)
4(4471 9601 9602 4472)
4(4372 4473 9603 9502)
4(4472 9602 9603 4473)
4(4373 4474 9604 9503)
4(4473 9603 9604 4474)
4(4374 4475 9605 9504)
4(4474 9604 9605 4475)
4(4375 4476 9606 9505)
4(4475 9605 9606 4476)
4(4376 4477 9607 9506)
4(4476 9606 9607 4477)
4(4377 4478 9608 9507)
4(4477 9607 9608 4478)
4(4378 4479 9609 9508)
4(4478 9608 9609 4479)
4(4379 4480 9610 9509)
4(4479 9609 9610 4480)
4(4380 4481 9611 9510)
4(4480 9610 9611 4481)
4(4381 4482 9612 9511)
4(4481 9611 9612 4482)
4(4382 4483 9613 9512)
4(4482 9612 9613 4483)
4(4383 4484 9614 9513)
4(4483 9613 9614 4484)
4(4384 4485 9615 9514)
4(4484 9614 9615 4485)
4(4385 4486 9616 9515)
4(4485 9615 9616 4486)
4(4386 4487 9617 9516)
4(4486 9616 9617 4487)
4(4387 4488 9618 9517)
4(4487 9617 9618 4488)
4(4388 4489 9619 9518)
4(4488 9618 9619 4489)
4(4389 4490 9620 9519)
4(4489 9619 9620 4490)
4(4390 4491 9621 9520)
4(4490 9620 9621 4491)
4(4391 4492 9622 9521)
4(4491 9621 9622 4492)
4(4392 4493 9623 9522)
4(4492 9622 9623 4493)
4(4393 4494 9624 9523)
4(4493 9623 9624 4494)
4(4394 4495 9625 9524)
4(4494 9624 9625 4495)
4(4395 4496 9626 9525)
4(4495 9625 9626 4496)
4(4396 4497 9627 9526)
4(4496 9626 9627 4497)
4(4397 4498 9628 9527)
4(4497 9627 9628 4498)
4(4398 4499 9629 9528)
4(4498 9628 9629 4499)
4(4399 4500 9630 9529)
4(4499 9629 9630 4500)
4(4400 4501 9631 9530)
4(4500 9630 9631 4501)
4(4401 4502 9632 9531)
4(4501 9631 9632 4502)
4(4402 4503 9633 9532)
4(4502 9632 9633 4503)
4(4403 4504 9634 9533)
4(4503 9633 9634 4504)
4(4404 4505 9635 9534)
4(4504 9634 9635 4505)
4(4405 4506 9636 9535)
4(4505 9635 9636 4506)
4(4406 4507 9637 9536)
4(4506 9636 9637 4507)
4(4407 4508 9638 9537)
4(4507 9637 9638 4508)
4(4408 4509 9639 9538)
4(4508 9638 9639 4509)
4(4409 4510 9640 9539)
4(4509 9639 9640 4510)
4(4410 4511 9641 9540)
4(4510 9640 9641 4511)
4(4411 4512 9642 9541)
4(4511 9641 9642 4512)
4(4412 4513 9643 9542)
4(4512 9642 9643 4513)
4(4413 4514 9644 9543)
4(4513 9643 9644 4514)
4(4414 4515 9645 9544)
4(4514 9644 9645 4515)
4(4415 4516 9646 9545)
4(4515 9645 9646 4516)
4(4416 4517 9647 9546)
4(4516 9646 9647 4517)
4(4417 4518 9648 9547)
4(4517 9647 9648 4518)
4(4418 4519 9649 9548)
4(4518 9648 9649 4519)
4(4419 4520 9650 9549)
4(4519 9649 9650 4520)
4(4420 4521 9651 9550)
4(4520 9650 9651 4521)
4(4421 4522 9652 9551)
4(4521 9651 9652 4522)
4(4522 9652 9653 4523)
4(4424 4525 9655 9554)
4(4524 9654 9655 4525)
4(4425 4526 9656 9555)
4(4525 9655 9656 4526)
4(4426 4527 9657 9556)
4(4526 9656 9657 4527)
4(4427 4528 9658 9557)
4(4527 9657 9658 4528)
4(4428 4529 9659 9558)
4(4528 9658 9659 4529)
4(4429 4530 9660 9559)
4(4529 9659 9660 4530)
4(4430 4531 9661 9560)
4(4530 9660 9661 4531)
4(4431 4532 9662 9561)
4(4531 9661 9662 4532)
4(4432 4533 9663 9562)
4(4532 9662 9663 4533)
4(4433 4534 9664 9563)
4(4533 9663 9664 4534)
4(4434 4535 9665 9564)
4(4534 9664 9665 4535)
4(4435 4536 9666 9565)
4(4535 9665 9666 4536)
4(4436 4537 9667 9566)
4(4536 9666 9667 4537)
4(4437 4538 9668 9567)
4(4537 9667 9668 4538)
4(4438 4539 9669 9568)
4(4538 9668 9669 4539)
4(4439 4540 9670 9569)
4(4539 9669 9670 4540)
4(4440 4541 9671 9570)
4(4540 9670 9671 4541)
4(4441 4542 9672 9571)
4(4541 9671 9672 4542)
4(4442 4543 9673 9572)
4(4542 9672 9673 4543)
4(4443 4544 9674 9573)
4(4543 9673 9674 4544)
4(4444 4545 9675 9574)
4(4544 9674 9675 4545)
4(4445 4546 9676 9575)
4(4545 9675 9676 4546)
4(4446 4547 9677 9576)
4(4546 9676 9677 4547)
4(4447 4548 9678 9577)
4(4547 9677 9678 4548)
4(4448 4549 9679 9578)
4(4548 9678 9679 4549)
4(4449 4550 9680 9579)
4(4549 9679 9680 4550)
4(4450 4551 9681 9580)
4(4550 9680 9681 4551)
4(4451 4552 9682 9581)
4(4551 9681 9682 4552)
4(4452 4553 9683 9582)
4(4552 9682 9683 4553)
4(4453 4554 9684 9583)
4(4553 9683 9684 4554)
4(4454 4555 9685 9584)
4(4554 9684 9685 4555)
4(4455 4556 9686 9585)
4(4555 9685 9686 4556)
4(4456 4557 9687 9586)
4(4556 9686 9687 4557)
4(4457 4558 9688 9587)
4(4557 9687 9688 4558)
4(4458 4559 9689 9588)
4(4558 9688 9689 4559)
4(4459 4560 9690 9589)
4(4559 9689 9690 4560)
4(4460 4561 9691 9590)
4(4560 9690 9691 4561)
4(4461 4562 9692 9591)
4(4561 9691 9692 4562)
4(4462 4563 9693 9592)
4(4562 9692 9693 4563)
4(4463 4564 9694 9593)
4(4563 9693 9694 4564)
4(4464 4565 9695 9594)
4(4564 9694 9695 4565)
4(4465 4566 9696 9595)
4(4565 9695 9696 4566)
4(4466 4567 9697 9596)
4(4566 9696 9697 4567)
4(4467 4568 9698 9597)
4(4567 9697 9698 4568)
4(4468 4569 9699 9598)
4(4568 9698 9699 4569)
4(4469 4570 9700 9599)
4(4569 9699 9700 4570)
4(4470 4571 9701 9600)
4(4570 9700 9701 4571)
4(4471 4572 9702 9601)
4(4571 9701 9702 4572)
4(4472 4573 9703 9602)
4(4572 9702 9703 4573)
4(4473 4574 9704 9603)
4(4573 9703 9704 4574)
4(4474 4575 9705 9604)
4(4574 9704 9705 4575)
4(4475 4576 9706 9605)
4(4575 9705 9706 4576)
4(4476 4577 9707 9606)
4(4576 9706 9707 4577)
4(4477 4578 9708 9607)
4(4577 9707 9708 4578)
4(4478 4579 9709 9608)
4(4578 9708 9709 4579)
4(4479 4580 9710 9609)
4(4579 9709 9710 4580)
4(4480 4581 9711 9610)
4(4580 9710 9711 4581)
4(4481 4582 9712 9611)
4(4581 9711 9712 4582)
4(4482 4583 9713 9612)
4(4582 9712 9713 4583)
4(4483 4584 9714 9613)
4(4583 9713 9714 4584)
4(4484 4585 9715 9614)
4(4584 9714 9715 4585)
4(4485 4586 9716 9615)
4(4585 9715 9716 4586)
4(4486 4587 9717 9616)
4(4586 9716 9717 4587)
4(4487 4588 9718 9617)
4(4587 9717 9718 4588)
4(4488 4589 9719 9618)
4(4588 9718 9719 4589)
4(4489 4590 9720 9619)
4(4589 9719 9720 4590)
4(4490 4591 9721 9620)
4(4590 9720 9721 4591)
4(4491 4592 9722 9621)
4(4591 9721 9722 4592)
4(4492 4593 9723 9622)
4(4592 9722 9723 4593)
4(4493 4594 9724 9623)
4(4593 9723 9724 4594)
4(4494 4595 9725 9624)
4(4594 9724 9725 4595)
4(4495 4596 9726 9625)
4(4595 9725 9726 4596)
4(4496 4597 9727 9626)
4(4596 9726 9727 4597)
4(4497 4598 9728 9627)
4(4597 9727 9728 4598)
4(4498 4599 9729 9628)
4(4598 9728 9729 4599)
4(4499 4600 9730 9629)
4(4599 9729 9730 4600)
4(4500 4601 9731 9630)
4(4600 9730 9731 4601)
4(4501 4602 9732 9631)
4(4601 9731 9732 4602)
4(4502 4603 9733 9632)
4(4602 9732 9733 4603)
4(4503 4604 9734 9633)
4(4603 9733 9734 4604)
4(4504 4605 9735 9634)
4(4604 9734 9735 4605)
4(4505 4606 9736 9635)
4(4605 9735 9736 4606)
4(4506 4607 9737 9636)
4(4606 9736 9737 4607)
4(4507 4608 9738 9637)
4(4607 9737 9738 4608)
4(4508 4609 9739 9638)
4(4608 9738 9739 4609)
4(4509 4610 9740 9639)
4(4609 9739 9740 4610)
4(4510 4611 9741 9640)
4(4610 9740 9741 4611)
4(4511 4612 9742 9641)
4(4611 9741 9742 4612)
4(4512 4613 9743 9642)
4(4612 9742 9743 4613)
4(4513 4614 9744 9643)
4(4613 9743 9744 4614)
4(4514 4615 9745 9644)
4(4614 9744 9745 4615)
4(4515 4616 9746 9645)
4(4615 9745 9746 4616)
4(4516 4617 9747 9646)
4(4616 9746 9747 4617)
4(4517 4618 9748 9647)
4(4617 9747 9748 4618)
4(4518 4619 9749 9648)
4(4618 9748 9749 4619)
4(4519 4620 9750 9649)
4(4619 9749 9750 4620)
4(4520 4621 9751 9650)
4(4620 9750 9751 4621)
4(4521 4622 9752 9651)
4(4621 9751 9752 4622)
4(4522 4623 9753 9652)
4(4622 9752 9753 4623)
4(4623 9753 9754 4624)
4(4525 4626 9756 9655)
4(4625 9755 9756 4626)
4(4526 4627 9757 9656)
4(4626 9756 9757 4627)
4(4527 4628 9758 9657)
4(4627 9757 9758 4628)
4(4528 4629 9759 9658)
4(4628 9758 9759 4629)
4(4529 4630 9760 9659)
4(4629 9759 9760 4630)
4(4530 4631 9761 9660)
4(4630 9760 9761 4631)
4(4531 4632 9762 9661)
4(4631 9761 9762 4632)
4(4532 4633 9763 9662)
4(4632 9762 9763 4633)
4(4533 4634 9764 9663)
4(4633 9763 9764 4634)
4(4534 4635 9765 9664)
4(4634 9764 9765 4635)
4(4535 4636 9766 9665)
4(4635 9765 9766 4636)
4(4536 4637 9767 9666)
4(4636 9766 9767 4637)
4(4537 4638 9768 9667)
4(4637 9767 9768 4638)
4(4538 4639 9769 9668)
4(4638 9768 9769 4639)
4(4539 4640 9770 9669)
4(4639 9769 9770 4640)
4(4540 4641 9771 9670)
4(4640 9770 9771 4641)
4(4541 4642 9772 9671)
4(4641 9771 9772 4642)
4(4542 4643 9773 9672)
4(4642 9772 9773 4643)
4(4543 4644 9774 9673)
4(4643 9773 9774 4644)
4(4544 4645 9775 9674)
4(4644 9774 9775 4645)
4(4545 4646 9776 9675)
4(4645 9775 9776 4646)
4(4546 4647 9777 9676)
4(4646 9776 9777 4647)
4(4547 4648 9778 9677)
4(4647 9777 9778 4648)
4(4548 4649 9779 9678)
4(4648 9778 9779 4649)
4(4549 4650 9780 9679)
4(4649 9779 9780 4650)
4(4550 4651 9781 9680)
4(4650 9780 9781 4651)
4(4551 4652 9782 9681)
4(4651 9781 9782 4652)
4(4552 4653 9783 9682)
4(4652 9782 9783 4653)
4(4553 4654 9784 9683)
4(4653 9783 9784 4654)
4(4554 4655 9785 9684)
4(4654 9784 9785 4655)
4(4555 4656 9786 9685)
4(4655 9785 9786 4656)
4(4556 4657 9787 9686)
4(4656 9786 9787 4657)
4(4557 4658 9788 9687)
4(4657 9787 9788 4658)
4(4558 4659 9789 9688)
4(4658 9788 9789 4659)
4(4559 4660 9790 9689)
4(4659 9789 9790 4660)
4(4560 4661 9791 9690)
4(4660 9790 9791 4661)
4(4561 4662 9792 9691)
4(4661 9791 9792 4662)
4(4562 4663 9793 9692)
4(4662 9792 9793 4663)
4(4563 4664 9794 9693)
4(4663 9793 9794 4664)
4(4564 4665 9795 9694)
4(4664 9794 9795 4665)
4(4565 4666 9796 9695)
4(4665 9795 9796 4666)
4(4566 4667 9797 9696)
4(4666 9796 9797 4667)
4(4567 4668 9798 9697)
4(4667 9797 9798 4668)
4(4568 4669 9799 9698)
4(4668 9798 9799 4669)
4(4569 4670 9800 9699)
4(4669 9799 9800 4670)
4(4570 4671 9801 9700)
4(4670 9800 9801 4671)
4(4571 4672 9802 9701)
4(4671 9801 9802 4672)
4(4572 4673 9803 9702)
4(4672 9802 9803 4673)
4(4573 4674 9804 9703)
4(4673 9803 9804 4674)
4(4574 4675 9805 9704)
4(4674 9804 9805 4675)
4(4575 4676 9806 9705)
4(4675 9805 9806 4676)
4(4576 4677 9807 9706)
4(4676 9806 9807 4677)
4(4577 4678 9808 9707)
4(4677 9807 9808 4678)
4(4578 4679 9809 9708)
4(4678 9808 9809 4679)
4(4579 4680 9810 9709)
4(4679 9809 9810 4680)
4(4580 4681 9811 9710)
4(4680 9810 9811 4681)
4(4581 4682 9812 9711)
4(4681 9811 9812 4682)
4(4582 4683 9813 9712)
4(4682 9812 9813 4683)
4(4583 4684 9814 9713)
4(4683 9813 9814 4684)
4(4584 4685 9815 9714)
4(4684 9814 9815 4685)
4(4585 4686 9816 9715)
4(4685 9815 9816 4686)
4(4586 4687 9817 9716)
4(4686 9816 9817 4687)
4(4587 4688 9818 9717)
4(4687 9817 9818 4688)
4(4588 4689 9819 9718)
4(4688 9818 9819 4689)
4(4589 4690 9820 9719)
4(4689 9819 9820 4690)
4(4590 4691 9821 9720)
4(4690 9820 9821 4691)
4(4591 4692 9822 9721)
4(4691 9821 9822 4692)
4(4592 4693 9823 9722)
4(4692 9822 9823 4693)
4(4593 4694 9824 9723)
4(4693 9823 9824 4694)
4(4594 4695 9825 9724)
4(4694 9824 9825 4695)
4(4595 4696 9826 9725)
4(4695 9825 9826 4696)
4(4596 4697 9827 9726)
4(4696 9826 9827 4697)
4(4597 4698 9828 9727)
4(4697 9827 9828 4698)
4(4598 4699 9829 9728)
4(4698 9828 9829 4699)
4(4599 4700 9830 9729)
4(4699 9829 9830 4700)
4(4600 4701 9831 9730)
4(4700 9830 9831 4701)
4(4601 4702 9832 9731)
4(4701 9831 9832 4702)
4(4602 4703 9833 9732)
4(4702 9832 9833 4703)
4(4603 4704 9834 9733)
4(4703 9833 9834 4704)
4(4604 4705 9835 9734)
4(4704 9834 9835 4705)
4(4605 4706 9836 9735)
4(4705 9835 9836 4706)
4(4606 4707 9837 9736)
4(4706 9836 9837 4707)
4(4607 4708 9838 9737)
4(4707 9837 9838 4708)
4(4608 4709 9839 9738)
4(4708 9838 9839 4709)
4(4609 4710 9840 9739)
4(4709 9839 9840 4710)
4(4610 4711 9841 9740)
4(4710 9840 9841 4711)
4(4611 4712 9842 9741)
4(4711 9841 9842 4712)
4(4612 4713 9843 9742)
4(4712 9842 9843 4713)
4(4613 4714 9844 9743)
4(4713 9843 9844 4714)
4(4614 4715 9845 9744)
4(4714 9844 9845 4715)
4(4615 4716 9846 9745)
4(4715 9845 9846 4716)
4(4616 4717 9847 9746)
4(4716 9846 9847 4717)
4(4617 4718 9848 9747)
4(4717 9847 9848 4718)
4(4618 4719 9849 9748)
4(4718 9848 9849 4719)
4(4619 4720 9850 9749)
4(4719 9849 9850 4720)
4(4620 4721 9851 9750)
4(4720 9850 9851 4721)
4(4621 4722 9852 9751)
4(4721 9851 9852 4722)
4(4622 4723 9853 9752)
4(4722 9852 9853 4723)
4(4623 4724 9854 9753)
4(4723 9853 9854 4724)
4(4724 9854 9855 4725)
4(4626 4727 9857 9756)
4(4726 9856 9857 4727)
4(4627 4728 9858 9757)
4(4727 9857 9858 4728)
4(4628 4729 9859 9758)
4(4728 9858 9859 4729)
4(4629 4730 9860 9759)
4(4729 9859 9860 4730)
4(4630 4731 9861 9760)
4(4730 9860 9861 4731)
4(4631 4732 9862 9761)
4(4731 9861 9862 4732)
4(4632 4733 9863 9762)
4(4732 9862 9863 4733)
4(4633 4734 9864 9763)
4(4733 9863 9864 4734)
4(4634 4735 9865 9764)
4(4734 9864 9865 4735)
4(4635 4736 9866 9765)
4(4735 9865 9866 4736)
4(4636 4737 9867 9766)
4(4736 9866 9867 4737)
4(4637 4738 9868 9767)
4(4737 9867 9868 4738)
4(4638 4739 9869 9768)
4(4738 9868 9869 4739)
4(4639 4740 9870 9769)
4(4739 9869 9870 4740)
4(4640 4741 9871 9770)
4(4740 9870 9871 4741)
4(4641 4742 9872 9771)
4(4741 9871 9872 4742)
4(4642 4743 9873 9772)
4(4742 9872 9873 4743)
4(4643 4744 9874 9773)
4(4743 9873 9874 4744)
4(4644 4745 9875 9774)
4(4744 9874 9875 4745)
4(4645 4746 9876 9775)
4(4745 9875 9876 4746)
4(4646 4747 9877 9776)
4(4746 9876 9877 4747)
4(4647 4748 9878 9777)
4(4747 9877 9878 4748)
4(4648 4749 9879 9778)
4(4748 9878 9879 4749)
4(4649 4750 9880 9779)
4(4749 9879 9880 4750)
4(4650 4751 9881 9780)
4(4750 9880 9881 4751)
4(4651 4752 9882 9781)
4(4751 9881 9882 4752)
4(4652 4753 9883 9782)
4(4752 9882 9883 4753)
4(4653 4754 9884 9783)
4(4753 9883 9884 4754)
4(4654 4755 9885 9784)
4(4754 9884 9885 4755)
4(4655 4756 9886 9785)
4(4755 9885 9886 4756)
4(4656 4757 9887 9786)
4(4756 9886 9887 4757)
4(4657 4758 9888 9787)
4(4757 9887 9888 4758)
4(4658 4759 9889 9788)
4(4758 9888 9889 4759)
4(4659 4760 9890 9789)
4(4759 9889 9890 4760)
4(4660 4761 9891 9790)
4(4760 9890 9891 4761)
4(4661 4762 9892 9791)
4(4761 9891 9892 4762)
4(4662 4763 9893 9792)
4(4762 9892 9893 4763)
4(4663 4764 9894 9793)
4(4763 9893 9894 4764)
4(4664 4765 9895 9794)
4(4764 9894 9895 4765)
4(4665 4766 9896 9795)
4(4765 9895 9896 4766)
4(4666 4767 9897 9796)
4(4766 9896 9897 4767)
4(4667 4768 9898 9797)
4(4767 9897 9898 4768)
4(4668 4769 9899 9798)
4(4768 9898 9899 4769)
4(4669 4770 9900 9799)
4(4769 9899 9900 4770)
4(4670 4771 9901 9800)
4(4770 9900 9901 4771)
4(4671 4772 9902 9801)
4(4771 9901 9902 4772)
4(4672 4773 9903 9802)
4(4772 9902 9903 4773)
4(4673 4774 9904 9803)
4(4773 9903 9904 4774)
4(4674 4775 9905 9804)
4(4774 9904 9905 4775)
4(4675 4776 9906 9805)
4(4775 9905 9906 4776)
4(4676 4777 9907 9806)
4(4776 9906 9907 4777)
4(4677 4778 9908 9807)
4(4777 9907 9908 4778)
4(4678 4779 9909 9808)
4(4778 9908 9909 4779)
4(4679 4780 9910 9809)
4(4779 9909 9910 4780)
4(4680 4781 9911 9810)
4(4780 9910 9911 4781)
4(4681 4782 9912 9811)
4(4781 9911 9912 4782)
4(4682 4783 9913 9812)
4(4782 9912 9913 4783)
4(4683 4784 9914 9813)
4(4783 9913 9914 4784)
4(4684 4785 9915 9814)
4(4784 9914 9915 4785)
4(4685 4786 9916 9815)
4(4785 9915 9916 4786)
4(4686 4787 9917 9816)
4(4786 9916 9917 4787)
4(4687 4788 9918 9817)
4(4787 9917 9918 4788)
4(4688 4789 9919 9818)
4(4788 9918 9919 4789)
4(4689 4790 9920 9819)
4(4789 9919 9920 4790)
4(4690 4791 9921 9820)
4(4790 9920 9921 4791)
4(4691 4792 9922 9821)
4(4791 9921 9922 4792)
4(4692 4793 9923 9822)
4(4792 9922 9923 4793)
4(4693 4794 9924 9823)
4(4793 9923 9924 4794)
4(4694 4795 9925 9824)
4(4794 9924 9925 4795)
4(4695 4796 9926 9825)
4(4795 9925 9926 4796)
4(4696 4797 9927 9826)
4(4796 9926 9927 4797)
4(4697 4798 9928 9827)
4(4797 9927 9928 4798)
4(4698 4799 9929 9828)
4(4798 9928 9929 4799)
4(4699 4800 9930 9829)
4(4799 9929 9930 4800)
4(4700 4801 9931 9830)
4(4800 9930 9931 4801)
4(4701 4802 9932 9831)
4(4801 9931 9932 4802)
4(4702 4803 9933 9832)
4(4802 9932 9933 4803)
4(4703 4804 9934 9833)
4(4803 9933 9934 4804)
4(4704 4805 9935 9834)
4(4804 9934 9935 4805)
4(4705 4806 9936 9835)
4(4805 9935 9936 4806)
4(4706 4807 9937 9836)
4(4806 9936 9937 4807)
4(4707 4808 9938 9837)
4(4807 9937 9938 4808)
4(4708 4809 9939 9838)
4(4808 9938 9939 4809)
4(4709 4810 9940 9839)
4(4809 9939 9940 4810)
4(4710 4811 9941 9840)
4(4810 9940 9941 4811)
4(4711 4812 9942 9841)
4(4811 9941 9942 4812)
4(4712 4813 9943 9842)
4(4812 9942 9943 4813)
4(4713 4814 9944 9843)
4(4813 9943 9944 4814)
4(4714 4815 9945 9844)
4(4814 9944 9945 4815)
4(4715 4816 9946 9845)
4(4815 9945 9946 4816)
4(4716 4817 9947 9846)
4(4816 9946 9947 4817)
4(4717 4818 9948 9847)
4(4817 9947 9948 4818)
4(4718 4819 9949 9848)
4(4818 9948 9949 4819)
4(4719 4820 9950 9849)
4(4819 9949 9950 4820)
4(4720 4821 9951 9850)
4(4820 9950 9951 4821)
4(4721 4822 9952 9851)
4(4821 9951 9952 4822)
4(4722 4823 9953 9852)
4(4822 9952 9953 4823)
4(4723 4824 9954 9853)
4(4823 9953 9954 4824)
4(4724 4825 9955 9854)
4(4824 9954 9955 4825)
4(4825 9955 9956 4826)
4(4727 4828 9958 9857)
4(4827 9957 9958 4828)
4(4728 4829 9959 9858)
4(4828 9958 9959 4829)
4(4729 4830 9960 9859)
4(4829 9959 9960 4830)
4(4730 4831 9961 9860)
4(4830 9960 9961 4831)
4(4731 4832 9962 9861)
4(4831 9961 9962 4832)
4(4732 4833 9963 9862)
4(4832 9962 9963 4833)
4(4733 4834 9964 9863)
4(4833 9963 9964 4834)
4(4734 4835 9965 9864)
4(4834 9964 9965 4835)
4(4735 4836 9966 9865)
4(4835 9965 9966 4836)
4(4736 4837 9967 9866)
4(4836 9966 9967 4837)
4(4737 4838 9968 9867)
4(4837 9967 9968 4838)
4(4738 4839 9969 9868)
4(4838 9968 9969 4839)
4(4739 4840 9970 9869)
4(4839 9969 9970 4840)
4(4740 4841 9971 9870)
4(4840 9970 9971 4841)
4(4741 4842 9972 9871)
4(4841 9971 9972 4842)
4(4742 4843 9973 9872)
4(4842 9972 9973 4843)
4(4743 4844 9974 9873)
4(4843 9973 9974 4844)
4(4744 4845 9975 9874)
4(4844 9974 9975 4845)
4(4745 4846 9976 9875)
4(4845 9975 9976 4846)
4(4746 4847 9977 9876)
4(4846 9976 9977 4847)
4(4747 4848 9978 9877)
4(4847 9977 9978 4848)
4(4748 4849 9979 9878)
4(4848 9978 9979 4849)
4(4749 4850 9980 9879)
4(4849 9979 9980 4850)
4(4750 4851 9981 9880)
4(4850 9980 9981 4851)
4(4751 4852 9982 9881)
4(4851 9981 9982 4852)
4(4752 4853 9983 9882)
4(4852 9982 9983 4853)
4(4753 4854 9984 9883)
4(4853 9983 9984 4854)
4(4754 4855 9985 9884)
4(4854 9984 9985 4855)
4(4755 4856 9986 9885)
4(4855 9985 9986 4856)
4(4756 4857 9987 9886)
4(4856 9986 9987 4857)
4(4757 4858 9988 9887)
4(4857 9987 9988 4858)
4(4758 4859 9989 9888)
4(4858 9988 9989 4859)
4(4759 4860 9990 9889)
4(4859 9989 9990 4860)
4(4760 4861 9991 9890)
4(4860 9990 9991 4861)
4(4761 4862 9992 9891)
4(4861 9991 9992 4862)
4(4762 4863 9993 9892)
4(4862 9992 9993 4863)
4(4763 4864 9994 9893)
4(4863 9993 9994 4864)
4(4764 4865 9995 9894)
4(4864 9994 9995 4865)
4(4765 4866 9996 9895)
4(4865 9995 9996 4866)
4(4766 4867 9997 9896)
4(4866 9996 9997 4867)
4(4767 4868 9998 9897)
4(4867 9997 9998 4868)
4(4768 4869 9999 9898)
4(4868 9998 9999 4869)
4(4769 4870 10000 9899)
4(4869 9999 10000 4870)
4(4770 4871 10001 9900)
4(4870 10000 10001 4871)
4(4771 4872 10002 9901)
4(4871 10001 10002 4872)
4(4772 4873 10003 9902)
4(4872 10002 10003 4873)
4(4773 4874 10004 9903)
4(4873 10003 10004 4874)
4(4774 4875 10005 9904)
4(4874 10004 10005 4875)
4(4775 4876 10006 9905)
4(4875 10005 10006 4876)
4(4776 4877 10007 9906)
4(4876 10006 10007 4877)
4(4777 4878 10008 9907)
4(4877 10007 10008 4878)
4(4778 4879 10009 9908)
4(4878 10008 10009 4879)
4(4779 4880 10010 9909)
4(4879 10009 10010 4880)
4(4780 4881 10011 9910)
4(4880 10010 10011 4881)
4(4781 4882 10012 9911)
4(4881 10011 10012 4882)
4(4782 4883 10013 9912)
4(4882 10012 10013 4883)
4(4783 4884 10014 9913)
4(4883 10013 10014 4884)
4(4784 4885 10015 9914)
4(4884 10014 10015 4885)
4(4785 4886 10016 9915)
4(4885 10015 10016 4886)
4(4786 4887 10017 9916)
4(4886 10016 10017 4887)
4(4787 4888 10018 9917)
4(4887 10017 10018 4888)
4(4788 4889 10019 9918)
4(4888 10018 10019 4889)
4(4789 4890 10020 9919)
4(4889 10019 10020 4890)
4(4790 4891 10021 9920)
4(4890 10020 10021 4891)
4(4791 4892 10022 9921)
4(4891 10021 10022 4892)
4(4792 4893 10023 9922)
4(4892 10022 10023 4893)
4(4793 4894 10024 9923)
4(4893 10023 10024 4894)
4(4794 4895 10025 9924)
4(4894 10024 10025 4895)
4(4795 4896 10026 9925)
4(4895 10025 10026 4896)
4(4796 4897 10027 9926)
4(4896 10026 10027 4897)
4(4797 4898 10028 9927)
4(4897 10027 10028 4898)
4(4798 4899 10029 9928)
4(4898 10028 10029 4899)
4(4799 4900 10030 9929)
4(4899 10029 10030 4900)
4(4800 4901 10031 9930)
4(4900 10030 10031 4901)
4(4801 4902 10032 9931)
4(4901 10031 10032 4902)
4(4802 4903 10033 9932)
4(4902 10032 10033 4903)
4(4803 4904 10034 9933)
4(4903 10033 10034 4904)
4(4804 4905 10035 9934)
4(4904 10034 10035 4905)
4(4805 4906 10036 9935)
4(4905 10035 10036 4906)
4(4806 4907 10037 9936)
4(4906 10036 10037 4907)
4(4807 4908 10038 9937)
4(4907 10037 10038 4908)
4(4808 4909 10039 9938)
4(4908 10038 10039 4909)
4(4809 4910 10040 9939)
4(4909 10039 10040 4910)
4(4810 4911 10041 9940)
4(4910 10040 10041 4911)
4(4811 4912 10042 9941)
4(4911 10041 10042 4912)
4(4812 4913 10043 9942)
4(4912 10042 10043 4913)
4(4813 4914 10044 9943)
4(4913 10043 10044 4914)
4(4814 4915 10045 9944)
4(4914 10044 10045 4915)
4(4815 4916 10046 9945)
4(4915 10045 10046 4916)
4(4816 4917 10047 9946)
4(4916 10046 10047 4917)
4(4817 4918 10048 9947)
4(4917 10047 10048 4918)
4(4818 4919 10049 9948)
4(4918 10048 10049 4919)
4(4819 4920 10050 9949)
4(4919 10049 10050 4920)
4(4820 4921 10051 9950)
4(4920 10050 10051 4921)
4(4821 4922 10052 9951)
4(4921 10051 10052 4922)
4(4822 4923 10053 9952)
4(4922 10052 10053 4923)
4(4823 4924 10054 9953)
4(4923 10053 10054 4924)
4(4824 4925 10055 9954)
4(4924 10054 10055 4925)
4(4825 4926 10056 9955)
4(4925 10055 10056 4926)
4(4926 10056 10057 4927)
4(4828 4929 10059 9958)
4(4928 10058 10059 4929)
4(4829 4930 10060 9959)
4(4929 10059 10060 4930)
4(4830 4931 10061 9960)
4(4930 10060 10061 4931)
4(4831 4932 10062 9961)
4(4931 10061 10062 4932)
4(4832 4933 10063 9962)
4(4932 10062 10063 4933)
4(4833 4934 10064 9963)
4(4933 10063 10064 4934)
4(4834 4935 10065 9964)
4(4934 10064 10065 4935)
4(4835 4936 10066 9965)
4(4935 10065 10066 4936)
4(4836 4937 10067 9966)
4(4936 10066 10067 4937)
4(4837 4938 10068 9967)
4(4937 10067 10068 4938)
4(4838 4939 10069 9968)
4(4938 10068 10069 4939)
4(4839 4940 10070 9969)
4(4939 10069 10070 4940)
4(4840 4941 10071 9970)
4(4940 10070 10071 4941)
4(4841 4942 10072 9971)
4(4941 10071 10072 4942)
4(4842 4943 10073 9972)
4(4942 10072 10073 4943)
4(4843 4944 10074 9973)
4(4943 10073 10074 4944)
4(4844 4945 10075 9974)
4(4944 10074 10075 4945)
4(4845 4946 10076 9975)
4(4945 10075 10076 4946)
4(4846 4947 10077 9976)
4(4946 10076 10077 4947)
4(4847 4948 10078 9977)
4(4947 10077 10078 4948)
4(4848 4949 10079 9978)
4(4948 10078 10079 4949)
4(4849 4950 10080 9979)
4(4949 10079 10080 4950)
4(4850 4951 10081 9980)
4(4950 10080 10081 4951)
4(4851 4952 10082 9981)
4(4951 10081 10082 4952)
4(4852 4953 10083 9982)
4(4952 10082 10083 4953)
4(4853 4954 10084 9983)
4(4953 10083 10084 4954)
4(4854 4955 10085 9984)
4(4954 10084 10085 4955)
4(4855 4956 10086 9985)
4(4955 10085 10086 4956)
4(4856 4957 10087 9986)
4(4956 10086 10087 4957)
4(4857 4958 10088 9987)
4(4957 10087 10088 4958)
4(4858 4959 10089 9988)
4(4958 10088 10089 4959)
4(4859 4960 10090 9989)
4(4959 10089 10090 4960)
4(4860 4961 10091 9990)
4(4960 10090 10091 4961)
4(4861 4962 10092 9991)
4(4961 10091 10092 4962)
4(4862 4963 10093 9992)
4(4962 10092 10093 4963)
4(4863 4964 10094 9993)
4(4963 10093 10094 4964)
4(4864 4965 10095 9994)
4(4964 10094 10095 4965)
4(4865 4966 10096 9995)
4(4965 10095 10096 4966)
4(4866 4967 10097 9996)
4(4966 10096 10097 4967)
4(4867 4968 10098 9997)
4(4967 10097 10098 4968)
4(4868 4969 10099 9998)
4(4968 10098 10099 4969)
4(4869 4970 10100 9999)
4(4969 10099 10100 4970)
4(4870 4971 10101 10000)
4(4970 10100 10101 4971)
4(4871 4972 10102 10001)
4(4971 10101 10102 4972)
4(4872 4973 10103 10002)
4(4972 10102 10103 4973)
4(4873 4974 10104 10003)
4(4973 10103 10104 4974)
4(4874 4975 10105 10004)
4(4974 10104 10105 4975)
4(4875 4976 10106 10005)
4(4975 10105 10106 4976)
4(4876 4977 10107 10006)
4(4976 10106 10107 4977)
4(4877 4978 10108 10007)
4(4977 10107 10108 4978)
4(4878 4979 10109 10008)
4(4978 10108 10109 4979)
4(4879 4980 10110 10009)
4(4979 10109 10110 4980)
4(4880 4981 10111 10010)
4(4980 10110 10111 4981)
4(4881 4982 10112 10011)
4(4981 10111 10112 4982)
4(4882 4983 10113 10012)
4(4982 10112 10113 4983)
4(4883 4984 10114 10013)
4(4983 10113 10114 4984)
4(4884 4985 10115 10014)
4(4984 10114 10115 4985)
4(4885 4986 10116 10015)
4(4985 10115 10116 4986)
4(4886 4987 10117 10016)
4(4986 10116 10117 4987)
4(4887 4988 10118 10017)
4(4987 10117 10118 4988)
4(4888 4989 10119 10018)
4(4988 10118 10119 4989)
4(4889 4990 10120 10019)
4(4989 10119 10120 4990)
4(4890 4991 10121 10020)
4(4990 10120 10121 4991)
4(4891 4992 10122 10021)
4(4991 10121 10122 4992)
4(4892 4993 10123 10022)
4(4992 10122 10123 4993)
4(4893 4994 10124 10023)
4(4993 10123 10124 4994)
4(4894 4995 10125 10024)
4(4994 10124 10125 4995)
4(4895 4996 10126 10025)
4(4995 10125 10126 4996)
4(4896 4997 10127 10026)
4(4996 10126 10127 4997)
4(4897 4998 10128 10027)
4(4997 10127 10128 4998)
4(4898 4999 10129 10028)
4(4998 10128 10129 4999)
4(4899 5000 10130 10029)
4(4999 10129 10130 5000)
4(4900 5001 10131 10030)
4(5000 10130 10131 5001)
4(4901 5002 10132 10031)
4(5001 10131 10132 5002)
4(4902 5003 10133 10032)
4(5002 10132 10133 5003)
4(4903 5004 10134 10033)
4(5003 10133 10134 5004)
4(4904 5005 10135 10034)
4(5004 10134 10135 5005)
4(4905 5006 10136 10035)
4(5005 10135 10136 5006)
4(4906 5007 10137 10036)
4(5006 10136 10137 5007)
4(4907 5008 10138 10037)
4(5007 10137 10138 5008)
4(4908 5009 10139 10038)
4(5008 10138 10139 5009)
4(4909 5010 10140 10039)
4(5009 10139 10140 5010)
4(4910 5011 10141 10040)
4(5010 10140 10141 5011)
4(4911 5012 10142 10041)
4(5011 10141 10142 5012)
4(4912 5013 10143 10042)
4(5012 10142 10143 5013)
4(4913 5014 10144 10043)
4(5013 10143 10144 5014)
4(4914 5015 10145 10044)
4(5014 10144 10145 5015)
4(4915 5016 10146 10045)
4(5015 10145 10146 5016)
4(4916 5017 10147 10046)
4(5016 10146 10147 5017)
4(4917 5018 10148 10047)
4(5017 10147 10148 5018)
4(4918 5019 10149 10048)
4(5018 10148 10149 5019)
4(4919 5020 10150 10049)
4(5019 10149 10150 5020)
4(4920 5021 10151 10050)
4(5020 10150 10151 5021)
4(4921 5022 10152 10051)
4(5021 10151 10152 5022)
4(4922 5023 10153 10052)
4(5022 10152 10153 5023)
4(4923 5024 10154 10053)
4(5023 10153 10154 5024)
4(4924 5025 10155 10054)
4(5024 10154 10155 5025)
4(4925 5026 10156 10055)
4(5025 10155 10156 5026)
4(4926 5027 10157 10056)
4(5026 10156 10157 5027)
4(5027 10157 10158 5028)
4(4929 5030 10160 10059)
4(4930 5031 10161 10060)
4(4931 5032 10162 10061)
4(4932 5033 10163 10062)
4(4933 5034 10164 10063)
4(4934 5035 10165 10064)
4(4935 5036 10166 10065)
4(4936 5037 10167 10066)
4(4937 5038 10168 10067)
4(4938 5039 10169 10068)
4(4939 5040 10170 10069)
4(4940 5041 10171 10070)
4(4941 5042 10172 10071)
4(4942 5043 10173 10072)
4(4943 5044 10174 10073)
4(4944 5045 10175 10074)
4(4945 5046 10176 10075)
4(4946 5047 10177 10076)
4(4947 5048 10178 10077)
4(4948 5049 10179 10078)
4(4949 5050 10180 10079)
4(4950 5051 10181 10080)
4(4951 5052 10182 10081)
4(4952 5053 10183 10082)
4(4953 5054 10184 10083)
4(4954 5055 10185 10084)
4(4955 5056 10186 10085)
4(4956 5057 10187 10086)
4(4957 5058 10188 10087)
4(4958 5059 10189 10088)
4(4959 5060 10190 10089)
4(4960 5061 10191 10090)
4(4961 5062 10192 10091)
4(4962 5063 10193 10092)
4(4963 5064 10194 10093)
4(4964 5065 10195 10094)
4(4965 5066 10196 10095)
4(4966 5067 10197 10096)
4(4967 5068 10198 10097)
4(4968 5069 10199 10098)
4(4969 5070 10200 10099)
4(4970 5071 10201 10100)
4(4971 5072 10202 10101)
4(4972 5073 10203 10102)
4(4973 5074 10204 10103)
4(4974 5075 10205 10104)
4(4975 5076 10206 10105)
4(4976 5077 10207 10106)
4(4977 5078 10208 10107)
4(4978 5079 10209 10108)
4(4979 5080 10210 10109)
4(4980 5081 10211 10110)
4(4981 5082 10212 10111)
4(4982 5083 10213 10112)
4(4983 5084 10214 10113)
4(4984 5085 10215 10114)
4(4985 5086 10216 10115)
4(4986 5087 10217 10116)
4(4987 5088 10218 10117)
4(4988 5089 10219 10118)
4(4989 5090 10220 10119)
4(4990 5091 10221 10120)
4(4991 5092 10222 10121)
4(4992 5093 10223 10122)
4(4993 5094 10224 10123)
4(4994 5095 10225 10124)
4(4995 5096 10226 10125)
4(4996 5097 10227 10126)
4(4997 5098 10228 10127)
4(4998 5099 10229 10128)
4(4999 5100 10230 10129)
4(5000 5101 10231 10130)
4(5001 5102 10232 10131)
4(5002 5103 10233 10132)
4(5003 5104 10234 10133)
4(5004 5105 10235 10134)
4(5005 5106 10236 10135)
4(5006 5107 10237 10136)
4(5007 5108 10238 10137)
4(5008 5109 10239 10138)
4(5009 5110 10240 10139)
4(5010 5111 10241 10140)
4(5011 5112 10242 10141)
4(5012 5113 10243 10142)
4(5013 5114 10244 10143)
4(5014 5115 10245 10144)
4(5015 5116 10246 10145)
4(5016 5117 10247 10146)
4(5017 5118 10248 10147)
4(5018 5119 10249 10148)
4(5019 5120 10250 10149)
4(5020 5121 10251 10150)
4(5021 5122 10252 10151)
4(5022 5123 10253 10152)
4(5023 5124 10254 10153)
4(5024 5125 10255 10154)
4(5025 5126 10256 10155)
4(5026 5127 10257 10156)
4(5027 5128 10258 10157)
4(2246 10551 11527 11426)
4(11527 10551 11069 11406)
4(11601 11426 11527 11406)
4(11069 10553 11601 11406)
4(2346 10565 11064 10564)
4(11086 10564 11064 10484)
4(11064 10565 11354 10484)
4(11354 10567 11086 10484)
5(7375 10345 10964 10392 10276)
4(10260 10748 11175 10752)
4(10345 10965 11175 10964)
4(10392 10964 11175 10748)
4(10452 10752 11175 10965)
5(7375 10276 10388 11508 10344)
4(10260 10752 11563 11476)
4(10344 11508 11563 11509)
4(10388 11476 11563 11508)
4(10452 11509 11563 10752)
4(7376 10659 11177 10661)
4(7376 11456 11528 10659)
4(11177 10659 11528 11407)
4(11528 11456 11607 11407)
4(11607 10661 11177 11407)
4(7476 10674 11179 10671)
4(7476 10671 11065 10672)
4(11065 10671 11179 10486)
4(11379 10672 11065 10486)
4(11179 10674 11379 10486)
4(2247 10554 11054 10555)
4(11054 10554 11073 10488)
4(11357 10555 11054 10488)
4(11073 10557 11357 10488)
4(7376 10659 11055 10660)
4(11055 10659 11177 10489)
4(11336 10660 11055 10489)
4(11177 10661 11336 10489)
4(7377 10662 11186 10665)
4(7377 10663 11056 10662)
4(11186 10662 11056 10490)
4(11056 10663 11381 10490)
4(11381 10665 11186 10490)
4(2248 10558 11059 10559)
4(11059 10558 11077 10491)
4(11360 10559 11059 10491)
4(11077 10560 11360 10491)
4(7377 10662 11060 10664)
4(11060 10662 11186 10492)
4(11339 10664 11060 10492)
4(11186 10665 11339 10492)
4(7378 10666 11193 10668)
4(7378 10667 11061 10666)
4(11193 10666 11061 10493)
4(11061 10667 11384 10493)
4(11384 10668 11193 10493)
6(10398 10764 10263 11477 10391 10280)
4(10263 10764 11195 10766)
4(10308 10896 11195 10895)
4(10398 10895 11195 10764)
4(10442 10766 11195 10896)
5(2249 10280 10391 11494 10306)
4(10263 10766 11534 11477)
4(10306 11494 11534 11495)
4(10391 11477 11534 11494)
4(10442 11495 11534 10766)
4(2347 10573 11199 10571)
4(2347 10571 11081 10572)
4(11081 10571 11199 10495)
4(11364 10572 11081 10495)
4(11199 10573 11364 10495)
4(7378 10666 11531 11457)
4(11531 10666 11193 11408)
4(11596 11457 11531 11408)
4(11193 10668 11596 11408)
5(7379 10280 10398 10979 10352)
4(10263 10767 11201 10764)
4(10352 10979 11201 10980)
4(10398 10764 11201 10979)
4(10458 10980 11201 10767)
5(7379 10350 11510 10391 10280)
4(10263 11477 11564 10767)
4(10350 11511 11564 11510)
4(10391 11510 11564 11477)
4(10458 10767 11564 11511)
4(7477 10678 11203 10680)
4(7477 10679 11082 10678)
4(11203 10678 11082 10497)
4(11082 10679 11387 10497)
4(11387 10680 11203 10497)
4(2346 10564 11066 10566)
4(11066 10564 11087 10498)
4(11349 10566 11066 10498)
4(11087 10568 11349 10498)
4(2443 11434 11538 10579)
4(11099 10579 11538 11409)
4(11538 11434 11600 11409)
4(11600 10580 11099 11409)
5(7475 10281 10393 10981 10353)
4(10264 10772 11209 10768)
4(10353 10981 11209 10982)
4(10393 10768 11209 10981)
4(10448 10982 11209 10772)
5(7475 10354 11512 10401 10281)
4(10264 11478 11566 10772)
4(10354 11513 11566 11512)
4(10401 11512 11566 11478)
4(10448 10772 11566 11513)
4(7476 10671 11211 10675)
4(7476 10673 11067 10671)
4(11211 10671 11067 10500)
4(11067 10673 11372 10500)
4(11372 10675 11211 10500)
4(7573 10686 11213 10685)
4(7573 10685 11539 11462)
4(11539 10685 11213 11410)
4(11606 11462 11539 11410)
4(11213 10686 11606 11410)
3(11179 10671 11211)
3(11199 10571 11088)
4(7477 10678 11215 10682)
3(11215 10678 11203)
6(10405 11479 10265 10773 10400 10284)
5(2348 10284 10400 10905 10314)
4(10265 10776 11089 10773)
4(10314 10905 11089 10906)
4(10400 10773 11089 10905)
4(10444 10906 11089 10776)
4(10265 11479 11567 10776)
4(10316 11499 11567 11498)
4(10405 11498 11567 11479)
4(10444 10776 11567 11499)
4(2444 10586 11218 10585)
4(2444 10585 11542 11435)
4(11542 10585 11218 11411)
4(11604 11435 11542 11411)
4(11218 10586 11604 11411)
4(7477 10678 11083 10681)
4(11083 10678 11215 10503)
4(11343 10681 11083 10503)
4(11215 10682 11343 10503)
5(7478 10358 10989 10400 10284)
4(10265 10773 11219 10777)
4(10358 10990 11219 10989)
4(10400 10989 11219 10773)
4(10460 10777 11219 10990)
5(7478 10284 10405 11514 10360)
4(10265 10777 11569 11479)
4(10360 11514 11569 11515)
4(10405 11479 11569 11514)
4(10460 11515 11569 10777)
4(7574 10691 11223 10692)
4(7574 11463 11543 10691)
4(11223 10691 11543 11412)
4(11543 11463 11610 11412)
4(11610 10692 11223 11412)
4(2539 10594 11096 10593)
4(11117 10593 11096 10505)
4(11096 10594 11350 10505)
4(11350 10595 11117 10505)
4(7573 10687 11097 10685)
4(11213 10685 11097 10506)
4(11331 10686 11213 10506)
4(11097 10687 11331 10506)
4(7669 10699 11229 10697)
4(7669 10697 11098 10698)
4(11098 10697 11229 10507)
4(11374 10698 11098 10507)
4(11229 10699 11374 10507)
4(11218 10585 11107 10508)
4(11368 10586 11218 10508)
4(11107 10587 11368 10508)
4(2540 10600 11234 10598)
4(2540 10598 11108 10599)
4(11108 10598 11234 10509)
4(11367 10599 11108 10509)
4(11234 10600 11367 10509)
4(7574 10691 11109 10693)
4(11109 10691 11223 10510)
4(11223 10692 11391 10510)
4(11391 10693 11109 10510)
4(7670 10702 11238 10704)
4(7670 10703 11110 10702)
4(11238 10702 11110 10511)
4(11110 10703 11392 10511)
4(11392 10704 11238 10511)
4(2635 10607 11114 10606)
4(11128 10606 11114 10512)
4(11114 10607 11351 10512)
4(11351 10608 11128 10512)
4(7669 10700 11115 10697)
4(11229 10697 11115 10513)
4(11332 10699 11229 10513)
4(11115 10700 11332 10513)
4(7765 10710 11245 10708)
4(7765 10708 11116 10709)
4(11116 10708 11245 10514)
4(11375 10709 11116 10514)
4(11245 10710 11375 10514)
4(11234 10598 11124 10515)
4(11370 10600 11234 10515)
4(11124 10601 11370 10515)
4(2636 10614 11251 10612)
4(2636 10612 11125 10613)
4(11125 10612 11251 10516)
4(11369 10613 11125 10516)
4(11251 10614 11369 10516)
4(7670 10702 11126 10705)
4(11126 10702 11238 10517)
4(11238 10704 11393 10517)
4(11393 10705 11126 10517)
4(7766 10714 11256 10716)
4(7766 10715 11127 10714)
4(11256 10714 11127 10518)
4(11127 10715 11394 10518)
4(11394 10716 11256 10518)
6(10417 10291 10415 11480 10270 10800)
4(10270 10801 11259 10800)
4(10331 10939 11259 10940)
4(10417 10800 11259 10939)
4(10435 10940 11259 10801)
5(2731 10326 11500 10415 10291)
4(10270 11480 11548 10801)
4(10326 11501 11548 11500)
4(10415 11500 11548 11480)
4(10435 10801 11548 11501)
4(2732 10617 11261 10618)
4(2732 10619 11137 10617)
4(11261 10617 11137 10520)
4(11352 10618 11261 10520)
4(11137 10619 11352 10520)
4(7765 11465 11547 10708)
4(11245 10708 11547 11413)
4(11592 10710 11245 11413)
4(11547 11465 11592 11413)
5(7861 10375 11023 10417 10291)
4(10270 10800 11264 10802)
4(10375 11024 11264 11023)
4(10417 11023 11264 10800)
4(10451 10802 11264 11024)
5(7861 10291 10415 11516 10370)
4(10270 10802 11570 11480)
4(10370 11516 11570 11517)
4(10415 11480 11570 11516)
4(10451 11517 11570 10802)
4(7862 10719 11265 10718)
4(7862 10718 11138 10720)
4(11138 10718 11265 10522)
4(11265 10719 11377 10522)
4(11377 10720 11138 10522)
3(11140 10617 11261)
4(7862 10721 11266 10718)
3(11265 10718 11266)
4(2733 10624 11267 10625)
4(2733 10626 11268 10624)
3(11267 10624 11268)
4(7863 10726 11269 10725)
4(7863 10725 11270 10727)
3(11270 10725 11269)
4(11251 10612 11552 11414)
4(11605 10614 11251 11414)
4(11552 11438 11605 11414)
4(11153 10624 11267 10523)
4(11267 10625 11371 10523)
4(11371 10627 11153 10523)
6(10422 10805 10271 11481 10421 10294)
5(2734 10338 10956 10422 10294)
4(10271 10805 11271 10806)
4(10338 10957 11271 10956)
4(10422 10956 11271 10805)
4(10447 10806 11271 10957)
5(2734 10294 10421 11502 10330)
4(10271 10806 11571 11481)
4(10330 11502 11571 11503)
4(10421 11481 11571 11502)
4(10447 11503 11571 10806)
4(7766 10714 11553 11466)
4(11553 10714 11256 11415)
4(11256 10716 11611 11415)
4(11611 11466 11553 11415)
4(7863 10728 11154 10725)
4(11269 10725 11154 10525)
4(11395 10726 11269 10525)
4(11154 10728 11395 10525)
5(7864 10294 10422 11040 10382)
4(10271 10807 11275 10805)
4(10382 11040 11275 11041)
4(10422 10805 11275 11040)
4(10463 11041 11275 10807)
5(7864 10374 11518 10421 10294)
4(10271 11481 11573 10807)
4(10374 11519 11573 11518)
4(10421 11518 11573 11481)
4(10463 10807 11573 11519)
6(10425 10295 10423 10809 10272 11482)
5(2830 10333 10943 10423 10295)
4(10272 10809 11142 10811)
4(10333 10944 11142 10943)
4(10423 10943 11142 10809)
4(10437 10811 11142 10944)
4(10272 10811 11574 11482)
4(10340 11504 11574 11505)
4(10425 11482 11574 11504)
4(10437 11505 11574 10811)
4(2831 10633 11278 10634)
4(2831 11445 11556 10633)
4(11278 10633 11556 11416)
4(11602 10634 11278 11416)
4(11556 11445 11602 11416)
4(7862 10722 11139 10718)
4(11266 10718 11139 10527)
4(11334 10721 11266 10527)
4(11139 10722 11334 10527)
5(7960 10295 10423 11027 10377)
4(10272 10812 11280 10809)
4(10377 11027 11280 11028)
4(10423 10809 11280 11027)
4(10453 11028 11280 10812)
5(7960 10384 11520 10425 10295)
4(10272 11482 11576 10812)
4(10384 11521 11576 11520)
4(10425 11520 11576 11482)
4(10453 10812 11576 11521)
4(7961 10734 11283 10733)
4(7961 10733 11557 11471)
4(11557 10733 11283 11417)
4(11283 10734 11608 11417)
4(11608 11471 11557 11417)
4(11160 10633 11278 10529)
4(11278 10634 11358 10529)
4(11358 10635 11160 10529)
4(2832 10637 11288 10638)
4(2832 10639 11161 10637)
4(11288 10637 11161 10530)
4(11359 10638 11288 10530)
4(11161 10639 11359 10530)
4(7961 10735 11162 10733)
4(11283 10733 11162 10531)
4(11383 10734 11283 10531)
4(11162 10735 11383 10531)
4(7962 10738 11292 10737)
4(7962 10737 11163 10739)
4(11163 10737 11292 10532)
4(11292 10738 11382 10532)
4(11382 10739 11163 10532)
4(11166 10637 11288 10533)
4(11288 10638 11361 10533)
4(11361 10640 11166 10533)
4(2833 10642 11297 10643)
4(2833 10644 11167 10642)
4(11297 10642 11167 10534)
4(11362 10643 11297 10534)
4(11167 10644 11362 10534)
4(7962 10740 11168 10737)
4(11292 10737 11168 10535)
4(11386 10738 11292 10535)
4(11168 10740 11386 10535)
4(7963 10743 11302 10742)
4(7963 10742 11169 10744)
4(11169 10742 11302 10536)
4(11302 10743 11385 10536)
4(11385 10744 11169 10536)
4(11268 10624 11155 10537)
4(11365 10626 11268 10537)
4(11155 10628 11365 10537)
4(11560 10642 11297 11418)
4(11297 10643 11603 11418)
4(11603 11446 11560 11418)
6(10431 11483 10275 10825 10430 10299)
5(2834 10299 10430 10958 10339)
4(10275 10826 11303 10825)
4(10339 10958 11303 10959)
4(10430 10825 11303 10958)
4(10443 10959 11303 10826)
5(2834 10343 11506 10431 10299)
4(10275 11483 11577 10826)
4(10343 11507 11577 11506)
4(10431 11506 11577 11483)
4(10443 10826 11577 11507)
4(7863 10725 11156 10729)
4(11156 10725 11270 10539)
4(11270 10727 11389 10539)
4(11389 10729 11156 10539)
4(7963 11472 11561 10742)
4(11302 10742 11561 11419)
4(11609 10743 11302 11419)
4(11561 11472 11609 11419)
5(7964 10383 11042 10430 10299)
4(10275 10825 11307 10827)
4(10383 11043 11307 11042)
4(10430 11042 11307 10825)
4(10459 10827 11307 11043)
5(7964 10299 10431 11522 10387)
4(10275 10827 11579 11483)
4(10387 11522 11579 11523)
4(10431 11483 11579 11522)
4(10459 11523 11579 10827)
4(11315 10464 11052 10544)
4(11052 10464 11048 10545)
5(11315 10302 10882 10389 10464)
5(10389 10828 10277 11051 10464)
4(10277 10828 11053 10551)
4(10302 10552 11053 10882)
4(10389 10882 11053 10828)
5(2246 10541 11051 10277 10551)
5(11052 10278 10830 10389 10464)
5(2247 10554 10278 11052 10544)
4(10278 10554 11054 10830)
4(10302 10882 11054 10555)
4(10389 10830 11054 10882)
4(11335 10652 11048 10464)
4(11335 10464 11051 10653)
4(7275 10653 11051 10542)
4(11335 10655 11052 10464)
4(7276 10545 11052 10655)
5(11335 10464 10389 10966 10346)
4(10277 10659 11055 10828)
4(10346 10966 11055 10660)
4(10389 10828 11055 10966)
5(7376 10659 10277 11051 10653)
5(7377 10655 11052 10278 10662)
4(10278 10830 11056 10662)
4(10346 10663 11056 10966)
4(10389 10966 11056 10830)
4(11318 10465 11057 10546)
4(11057 10465 11049 10547)
5(11318 10304 10887 10390 10465)
5(10390 10831 10278 11052 10465)
4(10278 10831 11058 10554)
4(10304 10556 11058 10887)
4(10390 10887 11058 10831)
5(11057 10279 10833 10390 10465)
4(10279 10558 11059 10833)
4(10304 10887 11059 10559)
4(10390 10833 11059 10887)
5(2248 10558 10279 11057 10546)
4(11338 10654 11049 10465)
4(11338 10465 11052 10655)
4(11338 10656 11057 10465)
4(7277 10547 11057 10656)
5(11338 10465 10390 10971 10348)
4(10278 10662 11060 10831)
4(10348 10971 11060 10664)
4(10390 10831 11060 10971)
4(10279 10833 11061 10666)
4(10348 10667 11061 10971)
4(10390 10971 11061 10833)
5(7378 10656 11057 10279 10666)
5(11310 10466 10392 10880 10301)
4(10392 10466 11050 10276)
5(11310 10309 10897 10393 10466)
4(10393 10281 11063 10466)
6(10392 10835 10282 10836 10393 10466)
4(10282 10835 11064 10564)
4(10301 10565 11064 10880)
4(10392 10880 11064 10835)
4(10282 10564 11066 10836)
4(10309 10897 11066 10566)
4(10393 10836 11066 10897)
4(11330 10657 11050 10466)
4(11330 10466 11063 10658)
5(11330 10345 10964 10392 10466)
5(11330 10466 10393 10981 10353)
4(10282 10671 11065 10835)
4(10345 10964 11065 10672)
4(10392 10835 11065 10964)
4(10282 10836 11067 10671)
4(10353 10673 11067 10981)
4(10393 10981 11067 10836)
4(11072 10467 11070 10753)
4(11071 10467 11072 10754)
4(11070 10467 11071 10756)
4(10261 10753 11070 10756)
4(10261 10754 11072 10753)
4(11072 10828 11053 10467)
4(11072 10467 11069 10829)
4(10277 10828 11072 10829)
4(10277 10829 11069 10551)
4(11070 10467 11053 10882)
4(11316 10467 11070 10883)
4(10302 10883 11070 10882)
4(11071 10884 11069 10467)
4(11316 10886 11071 10467)
4(10303 10884 11071 10886)
4(10303 10553 11069 10884)
4(10389 10882 11070 10753)
4(10389 10753 11072 10828)
4(10394 10754 11071 10884)
4(10394 10829 11072 10754)
4(10394 10884 11069 10829)
4(10438 10756 11070 10883)
4(11076 10468 11074 10758)
4(11075 10468 11076 10759)
4(11074 10468 11075 10761)
4(10262 10758 11074 10761)
4(10262 10759 11076 10758)
4(11076 10831 11058 10468)
4(11076 10468 11073 10832)
4(10278 10832 11073 10554)
4(10278 10831 11076 10832)
4(11074 10468 11058 10887)
4(11319 10468 11074 10888)
4(10304 10888 11074 10887)
4(11075 10889 11073 10468)
4(11319 10891 11075 10468)
4(10305 10557 11073 10889)
4(10390 10887 11074 10758)
4(10390 10758 11076 10831)
4(10396 10889 11073 10832)
4(10396 10832 11076 10759)
4(10440 10761 11074 10888)
4(11322 10469 11079 10562)
4(11079 10469 11062 10563)
5(11322 10314 10905 10400 10469)
6(10398 10469 10400 10843 10283 10841)
4(10283 10843 11080 10571)
4(10314 10574 11080 10905)
4(10400 10905 11080 10843)
4(10283 10571 11081 10841)
4(10308 10895 11081 10572)
4(10398 10841 11081 10895)
4(11079 10284 10400 10469)
4(11342 10669 11062 10469)
5(10398 10979 10352 11342 10469)
4(11342 10670 11079 10469)
5(11342 10469 10400 10989 10358)
4(10283 10841 11082 10678)
4(10352 10679 11082 10979)
4(10398 10979 11082 10841)
4(10283 10678 11083 10843)
4(10358 10989 11083 10681)
4(10400 10843 11083 10989)
4(10282 10564 11086 10837)
4(10282 10838 11087 10564)
3(10282 10837 10838)
4(11091 10470 11089 10773)
4(11090 10470 11091 10774)
4(11089 10470 11090 10776)
4(10265 10776 11090 10774)
4(10265 10774 11091 10773)
4(11091 10843 11080 10470)
4(11091 10470 11088 10844)
4(10283 10844 11088 10571)
4(10283 10843 11091 10844)
4(11089 10470 11080 10905)
4(11323 10470 11089 10906)
4(11090 10907 11088 10470)
4(11323 10908 11090 10470)
4(10315 10907 11090 10908)
4(10400 10773 11091 10843)
4(10404 10774 11090 10907)
4(10404 10844 11091 10774)
4(10444 10908 11090 10776)
5(11308 10471 10407 10912 10318)
5(10407 10471 11084 10285 10846)
4(10285 10579 11094 10846)
4(10318 10912 11094 10581)
4(10407 10846 11094 10912)
5(2443 10579 10285 11084 10576)
4(11308 10590 11095 10471)
4(11095 10592 11093 10471)
5(10407 10851 10287 11095 10471)
5(2539 10590 11095 10287 10593)
4(10287 10851 11096 10593)
4(10318 10594 11096 10912)
4(10407 10912 11096 10851)
4(11328 10683 11084 10471)
4(11328 10471 11093 10684)
4(7572 10578 11084 10683)
5(11328 10362 10996 10407 10471)
4(10285 10846 11097 10685)
4(10362 10687 11097 10996)
4(10407 10996 11097 10846)
5(7573 10683 11084 10285 10685)
4(11328 10471 11095 10695)
4(7668 10695 11095 10592)
5(7669 10697 10287 11095 10695)
4(10287 10697 11098 10851)
4(10362 10996 11098 10698)
4(10407 10851 11098 10996)
4(11102 10472 11100 10778)
4(11101 10472 11102 10779)
4(11100 10472 11101 10781)
4(10266 10781 11101 10779)
4(10266 10779 11102 10778)
4(11102 10845 11099 10472)
4(11102 10472 11094 10846)
4(10285 10845 11102 10846)
4(10285 10579 11099 10845)
4(11100 10472 11099 10909)
4(11311 10472 11100 10911)
4(10317 10911 11100 10909)
4(10317 10909 11099 10580)
4(11101 10912 11094 10472)
4(11311 10913 11101 10472)
4(10318 10912 11101 10913)
4(10403 10909 11100 10778)
4(10403 10778 11102 10845)
4(10403 10845 11099 10909)
4(10407 10779 11101 10912)
4(10407 10846 11102 10779)
4(10433 10913 11101 10781)
3(11104 11103 10914)
4(10319 10914 11103 10583)
4(10319 10916 11104 10914)
4(10406 10848 11103 10914)
4(10406 10914 11104 10783)
3(10406 10783 10848)
4(11326 10473 11105 10588)
4(11105 10473 11092 10589)
4(2445 10589 11092 10584)
4(11326 10597 11106 10473)
5(11106 10288 10854 10409 10473)
4(10288 10598 11108 10854)
4(10320 10917 11108 10599)
4(10409 10854 11108 10917)
4(11106 10473 11105 10603)
4(2541 10597 11106 10603)
4(11346 10690 11092 10473)
5(10409 11001 10364 11346 10473)
4(10286 10691 11109 10850)
4(10364 11001 11109 10693)
4(10409 10850 11109 11001)
5(7574 10691 10286 11092 10690)
4(11346 10694 11105 10473)
4(7575 10690 11092 10589)
4(11346 10473 11106 10701)
5(7670 10701 11106 10288 10702)
4(10288 10854 11110 10702)
4(10364 10703 11110 11001)
4(10409 11001 11110 10854)
4(7671 10603 11106 10701)
5(11309 10474 10411 10922 10322)
5(10411 10474 11095 10287 10853)
4(10287 10593 11112 10853)
4(10322 10922 11112 10596)
4(10411 10853 11112 10922)
4(11309 10604 11113 10474)
4(11113 10605 11111 10474)
5(10411 10857 10289 11113 10474)
4(10289 10857 11114 10606)
4(10322 10607 11114 10922)
4(10411 10922 11114 10857)
5(2635 10604 11113 10289 10606)
4(11329 10695 11095 10474)
4(11329 10474 11111 10696)
5(11329 10366 11006 10411 10474)
4(10287 10853 11115 10697)
4(10366 10700 11115 11006)
4(10411 11006 11115 10853)
4(11329 10474 11113 10707)
4(7764 10707 11113 10605)
4(10289 10708 11116 10857)
4(10366 11006 11116 10709)
4(10411 10857 11116 11006)
5(7765 10708 10289 11113 10707)
4(11120 10475 11118 10788)
4(11119 10475 11120 10789)
4(11118 10475 11119 10791)
4(10268 10791 11119 10789)
4(10268 10789 11120 10788)
4(11120 10852 11117 10475)
4(11120 10475 11112 10853)
4(10287 10593 11117 10852)
4(10287 10852 11120 10853)
4(11118 10475 11117 10919)
4(11312 10475 11118 10921)
4(10321 10919 11117 10595)
4(11119 10922 11112 10475)
4(11312 10923 11119 10475)
4(10322 10922 11119 10923)
4(10408 10852 11117 10919)
4(10408 10788 11120 10852)
4(10411 10789 11119 10922)
4(10411 10853 11120 10789)
4(10434 10923 11119 10791)
4(11327 10476 11122 10602)
4(11122 10476 11106 10603)
4(11327 10611 11123 10476)
5(11123 10290 10861 10413 10476)
4(10290 10612 11125 10861)
4(10324 10927 11125 10613)
4(10413 10861 11125 10927)
4(11123 10476 11122 10615)
4(2637 10611 11123 10615)
4(11347 10701 11106 10476)
5(10413 11011 10368 11347 10476)
4(10288 10702 11126 10856)
4(10368 11011 11126 10705)
4(10413 10856 11126 11011)
4(11347 10706 11122 10476)
4(11347 10476 11123 10713)
4(10290 10861 11127 10714)
4(10368 10715 11127 11011)
4(10413 11011 11127 10861)
5(7766 10713 11123 10290 10714)
4(7767 10615 11123 10713)
4(11133 10477 11131 10803)
4(11132 10477 11133 10804)
4(11131 10477 11132 10806)
4(10271 10806 11132 10804)
4(10271 10804 11133 10803)
4(10271 10803 11131 10806)
4(11131 10477 11130 10934)
4(11324 10477 11131 10936)
4(10328 10934 11130 10610)
4(10328 10936 11131 10934)
3(11132 10937 10477)
4(11324 10938 11132 10477)
4(10329 10937 11132 10938)
4(10414 10860 11130 10934)
4(10414 10803 11133 10860)
4(10414 10934 11131 10803)
4(10419 10804 11132 10937)
3(10419 11133 10804)
4(10447 10938 11132 10806)
4(10447 10806 11131 10936)
5(11313 10478 10423 10943 10333)
6(10423 10478 10417 10864 10292 10866)
4(10292 10617 11135 10866)
4(10333 10943 11135 10621)
4(10423 10866 11135 10943)
4(10292 10864 11137 10617)
4(10331 10619 11137 10939)
4(10417 10939 11137 10864)
4(11313 10630 11136 10478)
4(11136 10631 11134 10478)
4(10423 10295 11136 10478)
5(11333 10375 11023 10417 10478)
4(11333 10478 11134 10717)
5(11333 10377 11027 10423 10478)
4(10292 10718 11138 10864)
4(10375 11023 11138 10720)
4(10417 10864 11138 11023)
4(10292 10866 11139 10718)
4(10377 10722 11139 11027)
4(10423 11027 11139 10866)
4(11333 10478 11136 10731)
4(11143 10479 11141 10808)
4(11142 10479 11143 10809)
4(11141 10479 11142 10811)
4(10272 10808 11141 10811)
4(10272 10809 11143 10808)
4(11143 10865 11140 10479)
4(11143 10479 11135 10866)
4(10292 10617 11140 10865)
4(10292 10865 11143 10866)
4(11141 10479 11140 10941)
4(11314 10479 11141 10942)
4(10332 10942 11141 10941)
4(11142 10943 11135 10479)
4(11314 10944 11142 10479)
4(10418 10941 11141 10808)
4(10418 10808 11143 10865)
4(10423 10866 11143 10809)
4(10437 10811 11141 10942)
3(11145 10945 11144)
4(10334 10622 11144 10945)
4(10334 10945 11145 10947)
4(10424 10945 11144 10867)
4(10424 10813 11145 10945)
3(10424 10867 10813)
4(11150 10480 11148 10823)
4(11149 10480 11150 10824)
4(11148 10480 11149 10826)
4(10275 10823 11148 10826)
4(10275 10824 11150 10823)
4(10275 10826 11149 10824)
3(11148 10480 10951)
4(11321 10480 11148 10952)
4(10336 10952 11148 10951)
4(11149 10953 11147 10480)
4(11321 10955 11149 10480)
4(10337 10623 11147 10953)
4(10337 10953 11149 10955)
4(10420 10951 11148 10823)
3(10420 10823 11150)
4(10428 10953 11147 10868)
4(10428 10868 11150 10824)
4(10428 10824 11149 10953)
4(10443 10826 11148 10952)
4(10443 10955 11149 10826)
4(11325 10481 11151 10629)
4(10422 10294 11151 10481)
4(11325 10645 11152 10481)
4(11152 10299 10430 10481)
4(11152 10481 11151 10646)
5(11345 10382 11040 10422 10481)
5(10430 11042 10383 11345 10481)
4(10293 10871 11154 10725)
4(10382 10728 11154 11040)
4(10422 11040 11154 10871)
4(10293 10725 11156 10872)
4(10383 11042 11156 10729)
4(10430 10872 11156 11042)
4(11345 10730 11151 10481)
4(11345 10481 11152 10745)
4(11317 10482 11158 10636)
5(10427 10876 10297 11158 10482)
4(10297 10876 11161 10637)
4(10341 10639 11161 10960)
4(10427 10960 11161 10876)
4(11317 10647 11159 10482)
4(11159 10648 11157 10482)
4(2932 10632 11157 10648)
4(11159 10482 11158 10650)
4(2933 10650 11158 10636)
5(11337 10385 11044 10427 10482)
4(11337 10482 11157 10732)
4(10296 10874 11162 10733)
4(10385 10735 11162 11044)
4(10427 11044 11162 10874)
5(7961 10732 11157 10296 10733)
4(11337 10736 11158 10482)
5(7962 10737 10297 11158 10736)
4(10297 10737 11163 10876)
4(10385 11044 11163 10739)
4(10427 10876 11163 11044)
4(11337 10482 11159 10746)
4(8062 10648 11157 10732)
4(8063 10736 11158 10650)
4(11320 10483 11164 10641)
5(10429 10879 10298 11164 10483)
4(10298 10879 11167 10642)
4(10342 10644 11167 10962)
4(10429 10962 11167 10879)
4(11320 10649 11165 10483)
4(11165 10650 11158 10483)
4(11165 10483 11164 10651)
4(2934 10651 11164 10641)
5(11340 10386 11046 10429 10483)
4(11340 10483 11158 10736)
4(10297 10877 11168 10737)
4(10386 10740 11168 11046)
4(10429 11046 11168 10877)
4(11340 10741 11164 10483)
4(10298 10742 11169 10879)
4(10386 11046 11169 10744)
4(10429 10879 11169 11046)
5(7963 10742 10298 11164 10741)
4(11340 10483 11165 10747)
4(8064 10741 11164 10651)
4(11172 10484 11068 10748)
4(11171 10484 11172 10750)
4(11068 10484 11171 10751)
4(10260 10751 11171 10750)
4(10260 10750 11172 10748)
4(11172 10835 11064 10484)
4(11172 10484 11086 10837)
4(10282 10835 11172 10837)
4(11064 10880 11068 10484)
4(11354 10484 11068 10881)
4(11171 10899 11086 10484)
4(11354 10900 11171 10484)
4(10311 10899 11171 10900)
4(10392 10748 11172 10835)
4(10395 10750 11171 10899)
4(10395 10837 11172 10750)
4(10436 10900 11171 10751)
4(11173 10749 11170 10485)
4(11173 10485 11171 10750)
4(11171 10485 11170 10751)
4(10260 10749 11173 10750)
4(10260 10751 11170 10749)
4(11174 10485 11170 10884)
4(11170 10485 11355 10885)
4(10303 10569 11174 10884)
4(10303 10884 11170 10885)
3(10899 11171 10485)
4(11355 10485 11171 10900)
4(10394 10839 11173 10749)
4(10394 10884 11174 10839)
4(10394 10749 11170 10884)
3(10395 10750 11173)
4(10436 10885 11170 10751)
4(11172 10748 11175 10486)
4(11172 10486 11178 10750)
4(11178 10486 11175 10752)
4(10260 10750 11178 10752)
4(11065 10835 11172 10486)
4(11179 10486 11172 10837)
4(10282 10671 11179 10837)
4(11065 10486 11175 10964)
4(11175 10486 11379 10965)
4(11179 10983 11178 10486)
4(11379 10486 11178 10984)
4(10355 10984 11178 10983)
4(10395 10983 11178 10750)
4(10452 10752 11178 10984)
4(11173 10487 11176 10749)
4(11173 10750 11178 10487)
4(11176 10487 11178 10752)
4(10260 10749 11176 10752)
4(11180 10968 11176 10487)
4(11378 10487 11176 10969)
4(10347 10968 11180 10676)
4(10347 10969 11176 10968)
3(10487 11178 10983)
4(11178 10487 11378 10984)
4(10394 10839 11180 10968)
4(10394 10968 11176 10749)
4(10452 10752 11176 10969)
4(11070 10488 11182 10753)
4(11182 10488 11181 10755)
4(11181 10488 11070 10756)
4(10261 10753 11182 10755)
4(11182 10488 11054 10830)
4(11182 10832 11073 10488)
4(10278 10832 11182 10830)
4(11054 10488 11070 10882)
4(11357 10883 11070 10488)
4(11181 10488 11073 10889)
4(11357 10488 11181 10890)
4(10389 10830 11182 10753)
4(10396 10755 11182 10832)
3(11071 11174 10884)
3(10394 10754 10839)
4(11183 10489 11072 10753)
4(11072 10489 11184 10754)
4(11184 10489 11183 10757)
4(10261 10757 11183 10753)
4(11055 10828 11072 10489)
4(11072 10829 11177 10489)
4(10277 10659 11177 10829)
4(11183 10966 11055 10489)
4(11336 10967 11183 10489)
4(10346 10966 11183 10967)
4(11184 10489 11177 10968)
4(11336 10489 11184 10970)
4(10347 10970 11184 10968)
4(10347 10968 11177 10661)
4(10389 10753 11183 10966)
4(10394 10968 11184 10754)
4(10394 10829 11177 10968)
4(10454 10967 11183 10757)
4(11182 10490 11183 10753)
4(11185 10490 11182 10755)
4(11183 10490 11185 10757)
4(11056 10490 11182 10830)
4(11182 10490 11186 10832)
4(10278 10832 11186 10662)
4(11056 10966 11183 10490)
4(11381 10490 11183 10967)
4(11186 10490 11185 10973)
4(11381 10974 11185 10490)
4(10349 10665 11186 10973)
4(10396 10973 11186 10832)
3(11180 11184 10968)
4(11074 10491 11188 10758)
4(11188 10491 11187 10760)
4(11187 10491 11074 10761)
4(10262 10758 11188 10760)
4(11188 10491 11059 10833)
4(11188 10834 11077 10491)
4(10279 10834 11188 10833)
4(10279 10558 11077 10834)
4(11059 10491 11074 10887)
4(11360 10888 11074 10491)
4(11187 10491 11077 10892)
4(11360 10491 11187 10893)
4(10307 10893 11187 10892)
4(10307 10892 11077 10560)
4(10390 10833 11188 10758)
4(10397 10892 11187 10760)
4(10397 10760 11188 10834)
4(10397 10834 11077 10892)
3(11189 11187 10892)
4(10307 10570 11189 10892)
3(10397 10840 10760)
4(10397 10892 11189 10840)
4(11190 10492 11076 10758)
4(11076 10492 11191 10759)
4(11191 10492 11190 10762)
4(10262 10762 11190 10758)
4(11060 10831 11076 10492)
4(11076 10832 11186 10492)
4(11190 10971 11060 10492)
4(11339 10972 11190 10492)
4(10348 10971 11190 10972)
4(11191 10492 11186 10973)
4(11339 10492 11191 10975)
4(10390 10758 11190 10971)
4(10456 10972 11190 10762)
4(11188 10493 11190 10758)
4(11192 10493 11188 10760)
4(11190 10493 11192 10762)
4(11061 10493 11188 10833)
4(11188 10493 11193 10834)
4(10279 10834 11193 10666)
4(11061 10971 11190 10493)
4(11384 10493 11190 10972)
4(11193 10493 11192 10976)
4(11384 10977 11192 10493)
4(10351 10976 11192 10977)
4(10351 10668 11193 10976)
4(10397 10760 11192 10976)
4(10397 10976 11193 10834)
3(11194 10976 11192)
4(10351 10976 11194 10677)
4(10397 10840 11194 10976)
4(11197 10494 11078 10763)
4(11196 10494 11197 10765)
4(11078 10494 11196 10766)
4(10263 10766 11196 10765)
4(10263 10765 11197 10763)
4(10263 10763 11078 10766)
4(11078 10494 11189 10892)
4(11363 10494 11078 10894)
4(10307 10894 11078 10892)
3(11196 10903 10494)
4(11363 10904 11196 10494)
4(10313 10903 11196 10904)
4(10397 10763 11197 10840)
4(10397 10892 11078 10763)
4(10399 10765 11196 10903)
3(10399 11197 10765)
4(10442 10904 11196 10766)
4(10442 10766 11078 10894)
4(11198 10764 11195 10495)
4(11198 10495 11196 10765)
4(11196 10495 11195 10766)
4(10263 10764 11198 10765)
4(11198 10495 11081 10841)
4(11199 10495 11198 10842)
4(10283 10842 11198 10841)
4(10283 10571 11199 10842)
4(11081 10495 11195 10895)
4(11195 10495 11364 10896)
4(11199 10903 11196 10495)
4(11364 10495 11196 10904)
4(10398 10841 11198 10764)
4(10399 10765 11198 10842)
4(11197 10763 11200 10496)
4(11197 10496 11202 10765)
4(11202 10496 11200 10767)
4(10263 10765 11202 10767)
4(10263 10767 11200 10763)
4(11194 10496 11200 10976)
4(11200 10496 11388 10978)
4(10351 10976 11200 10978)
3(10987 11202 10496)
4(11388 10496 11202 10988)
4(10357 10988 11202 10987)
4(10397 10763 11200 10976)
4(10399 10987 11202 10765)
4(10458 10767 11202 10988)
4(10458 10978 11200 10767)
4(11198 10497 11201 10764)
4(11198 10765 11202 10497)
4(11201 10497 11202 10767)
4(11082 10497 11198 10841)
4(11198 10497 11203 10842)
4(10283 10842 11203 10678)
4(11082 10979 11201 10497)
4(11387 10497 11201 10980)
4(11203 10497 11202 10987)
4(11202 10497 11387 10988)
4(11085 10498 11205 10768)
4(11205 10498 11204 10769)
4(11204 10498 11085 10771)
4(10264 10769 11204 10771)
4(10264 10768 11205 10769)
4(11205 10498 11066 10836)
4(11205 10838 11087 10498)
4(10282 10838 11205 10836)
4(11066 10498 11085 10897)
4(11349 10898 11085 10498)
4(11204 10498 11087 10901)
4(11349 10498 11204 10902)
4(10312 10902 11204 10901)
4(10393 10836 11205 10768)
4(10402 10901 11204 10769)
4(10402 10769 11205 10838)
4(10432 10771 11204 10902)
4(11207 10769 11204 10499)
4(11207 10499 11206 10770)
4(11206 10499 11204 10771)
4(10264 10769 11207 10770)
4(10264 10770 11206 10771)
3(10499 11204 10901)
4(11204 10499 11348 10902)
4(11208 10909 11206 10499)
4(11348 10499 11206 10910)
4(10317 10909 11208 10582)
4(10317 10910 11206 10909)
3(10402 11207 10769)
4(10403 10770 11207 10847)
4(10403 10847 11208 10909)
4(10403 10909 11206 10770)
4(10432 10771 11206 10910)
4(11205 10500 11209 10768)
4(11210 10500 11205 10769)
4(11209 10500 11210 10772)
4(10264 10772 11210 10769)
4(11067 10500 11205 10836)
4(11205 10500 11211 10838)
4(10282 10838 11211 10671)
4(11067 10981 11209 10500)
4(11372 10500 11209 10982)
4(11211 10500 11210 10985)
4(11372 10986 11210 10500)
4(10356 10985 11210 10986)
4(10402 10769 11210 10985)
4(10448 10986 11210 10772)
4(11207 10501 11210 10769)
4(11207 10770 11212 10501)
4(11210 10501 11212 10772)
4(10264 10772 11212 10770)
3(10985 11210 10501)
4(11373 10501 11210 10986)
4(11214 10501 11212 10993)
4(11212 10501 11373 10994)
4(10361 10688 11214 10993)
4(10361 10993 11212 10994)
4(10403 10993 11214 10847)
4(10403 10770 11212 10993)
4(10448 10994 11212 10772)
3(10283 10844 10842)
4(10283 10844 11215 10678)
4(11217 10502 11090 10774)
4(11216 10502 11217 10775)
4(11090 10502 11216 10776)
4(10265 10775 11217 10774)
4(10265 10776 11216 10775)
3(11090 10502 10907)
4(11366 10502 11090 10908)
4(11216 10914 11103 10502)
4(11366 10915 11216 10502)
4(10319 10914 11216 10915)
3(10404 10774 11217)
4(10406 10848 11217 10775)
4(10406 10775 11216 10914)
4(10444 10915 11216 10776)
4(11219 10503 11091 10773)
4(11091 10503 11220 10774)
4(11220 10503 11219 10777)
4(10265 10774 11220 10777)
4(11083 10843 11091 10503)
4(11091 10844 11215 10503)
4(11219 10989 11083 10503)
4(11343 10990 11219 10503)
4(11220 10503 11215 10991)
4(11343 10503 11220 10992)
4(10359 10992 11220 10991)
4(10404 10991 11220 10774)
4(10460 10777 11220 10992)
4(11217 10774 11220 10504)
4(11217 10504 11221 10775)
4(11221 10504 11220 10777)
4(10265 10775 11221 10777)
3(10504 11220 10991)
4(11220 10504 11390 10992)
4(11222 10998 11221 10504)
4(11390 10504 11221 10999)
4(10363 10998 11222 10689)
4(10363 10999 11221 10998)
4(10406 10848 11222 10998)
4(10406 10998 11221 10775)
4(10460 10777 11221 10999)
3(11100 10909 11208)
3(10403 10847 10778)
4(11225 10505 11101 10779)
4(11224 10505 11225 10780)
4(11101 10505 11224 10781)
4(10266 10780 11225 10779)
4(11225 10851 11096 10505)
4(11225 10505 11117 10852)
4(10287 10851 11225 10852)
4(11096 10912 11101 10505)
4(11350 10505 11101 10913)
4(11224 10919 11117 10505)
4(11350 10920 11224 10505)
4(10407 10779 11225 10851)
4(10408 10852 11225 10780)
4(11226 10506 11102 10778)
4(11102 10506 11227 10779)
4(11227 10506 11226 10782)
4(10266 10779 11227 10782)
4(11102 10506 11213 10845)
4(11097 10506 11102 10846)
4(10285 10845 11213 10685)
4(11226 10993 11213 10506)
4(11331 10995 11226 10506)
4(10361 10993 11226 10995)
4(10361 10686 11213 10993)
4(11227 10506 11097 10996)
4(11331 10506 11227 10997)
4(10362 10997 11227 10996)
4(10403 10778 11226 10993)
4(10403 10993 11213 10845)
4(10407 10996 11227 10779)
4(10449 10782 11227 10997)
3(11214 10993 11226)
4(11225 10779 11227 10507)
4(11225 10507 11228 10780)
4(11228 10507 11227 10782)
4(11098 10851 11225 10507)
4(11229 10507 11225 10852)
4(10287 10697 11229 10852)
4(11098 10507 11227 10996)
4(11227 10507 11374 10997)
4(11229 11003 11228 10507)
4(11374 10507 11228 11004)
4(10365 11003 11229 10699)
4(10408 10852 11229 11003)
4(11104 10508 11231 10783)
4(11231 10508 11230 10784)
4(11230 10508 11104 10786)
4(10267 10784 11230 10786)
4(10267 10783 11231 10784)
4(11231 10508 11218 10849)
4(11231 10850 11107 10508)
4(10286 10850 11231 10849)
4(10286 10849 11218 10585)
4(11104 10914 11218 10508)
4(11368 10916 11104 10508)
4(10319 10586 11218 10914)
4(11230 10508 11107 10917)
4(11368 10508 11230 10918)
4(10320 10918 11230 10917)
4(10406 10849 11231 10783)
4(10406 10914 11218 10849)
4(10409 10917 11230 10784)
4(10409 10784 11231 10850)
4(10445 10786 11230 10918)
4(11233 10784 11230 10509)
4(11233 10509 11232 10785)
4(11232 10509 11230 10786)
4(10267 10784 11233 10785)
4(11233 10509 11108 10854)
4(11234 10509 11233 10855)
4(10288 10855 11233 10854)
4(10288 10598 11234 10855)
4(11108 10509 11230 10917)
4(11230 10509 11367 10918)
4(11234 10924 11232 10509)
4(11367 10509 11232 10925)
4(10323 10924 11234 10600)
4(10409 10854 11233 10784)
4(10410 10785 11233 10855)
4(10410 10855 11234 10924)
3(11235 10998 11222)
4(10363 10998 11235 11000)
4(10406 10783 11235 10998)
4(11231 10510 11235 10783)
4(11236 10510 11231 10784)
4(11235 10510 11236 10787)
4(10267 10787 11236 10784)
4(11223 10510 11231 10849)
4(11231 10510 11109 10850)
4(10286 10691 11223 10849)
4(11223 10998 11235 10510)
4(11391 10510 11235 11000)
4(10363 10998 11223 10692)
4(11236 11001 11109 10510)
4(11391 11002 11236 10510)
4(10364 11001 11236 11002)
4(10406 10849 11223 10998)
4(10409 10784 11236 11001)
4(10461 11002 11236 10787)
4(11233 10511 11236 10784)
4(11233 10785 11237 10511)
4(11236 10511 11237 10787)
4(11110 10511 11233 10854)
4(11233 10511 11238 10855)
4(10288 10855 11238 10702)
4(11110 11001 11236 10511)
4(11392 10511 11236 11002)
4(11238 10511 11237 11008)
4(11237 10511 11392 11009)
4(10367 10704 11238 11008)
4(10410 11008 11238 10855)
4(11240 10512 11119 10789)
4(11239 10512 11240 10790)
4(11119 10512 11239 10791)
4(10268 10790 11240 10789)
4(11240 10857 11114 10512)
4(11240 10512 11128 10858)
4(10289 10857 11240 10858)
4(10289 10858 11128 10606)
4(11114 10922 11119 10512)
4(11351 10512 11119 10923)
4(11239 10929 11128 10512)
4(11351 10930 11239 10512)
4(10325 10929 11239 10930)
4(10325 10608 11128 10929)
4(10411 10789 11240 10857)
4(10412 10790 11239 10929)
4(10412 10858 11240 10790)
4(10412 10929 11128 10858)
3(11241 10929 11239)
4(10325 10929 11241 10609)
3(10412 10790 10859)
4(10412 10859 11241 10929)
4(11242 10513 11120 10788)
4(11120 10513 11243 10789)
4(11243 10513 11242 10792)
4(10268 10789 11243 10792)
4(11120 10513 11229 10852)
4(11115 10513 11120 10853)
4(11242 11003 11229 10513)
4(11332 11005 11242 10513)
4(11243 10513 11115 11006)
4(11332 10513 11243 11007)
4(10366 11007 11243 11006)
4(10411 11006 11243 10789)
4(10450 10792 11243 11007)
4(11240 10789 11243 10514)
4(11240 10514 11244 10790)
4(11244 10514 11243 10792)
4(11116 10857 11240 10514)
4(11245 10514 11240 10858)
4(10289 10708 11245 10858)
4(11116 10514 11243 11006)
4(11243 10514 11375 11007)
4(11245 11013 11244 10514)
4(11375 10514 11244 11014)
4(10369 11014 11244 11013)
4(10369 11013 11245 10710)
4(10412 11013 11244 10790)
4(10412 10858 11245 11013)
3(11246 11244 11013)
4(10369 10711 11246 11013)
4(10412 11013 11246 10859)
4(11121 10515 11248 10793)
4(11248 10515 11247 10794)
4(11247 10515 11121 10796)
4(10269 10794 11247 10796)
4(10269 10793 11248 10794)
4(11248 10515 11234 10855)
4(11248 10856 11124 10515)
4(10288 10856 11248 10855)
4(11121 10924 11234 10515)
4(11370 10926 11121 10515)
4(11247 10515 11124 10927)
4(11370 10515 11247 10928)
4(10324 10928 11247 10927)
4(10410 10855 11248 10793)
4(10413 10927 11247 10794)
4(10413 10794 11248 10856)
4(10446 10796 11247 10928)
3(11249 10934 11130)
4(10328 10934 11249 10935)
4(10414 10795 11249 10934)
3(10414 10860 10795)
4(11250 10794 11247 10516)
4(11250 10516 11249 10795)
4(11249 10516 11247 10796)
4(10269 10794 11250 10795)
4(11250 10516 11125 10861)
4(11251 10516 11250 10862)
4(10290 10862 11250 10861)
4(10290 10612 11251 10862)
4(11125 10516 11247 10927)
4(11247 10516 11369 10928)
4(11251 10934 11249 10516)
4(11369 10516 11249 10935)
4(10328 10934 11251 10614)
4(10413 10861 11250 10794)
4(10414 10795 11250 10862)
4(10414 10862 11251 10934)
4(11248 10517 11252 10793)
4(11253 10517 11248 10794)
4(11252 10517 11253 10797)
4(10269 10797 11253 10794)
4(11238 10517 11248 10855)
4(11248 10517 11126 10856)
4(11238 11008 11252 10517)
4(11393 10517 11252 11010)
4(11253 11011 11126 10517)
4(11393 11012 11253 10517)
4(10368 11011 11253 11012)
4(10413 10794 11253 11011)
4(10462 11012 11253 10797)
3(11255 11018 11254)
4(10372 11019 11254 11018)
4(10372 11018 11255 10712)
4(10414 11018 11254 10795)
4(10414 10860 11255 11018)
4(11250 10518 11253 10794)
4(11250 10795 11254 10518)
4(11253 10518 11254 10797)
4(11127 10518 11250 10861)
4(11250 10518 11256 10862)
4(10290 10862 11256 10714)
4(11127 11011 11253 10518)
4(11394 10518 11253 11012)
4(11256 10518 11254 11018)
4(11254 10518 11394 11019)
4(10372 10716 11256 11018)
4(10414 11018 11256 10862)
4(11129 10519 11258 10798)
4(11258 10519 11257 10799)
4(11257 10519 11129 10801)
4(10270 10799 11257 10801)
4(10270 10798 11258 10799)
4(10270 10801 11129 10798)
4(11129 10929 11241 10519)
4(11353 10931 11129 10519)
4(10325 10929 11129 10931)
3(11257 10519 10932)
4(11353 10519 11257 10933)
4(10327 10933 11257 10932)
4(10412 10859 11258 10798)
4(10412 10798 11129 10929)
4(10416 10932 11257 10799)
3(10416 10799 11258)
4(10435 10801 11257 10933)
4(10435 10931 11129 10801)
4(11260 10799 11257 10520)
4(11260 10520 11259 10800)
4(11259 10520 11257 10801)
4(10270 10799 11260 10800)
4(11261 10863 11260 10520)
4(11260 10864 11137 10520)
4(10292 10864 11260 10863)
4(10292 10863 11261 10617)
4(11261 10520 11257 10932)
4(11257 10520 11352 10933)
4(11137 10939 11259 10520)
4(11352 10520 11259 10940)
4(10416 10863 11260 10799)
4(10417 10800 11260 10864)
4(11258 10521 11262 10798)
4(11263 10521 11258 10799)
4(11262 10521 11263 10802)
4(10270 10802 11263 10799)
4(10270 10798 11262 10802)
4(11246 11013 11262 10521)
4(11376 10521 11262 11015)
4(10369 11015 11262 11013)
3(10521 11263 11016)
4(11376 11017 11263 10521)
4(10371 11016 11263 11017)
4(10412 11013 11262 10798)
4(10416 10799 11263 11016)
4(10451 11017 11263 10802)
4(10451 10802 11262 11015)
4(11260 10522 11263 10799)
4(11260 10800 11264 10522)
4(11263 10522 11264 10802)
4(11265 10522 11260 10863)
4(11260 10522 11138 10864)
4(10292 10718 11265 10863)
4(11265 11016 11263 10522)
4(11377 10522 11263 11017)
4(11138 10522 11264 11023)
4(11264 10522 11377 11024)
3(10292 10863 10865)
4(10292 10718 11266 10865)
3(10293 10870 10869)
4(10293 10869 11267 10624)
4(10293 10624 11268 10870)
4(10293 10725 11269 10869)
4(10293 10870 11270 10725)
4(11272 10523 11132 10804)
4(11271 10523 11272 10805)
4(11132 10523 11271 10806)
4(10271 10805 11272 10804)
4(11272 10869 11267 10523)
4(11272 10523 11153 10871)
4(10293 10869 11272 10871)
4(11132 10523 11267 10937)
4(11371 10523 11132 10938)
4(11271 10956 11153 10523)
4(11371 10957 11271 10523)
4(10419 10804 11272 10869)
4(10422 10871 11272 10805)
4(11273 10524 11133 10803)
4(11133 10524 11274 10804)
4(11274 10524 11273 10807)
4(10271 10804 11274 10807)
4(10271 10807 11273 10803)
4(11273 11018 11255 10524)
4(11344 11020 11273 10524)
4(10372 11018 11273 11020)
3(11274 10524 11021)
4(11344 10524 11274 11022)
4(10373 11022 11274 11021)
4(10414 10803 11273 11018)
4(10419 11021 11274 10804)
4(10463 10807 11274 11022)
4(10463 11020 11273 10807)
4(11272 10804 11274 10525)
4(11272 10525 11275 10805)
4(11275 10525 11274 10807)
4(11269 10869 11272 10525)
4(11154 10525 11272 10871)
4(11269 10525 11274 11021)
4(11274 10525 11395 11022)
4(11275 10525 11154 11040)
4(11395 10525 11275 11041)
4(11141 10526 11277 10808)
4(11277 10526 11276 10810)
4(11276 10526 11141 10811)
4(10272 10808 11277 10810)
4(10272 10810 11276 10811)
3(11141 10941 10526)
4(11356 10942 11141 10526)
4(11276 10526 11144 10945)
4(11356 10526 11276 10946)
4(10334 10946 11276 10945)
3(10418 11277 10808)
4(10424 10810 11277 10867)
4(10424 10945 11276 10810)
4(10437 10811 11276 10946)
4(11279 10527 11143 10808)
4(11143 10527 11280 10809)
4(11280 10527 11279 10812)
4(10272 10812 11279 10808)
4(11143 10527 11266 10865)
4(11139 10527 11143 10866)
4(11279 11025 11266 10527)
4(11334 11026 11279 10527)
4(10376 11025 11279 11026)
4(11280 10527 11139 11027)
4(11334 10527 11280 11028)
4(10418 10808 11279 11025)
4(10453 11026 11279 10812)
4(11277 10528 11279 10808)
4(11281 10528 11277 10810)
4(11279 10528 11281 10812)
4(10272 10812 11281 10810)
3(11025 11279 10528)
4(11380 10528 11279 11026)
4(11282 10528 11281 11029)
4(11380 11030 11281 10528)
4(10378 10723 11282 11029)
4(10378 11029 11281 11030)
4(10424 11029 11282 10867)
4(10424 10810 11281 11029)
4(10453 11030 11281 10812)
4(11286 10529 11145 10813)
4(11285 10529 11286 10815)
4(11145 10529 11285 10816)
4(10273 10816 11285 10815)
4(10273 10815 11286 10813)
4(11286 10873 11278 10529)
4(11286 10529 11160 10874)
4(10296 10873 11286 10874)
4(10296 10633 11278 10873)
4(11145 10529 11278 10945)
4(11358 10529 11145 10947)
4(10334 10945 11278 10634)
4(11285 10960 11160 10529)
4(11358 10961 11285 10529)
4(10341 10960 11285 10961)
4(10424 10813 11286 10873)
4(10424 10873 11278 10945)
4(10427 10815 11285 10960)
4(10427 10874 11286 10815)
4(10439 10961 11285 10816)
4(11287 10814 11284 10530)
4(11287 10530 11285 10815)
4(11285 10530 11284 10816)
4(10273 10814 11287 10815)
4(11288 10875 11287 10530)
4(11287 10876 11161 10530)
4(10297 10876 11287 10875)
4(10297 10875 11288 10637)
4(11288 10530 11284 10948)
4(11284 10530 11359 10949)
4(10335 10638 11288 10948)
4(11161 10960 11285 10530)
4(11359 10530 11285 10961)
4(10426 10875 11287 10814)
4(10426 10948 11288 10875)
4(10427 10815 11287 10876)
3(11289 11282 11029)
4(10378 11031 11289 11029)
4(10424 11029 11289 10813)
4(11286 10813 11289 10531)
4(11286 10531 11291 10815)
4(11291 10531 11289 10817)
4(10273 10815 11291 10817)
4(11283 10873 11286 10531)
4(11162 10531 11286 10874)
4(10296 10873 11283 10733)
4(11283 10531 11289 11029)
4(11289 10531 11383 11031)
4(10378 10734 11283 11029)
4(11291 10531 11162 11044)
4(11383 10531 11291 11045)
4(10385 11045 11291 11044)
4(10424 11029 11283 10873)
4(10427 11044 11291 10815)
4(10455 10817 11291 11045)
4(11287 10532 11290 10814)
4(11287 10815 11291 10532)
4(11290 10532 11291 10817)
4(11292 10532 11287 10875)
4(11287 10532 11163 10876)
4(10297 10737 11292 10875)
4(11292 11032 11290 10532)
4(11382 10532 11290 11033)
4(10379 11032 11292 10738)
4(11163 10532 11291 11044)
4(11291 10532 11382 11045)
4(10426 10875 11292 11032)
3(11293 11147 10953)
4(10337 10954 11293 10953)
4(10428 10953 11293 10819)
3(10428 10819 10868)
4(11295 10533 11146 10818)
4(11294 10533 11295 10820)
4(11146 10533 11294 10821)
4(10274 10821 11294 10820)
4(10274 10820 11295 10818)
4(11295 10875 11288 10533)
4(11295 10533 11166 10877)
4(10297 10875 11295 10877)
4(11146 10533 11288 10948)
4(11361 10533 11146 10950)
4(11294 10962 11166 10533)
4(11361 10963 11294 10533)
4(10342 10962 11294 10963)
4(10426 10818 11295 10875)
4(10429 10820 11294 10962)
4(10429 10877 11295 10820)
4(10441 10963 11294 10821)
4(11296 10819 11293 10534)
4(11296 10534 11294 10820)
4(11294 10534 11293 10821)
4(10274 10819 11296 10820)
4(11297 10878 11296 10534)
4(11296 10879 11167 10534)
4(10298 10879 11296 10878)
4(10298 10878 11297 10642)
4(11297 10534 11293 10953)
4(11293 10534 11362 10954)
4(10337 10643 11297 10953)
4(11167 10962 11294 10534)
4(11362 10534 11294 10963)
4(10428 10878 11296 10819)
4(10428 10953 11297 10878)
4(10429 10820 11296 10879)
3(11300 11299 11037)
4(10381 11037 11299 11038)
4(10381 10724 11300 11037)
4(10428 10819 11299 11037)
4(10428 11037 11300 10868)
4(11295 10818 11298 10535)
4(11295 10535 11301 10820)
4(11301 10535 11298 10822)
4(10274 10820 11301 10822)
4(11292 10875 11295 10535)
4(11168 10535 11295 10877)
4(11292 10535 11298 11032)
4(11298 10535 11386 11034)
4(11301 10535 11168 11046)
4(11386 10535 11301 11047)
4(10386 11047 11301 11046)
4(10429 11046 11301 10820)
4(10457 10822 11301 11047)
4(11296 10536 11299 10819)
4(11296 10820 11301 10536)
4(11299 10536 11301 10822)
4(11302 10536 11296 10878)
4(11296 10536 11169 10879)
4(10298 10742 11302 10878)
4(11302 11037 11299 10536)
4(11385 10536 11299 11038)
4(10381 11037 11302 10743)
4(11169 10536 11301 11046)
4(11301 10536 11385 11047)
4(10428 10878 11302 11037)
4(11148 10537 11304 10823)
4(11304 10537 11303 10825)
4(11303 10537 11148 10826)
4(10275 10823 11304 10825)
4(11304 10537 11268 10870)
4(11304 10872 11155 10537)
4(10293 10872 11304 10870)
4(11148 10951 11268 10537)
4(11365 10952 11148 10537)
4(11303 10537 11155 10958)
4(11365 10537 11303 10959)
4(10420 10870 11304 10823)
4(10430 10825 11304 10872)
4(11305 10538 11150 10823)
4(11150 10538 11306 10824)
4(11306 10538 11305 10827)
4(10275 10827 11305 10823)
4(10275 10824 11306 10827)
3(11305 11035 10538)
4(11341 11036 11305 10538)
4(10380 11035 11305 11036)
4(11306 10538 11300 11037)
4(11341 10538 11306 11039)
4(10381 11039 11306 11037)
4(10420 10823 11305 11035)
4(10428 11037 11306 10824)
4(10459 11036 11305 10827)
4(10459 10827 11306 11039)
4(11304 10539 11305 10823)
4(11307 10539 11304 10825)
4(11305 10539 11307 10827)
4(11270 10539 11304 10870)
4(11304 10539 11156 10872)
4(11270 11035 11305 10539)
4(11389 10539 11305 11036)
4(11307 11042 11156 10539)
4(11389 11043 11307 10539)
4(11583 11396 11051 10541)
4(11051 11396 11524 10542)
5(11583 10300 11492 10388 11396)
4(10388 10276 11526 11396)
5(11051 10277 11484 10388 11396)
4(10277 10551 11527 11484)
4(10300 11492 11527 11426)
4(10388 11484 11527 11492)
4(11593 11452 11524 11396)
4(11593 11396 11526 11453)
4(11593 10653 11051 11396)
5(11593 11396 10388 11508 10344)
4(10277 11484 11528 10659)
4(10344 11456 11528 11508)
4(10388 11508 11528 11484)
4(11585 11397 11529 11424)
4(11529 11397 11525 11425)
5(11585 10306 11494 10391 11397)
5(10391 11485 10279 11057 11397)
4(10279 11485 11530 10558)
4(10306 11427 11530 11494)
4(10391 11494 11530 11485)
4(11529 10280 10391 11397)
4(11595 11454 11525 11397)
4(11057 10656 11595 11397)
4(11595 11455 11529 11397)
5(11595 11397 10391 11510 10350)
4(10279 10666 11531 11485)
4(10350 11510 11531 11457)
4(10391 11485 11531 11510)
4(11535 11398 11534 11477)
4(11535 10763 11078 11398)
4(11078 10766 11534 11398)
4(10263 10763 11535 11477)
4(11535 11485 11530 11398)
4(11077 10834 11535 11398)
4(10279 11485 11535 10834)
4(11534 11398 11530 11494)
4(11586 11398 11534 11495)
4(11078 10892 11077 11398)
4(11586 10894 11078 11398)
4(10391 11477 11535 11485)
4(10397 10834 11535 10763)
5(11580 11399 10401 11496 10310)
4(10401 11399 11532 10281)
4(11580 10576 11084 11399)
4(11084 10578 11537 11399)
5(10401 11486 10285 11084 11399)
4(10285 11486 11538 10579)
4(10310 11434 11538 11496)
4(10401 11496 11538 11486)
4(11590 11458 11532 11399)
4(11590 11399 11537 11459)
5(11590 10354 11512 10401 11399)
4(11590 11399 11084 10683)
4(10285 10685 11539 11486)
4(10354 11512 11539 11462)
4(10401 11486 11539 11512)
4(11588 11400 11541 11432)
4(11541 11400 11536 11433)
4(11588 10584 11092 11400)
5(10405 11400 11092 10286 11487)
4(10286 10585 11542 11487)
4(10316 11498 11542 11435)
4(10405 11487 11542 11498)
4(11541 10589 11092 11400)
4(11598 11460 11536 11400)
5(10405 11514 10360 11598 11400)
4(11598 11461 11541 11400)
4(11598 11400 11092 10690)
4(10286 11487 11543 10691)
4(10360 11463 11543 11514)
4(10405 11514 11543 11487)
5(11581 11401 10415 11500 10326)
5(11113 10289 11488 10415 11401)
4(10289 10606 11545 11488)
4(10326 11500 11545 11437)
4(10415 11488 11545 11500)
4(11581 11440 11546 11401)
4(11546 11441 11544 11401)
4(10415 10291 11546 11401)
4(11591 10707 11113 11401)
4(11591 11401 11544 11464)
5(11591 10370 11516 10415 11401)
4(10289 11488 11547 10708)
4(10370 11465 11547 11516)
4(10415 11516 11547 11488)
4(11591 11401 11546 11468)
4(11129 10798 11549 11402)
4(11548 11402 11549 11480)
4(11548 10801 11129 11402)
4(10270 11480 11549 10798)
4(11549 10858 11128 11402)
4(11549 11402 11545 11488)
4(10289 10858 11549 11488)
4(11128 10929 11129 11402)
4(11582 11402 11129 10931)
4(11548 11500 11545 11402)
4(11582 11501 11548 11402)
4(10412 10798 11549 10858)
4(10415 11488 11549 11480)
4(11589 11403 11550 11439)
4(11123 10615 11550 11403)
4(11589 11442 11551 11403)
4(11551 10294 10421 11403)
4(11551 11403 11550 11443)
4(11599 10713 11123 11403)
5(10421 11518 10374 11599 11403)
4(10290 10714 11553 11489)
4(10374 11518 11553 11466)
4(10421 11489 11553 11518)
4(11599 11467 11550 11403)
4(11599 11403 11551 11469)
4(11584 11404 11157 10632)
5(11157 11404 10425 11490 10296)
4(10296 11490 11556 10633)
4(10340 11445 11556 11504)
4(10425 11504 11556 11490)
4(11584 11448 11555 11404)
4(11555 11449 11554 11404)
4(11157 10648 11555 11404)
5(11594 10384 11520 10425 11404)
4(11594 11404 11554 11470)
4(11594 10732 11157 11404)
4(10296 10733 11557 11490)
4(10384 11520 11557 11471)
4(10425 11490 11557 11520)
4(11594 11404 11555 11474)
4(11587 11405 11558 11447)
4(10431 10299 11558 11405)
4(11587 11450 11559 11405)
4(11559 10651 11164 11405)
4(11559 11405 11558 11451)
5(11597 10387 11522 10431 11405)
4(11164 10741 11597 11405)
4(10298 11491 11561 10742)
4(10387 11472 11561 11522)
4(10431 11522 11561 11491)
4(11597 11473 11558 11405)
4(11597 11405 11559 11475)
4(11533 11406 11562 11476)
4(11170 10749 11562 11406)
4(11170 11406 11533 10751)
4(10260 11476 11562 10749)
4(11562 11406 11527 11484)
4(11562 10829 11069 11406)
4(10277 10829 11562 11484)
4(11527 11406 11533 11492)
4(11601 11493 11533 11406)
4(11069 10884 11170 11406)
4(11601 11406 11170 10885)
4(10388 11484 11562 11476)
4(10394 10749 11562 10829)
4(11562 11407 11563 11476)
4(11176 11407 11562 10749)
4(11563 11407 11176 10752)
4(11528 11407 11562 11484)
4(11562 11407 11177 10829)
4(11528 11508 11563 11407)
4(11607 11407 11563 11509)
4(11176 10968 11177 11407)
4(11607 10969 11176 11407)
4(11564 11408 11535 11477)
4(11535 11408 11200 10763)
4(11564 10767 11200 11408)
4(11531 11485 11535 11408)
4(11193 11408 11535 10834)
4(11564 11510 11531 11408)
4(11596 11511 11564 11408)
4(11193 10976 11200 11408)
4(11596 11408 11200 10978)
4(11565 11409 11540 11478)
4(11565 10770 11206 11409)
4(11540 11409 11206 10771)
4(10264 10770 11565 11478)
4(11565 11486 11538 11409)
4(11099 10845 11565 11409)
4(10285 11486 11565 10845)
4(11538 11496 11540 11409)
4(11600 11409 11540 11497)
4(11206 10909 11099 11409)
4(11600 10910 11206 11409)
4(10401 11478 11565 11486)
4(10403 10845 11565 10770)
4(11565 11478 11566 11410)
4(11565 11410 11212 10770)
4(11212 11410 11566 10772)
4(11539 11486 11565 11410)
4(11213 11410 11565 10845)
4(11539 11410 11566 11512)
4(11566 11410 11606 11513)
4(11213 10993 11212 11410)
4(11606 11410 11212 10994)
4(11568 11479 11567 11411)
4(11216 10775 11568 11411)
4(11216 11411 11567 10776)
4(10265 11479 11568 10775)
4(11568 11411 11542 11487)
4(11568 10849 11218 11411)
4(10286 10849 11568 11487)
4(11542 11411 11567 11498)
4(11567 11411 11604 11499)
4(11218 10914 11216 11411)
4(11604 11411 11216 10915)
4(10405 11487 11568 11479)
4(10406 10775 11568 10849)
4(11568 11412 11569 11479)
4(11221 11412 11568 10775)
4(11569 11412 11221 10777)
4(11543 11412 11568 11487)
4(11568 11412 11223 10849)
4(11543 11514 11569 11412)
4(11610 11412 11569 11515)
4(11221 10998 11223 11412)
4(11610 10999 11221 11412)
4(11262 11413 11549 10798)
4(11549 11413 11570 11480)
4(11262 10802 11570 11413)
4(11245 10858 11549 11413)
4(11547 11413 11549 11488)
4(11262 11013 11245 11413)
4(11592 11015 11262 11413)
4(11570 11413 11547 11516)
4(11592 11413 11570 11517)
4(11572 10803 11131 11414)
4(11572 11414 11571 11481)
4(11131 10806 11571 11414)
4(10271 10803 11572 11481)
4(11251 10862 11572 11414)
4(11572 11489 11552 11414)
4(10290 11489 11572 10862)
4(11131 10934 11251 11414)
4(11605 10936 11131 11414)
4(11571 11414 11552 11502)
4(11605 11414 11571 11503)
4(10414 10862 11572 10803)
4(10421 11481 11572 11489)
4(11273 10803 11572 11415)
4(11573 11415 11572 11481)
4(11573 10807 11273 11415)
4(11256 11415 11572 10862)
4(11572 11415 11553 11489)
4(11256 11018 11273 11415)
4(11611 11415 11273 11020)
4(11573 11518 11553 11415)
4(11611 11519 11573 11415)
4(11575 10810 11276 11416)
4(11575 11416 11574 11482)
4(11574 11416 11276 10811)
4(10272 10810 11575 11482)
4(11278 10873 11575 11416)
4(11575 11490 11556 11416)
4(10296 11490 11575 10873)
4(11276 10945 11278 11416)
4(11602 10946 11276 11416)
4(11556 11504 11574 11416)
4(11602 11416 11574 11505)
4(10424 10873 11575 10810)
4(10425 11482 11575 11490)
4(11281 10810 11575 11417)
4(11575 11482 11576 11417)
4(11281 11417 11576 10812)
4(11283 11417 11575 10873)
4(11575 11417 11557 11490)
4(11283 11029 11281 11417)
4(11608 11417 11281 11030)
4(11557 11417 11576 11520)
4(11576 11417 11608 11521)
4(11149 10824 11578 11418)
4(11577 11418 11578 11483)
4(11577 10826 11149 11418)
4(10275 11483 11578 10824)
4(11578 10878 11297 11418)
4(11578 11418 11560 11491)
4(10298 10878 11578 11491)
4(11297 10953 11149 11418)
4(11603 11418 11149 10955)
4(11577 11506 11560 11418)
4(11603 11507 11577 11418)
4(10428 10824 11578 10878)
4(10431 11491 11578 11483)
4(11306 11419 11578 10824)
4(11578 11419 11579 11483)
4(11306 10827 11579 11419)
4(11302 10878 11578 11419)
4(11561 11419 11578 11491)
4(11306 11037 11302 11419)
4(11609 11039 11306 11419)
4(11579 11419 11561 11522)
4(11609 11419 11579 11523)
4(0 5130 5231 101)
4(101 5231 5332 202)
4(202 5332 5433 303)
4(303 5433 5534 404)
4(404 5534 5635 505)
4(505 5635 5736 606)
4(606 5736 5837 707)
4(707 5837 5938 808)
4(808 5938 6039 909)
4(909 6039 6140 1010)
4(1010 6140 6241 1111)
4(1111 6241 6342 1212)
4(1212 6342 6443 1313)
4(1313 6443 6544 1414)
4(1414 6544 6645 1515)
4(1515 6645 6746 1616)
4(1616 6746 6847 1717)
4(1717 6847 6948 1818)
4(1818 6948 7049 1919)
4(1919 7049 7150 2020)
4(2020 7150 7251 2121)
4(2121 7251 7352 2222)
4(2222 7352 7453 2323)
4(2323 7453 7551 2421)
4(2421 7551 7647 2517)
4(2517 7647 7743 2613)
4(2613 7743 7839 2709)
4(2709 7839 7937 2807)
4(2807 7937 8038 2908)
4(2908 8038 8139 3009)
4(3009 8139 8240 3110)
4(3110 8240 8341 3211)
4(3211 8341 8442 3312)
4(3312 8442 8543 3413)
4(3413 8543 8644 3514)
4(3514 8644 8745 3615)
4(3615 8745 8846 3716)
4(3716 8846 8947 3817)
4(3817 8947 9048 3918)
4(3918 9048 9149 4019)
4(4019 9149 9250 4120)
4(4120 9250 9351 4221)
4(4221 9351 9452 4322)
4(4322 9452 9553 4423)
4(4423 9553 9654 4524)
4(4524 9654 9755 4625)
4(4625 9755 9856 4726)
4(4726 9856 9957 4827)
4(4827 9957 10058 4928)
4(4928 10058 10159 5029)
4(100 201 5331 5230)
4(201 302 5432 5331)
4(302 403 5533 5432)
4(403 504 5634 5533)
4(504 605 5735 5634)
4(605 706 5836 5735)
4(706 807 5937 5836)
4(807 908 6038 5937)
4(908 1009 6139 6038)
4(1009 1110 6240 6139)
4(1110 1211 6341 6240)
4(1211 1312 6442 6341)
4(1312 1413 6543 6442)
4(1413 1514 6644 6543)
4(1514 1615 6745 6644)
4(1615 1716 6846 6745)
4(1716 1817 6947 6846)
4(1817 1918 7048 6947)
4(1918 2019 7149 7048)
4(2019 2120 7250 7149)
4(2120 2221 7351 7250)
4(2221 2322 7452 7351)
4(2322 2420 7550 7452)
4(2420 2516 7646 7550)
4(2516 2612 7742 7646)
4(2612 2708 7838 7742)
4(2708 2806 7936 7838)
4(2806 2907 8037 7936)
4(2907 3008 8138 8037)
4(3008 3109 8239 8138)
4(3109 3210 8340 8239)
4(3210 3311 8441 8340)
4(3311 3412 8542 8441)
4(3412 3513 8643 8542)
4(3513 3614 8744 8643)
4(3614 3715 8845 8744)
4(3715 3816 8946 8845)
4(3816 3917 9047 8946)
4(3917 4018 9148 9047)
4(4018 4119 9249 9148)
4(4119 4220 9350 9249)
4(4220 4321 9451 9350)
4(4321 4422 9552 9451)
4(4422 4523 9653 9552)
4(4523 4624 9754 9653)
4(4624 4725 9855 9754)
4(4725 4826 9956 9855)
4(4826 4927 10057 9956)
4(4927 5028 10158 10057)
4(5028 5129 10259 10158)
4(5029 10159 10160 5030)
4(5030 10160 10161 5031)
4(5031 10161 10162 5032)
4(5032 10162 10163 5033)
4(5033 10163 10164 5034)
4(5034 10164 10165 5035)
4(5035 10165 10166 5036)
4(5036 10166 10167 5037)
4(5037 10167 10168 5038)
4(5038 10168 10169 5039)
4(5039 10169 10170 5040)
4(5040 10170 10171 5041)
4(5041 10171 10172 5042)
4(5042 10172 10173 5043)
4(5043 10173 10174 5044)
4(5044 10174 10175 5045)
4(5045 10175 10176 5046)
4(5046 10176 10177 5047)
4(5047 10177 10178 5048)
4(5048 10178 10179 5049)
4(5049 10179 10180 5050)
4(5050 10180 10181 5051)
4(5051 10181 10182 5052)
4(5052 10182 10183 5053)
4(5053 10183 10184 5054)
4(5054 10184 10185 5055)
4(5055 10185 10186 5056)
4(5056 10186 10187 5057)
4(5057 10187 10188 5058)
4(5058 10188 10189 5059)
4(5059 10189 10190 5060)
4(5060 10190 10191 5061)
4(5061 10191 10192 5062)
4(5062 10192 10193 5063)
4(5063 10193 10194 5064)
4(5064 10194 10195 5065)
4(5065 10195 10196 5066)
4(5066 10196 10197 5067)
4(5067 10197 10198 5068)
4(5068 10198 10199 5069)
4(5069 10199 10200 5070)
4(5070 10200 10201 5071)
4(5071 10201 10202 5072)
4(5072 10202 10203 5073)
4(5073 10203 10204 5074)
4(5074 10204 10205 5075)
4(5075 10205 10206 5076)
4(5076 10206 10207 5077)
4(5077 10207 10208 5078)
4(5078 10208 10209 5079)
4(5079 10209 10210 5080)
4(5080 10210 10211 5081)
4(5081 10211 10212 5082)
4(5082 10212 10213 5083)
4(5083 10213 10214 5084)
4(5084 10214 10215 5085)
4(5085 10215 10216 5086)
4(5086 10216 10217 5087)
4(5087 10217 10218 5088)
4(5088 10218 10219 5089)
4(5089 10219 10220 5090)
4(5090 10220 10221 5091)
4(5091 10221 10222 5092)
4(5092 10222 10223 5093)
4(5093 10223 10224 5094)
4(5094 10224 10225 5095)
4(5095 10225 10226 5096)
4(5096 10226 10227 5097)
4(5097 10227 10228 5098)
4(5098 10228 10229 5099)
4(5099 10229 10230 5100)
4(5100 10230 10231 5101)
4(5101 10231 10232 5102)
4(5102 10232 10233 5103)
4(5103 10233 10234 5104)
4(5104 10234 10235 5105)
4(5105 10235 10236 5106)
4(5106 10236 10237 5107)
4(5107 10237 10238 5108)
4(5108 10238 10239 5109)
4(5109 10239 10240 5110)
4(5110 10240 10241 5111)
4(5111 10241 10242 5112)
4(5112 10242 10243 5113)
4(5113 10243 10244 5114)
4(5114 10244 10245 5115)
4(5115 10245 10246 5116)
4(5116 10246 10247 5117)
4(5117 10247 10248 5118)
4(5118 10248 10249 5119)
4(5119 10249 10250 5120)
4(5120 10250 10251 5121)
4(5121 10251 10252 5122)
4(5122 10252 10253 5123)
4(5123 10253 10254 5124)
4(5124 10254 10255 5125)
4(5125 10255 10256 5126)
4(5126 10256 10257 5127)
4(5127 10257 10258 5128)
4(5128 10258 10259 5129)
4(0 1 5131 5130)
4(1 2 5132 5131)
4(2 3 5133 5132)
4(3 4 5134 5133)
4(4 5 5135 5134)
4(5 6 5136 5135)
4(6 7 5137 5136)
4(7 8 5138 5137)
4(8 9 5139 5138)
4(9 10 5140 5139)
4(10 11 5141 5140)
4(11 12 5142 5141)
4(12 13 5143 5142)
4(13 14 5144 5143)
4(14 15 5145 5144)
4(15 16 5146 5145)
4(16 17 5147 5146)
4(17 18 5148 5147)
4(18 19 5149 5148)
4(19 20 5150 5149)
4(20 21 5151 5150)
4(21 22 5152 5151)
4(22 23 5153 5152)
4(23 24 5154 5153)
4(24 25 5155 5154)
4(25 26 5156 5155)
4(26 27 5157 5156)
4(27 28 5158 5157)
4(28 29 5159 5158)
4(29 30 5160 5159)
4(30 31 5161 5160)
4(31 32 5162 5161)
4(32 33 5163 5162)
4(33 34 5164 5163)
4(34 35 5165 5164)
4(35 36 5166 5165)
4(36 37 5167 5166)
4(37 38 5168 5167)
4(38 39 5169 5168)
4(39 40 5170 5169)
4(40 41 5171 5170)
4(41 42 5172 5171)
4(42 43 5173 5172)
4(43 44 5174 5173)
4(44 45 5175 5174)
4(45 46 5176 5175)
4(46 47 5177 5176)
4(47 48 5178 5177)
4(48 49 5179 5178)
4(49 50 5180 5179)
4(50 51 5181 5180)
4(51 52 5182 5181)
4(52 53 5183 5182)
4(53 54 5184 5183)
4(54 55 5185 5184)
4(55 56 5186 5185)
4(56 57 5187 5186)
4(57 58 5188 5187)
4(58 59 5189 5188)
4(59 60 5190 5189)
4(60 61 5191 5190)
4(61 62 5192 5191)
4(62 63 5193 5192)
4(63 64 5194 5193)
4(64 65 5195 5194)
4(65 66 5196 5195)
4(66 67 5197 5196)
4(67 68 5198 5197)
4(68 69 5199 5198)
4(69 70 5200 5199)
4(70 71 5201 5200)
4(71 72 5202 5201)
4(72 73 5203 5202)
4(73 74 5204 5203)
4(74 75 5205 5204)
4(75 76 5206 5205)
4(76 77 5207 5206)
4(77 78 5208 5207)
4(78 79 5209 5208)
4(79 80 5210 5209)
4(80 81 5211 5210)
4(81 82 5212 5211)
4(82 83 5213 5212)
4(83 84 5214 5213)
4(84 85 5215 5214)
4(85 86 5216 5215)
4(86 87 5217 5216)
4(87 88 5218 5217)
4(88 89 5219 5218)
4(89 90 5220 5219)
4(90 91 5221 5220)
4(91 92 5222 5221)
4(92 93 5223 5222)
4(93 94 5224 5223)
4(94 95 5225 5224)
4(95 96 5226 5225)
4(96 97 5227 5226)
4(97 98 5228 5227)
4(98 99 5229 5228)
4(99 100 5230 5229)
4(0 101 102 1)
4(101 202 203 102)
4(202 303 304 203)
4(303 404 405 304)
4(404 505 506 405)
4(505 606 607 506)
4(606 707 708 607)
4(707 808 809 708)
4(808 909 910 809)
4(909 1010 1011 910)
4(1010 1111 1112 1011)
4(1111 1212 1213 1112)
4(1212 1313 1314 1213)
4(1313 1414 1415 1314)
4(1414 1515 1516 1415)
4(1515 1616 1617 1516)
4(1616 1717 1718 1617)
4(1717 1818 1819 1718)
4(1818 1919 1920 1819)
4(1919 2020 2021 1920)
4(2020 2121 2122 2021)
4(2121 2222 2223 2122)
4(2222 2323 2324 2223)
4(2323 2421 2422 2324)
4(2421 2517 2518 2422)
4(2517 2613 2614 2518)
4(2613 2709 2710 2614)
4(2709 2807 2808 2710)
4(2807 2908 2909 2808)
4(2908 3009 3010 2909)
4(3009 3110 3111 3010)
4(3110 3211 3212 3111)
4(3211 3312 3313 3212)
4(3312 3413 3414 3313)
4(3413 3514 3515 3414)
4(3514 3615 3616 3515)
4(3615 3716 3717 3616)
4(3716 3817 3818 3717)
4(3817 3918 3919 3818)
4(3918 4019 4020 3919)
4(4019 4120 4121 4020)
4(4120 4221 4222 4121)
4(4221 4322 4323 4222)
4(4322 4423 4424 4323)
4(4423 4524 4525 4424)
4(4524 4625 4626 4525)
4(4625 4726 4727 4626)
4(4726 4827 4828 4727)
4(4827 4928 4929 4828)
4(4928 5029 5030 4929)
4(1 102 103 2)
4(102 203 204 103)
4(203 304 305 204)
4(304 405 406 305)
4(405 506 507 406)
4(506 607 608 507)
4(607 708 709 608)
4(708 809 810 709)
4(809 910 911 810)
4(910 1011 1012 911)
4(1011 1112 1113 1012)
4(1112 1213 1214 1113)
4(1213 1314 1315 1214)
4(1314 1415 1416 1315)
4(1415 1516 1517 1416)
4(1516 1617 1618 1517)
4(1617 1718 1719 1618)
4(1718 1819 1820 1719)
4(1819 1920 1921 1820)
4(1920 2021 2022 1921)
4(2021 2122 2123 2022)
4(2122 2223 2224 2123)
4(2223 2324 2325 2224)
4(2324 2422 2423 2325)
4(2422 2518 2519 2423)
4(2518 2614 2615 2519)
4(2614 2710 2711 2615)
4(2710 2808 2809 2711)
4(2808 2909 2910 2809)
4(2909 3010 3011 2910)
4(3010 3111 3112 3011)
4(3111 3212 3213 3112)
4(3212 3313 3314 3213)
4(3313 3414 3415 3314)
4(3414 3515 3516 3415)
4(3515 3616 3617 3516)
4(3616 3717 3718 3617)
4(3717 3818 3819 3718)
4(3818 3919 3920 3819)
4(3919 4020 4021 3920)
4(4020 4121 4122 4021)
4(4121 4222 4223 4122)
4(4222 4323 4324 4223)
4(4323 4424 4425 4324)
4(4424 4525 4526 4425)
4(4525 4626 4627 4526)
4(4626 4727 4728 4627)
4(4727 4828 4829 4728)
4(4828 4929 4930 4829)
4(4929 5030 5031 4930)
4(2 103 104 3)
4(103 204 205 104)
4(204 305 306 205)
4(305 406 407 306)
4(406 507 508 407)
4(507 608 609 508)
4(608 709 710 609)
4(709 810 811 710)
4(810 911 912 811)
4(911 1012 1013 912)
4(1012 1113 1114 1013)
4(1113 1214 1215 1114)
4(1214 1315 1316 1215)
4(1315 1416 1417 1316)
4(1416 1517 1518 1417)
4(1517 1618 1619 1518)
4(1618 1719 1720 1619)
4(1719 1820 1821 1720)
4(1820 1921 1922 1821)
4(1921 2022 2023 1922)
4(2022 2123 2124 2023)
4(2123 2224 2225 2124)
4(2224 2325 2326 2225)
4(2325 2423 2424 2326)
4(2423 2519 2520 2424)
4(2519 2615 2616 2520)
4(2615 2711 2712 2616)
4(2711 2809 2810 2712)
4(2809 2910 2911 2810)
4(2910 3011 3012 2911)
4(3011 3112 3113 3012)
4(3112 3213 3214 3113)
4(3213 3314 3315 3214)
4(3314 3415 3416 3315)
4(3415 3516 3517 3416)
4(3516 3617 3618 3517)
4(3617 3718 3719 3618)
4(3718 3819 3820 3719)
4(3819 3920 3921 3820)
4(3920 4021 4022 3921)
4(4021 4122 4123 4022)
4(4122 4223 4224 4123)
4(4223 4324 4325 4224)
4(4324 4425 4426 4325)
4(4425 4526 4527 4426)
4(4526 4627 4628 4527)
4(4627 4728 4729 4628)
4(4728 4829 4830 4729)
4(4829 4930 4931 4830)
4(4930 5031 5032 4931)
4(3 104 105 4)
4(104 205 206 105)
4(205 306 307 206)
4(306 407 408 307)
4(407 508 509 408)
4(508 609 610 509)
4(609 710 711 610)
4(710 811 812 711)
4(811 912 913 812)
4(912 1013 1014 913)
4(1013 1114 1115 1014)
4(1114 1215 1216 1115)
4(1215 1316 1317 1216)
4(1316 1417 1418 1317)
4(1417 1518 1519 1418)
4(1518 1619 1620 1519)
4(1619 1720 1721 1620)
4(1720 1821 1822 1721)
4(1821 1922 1923 1822)
4(1922 2023 2024 1923)
4(2023 2124 2125 2024)
4(2124 2225 2226 2125)
4(2225 2326 2327 2226)
4(2326 2424 2425 2327)
4(2424 2520 2521 2425)
4(2520 2616 2617 2521)
4(2616 2712 2713 2617)
4(2712 2810 2811 2713)
4(2810 2911 2912 2811)
4(2911 3012 3013 2912)
4(3012 3113 3114 3013)
4(3113 3214 3215 3114)
4(3214 3315 3316 3215)
4(3315 3416 3417 3316)
4(3416 3517 3518 3417)
4(3517 3618 3619 3518)
4(3618 3719 3720 3619)
4(3719 3820 3821 3720)
4(3820 3921 3922 3821)
4(3921 4022 4023 3922)
4(4022 4123 4124 4023)
4(4123 4224 4225 4124)
4(4224 4325 4326 4225)
4(4325 4426 4427 4326)
4(4426 4527 4528 4427)
4(4527 4628 4629 4528)
4(4628 4729 4730 4629)
4(4729 4830 4831 4730)
4(4830 4931 4932 4831)
4(4931 5032 5033 4932)
4(4 105 106 5)
4(105 206 207 106)
4(206 307 308 207)
4(307 408 409 308)
4(408 509 510 409)
4(509 610 611 510)
4(610 711 712 611)
4(711 812 813 712)
4(812 913 914 813)
4(913 1014 1015 914)
4(1014 1115 1116 1015)
4(1115 1216 1217 1116)
4(1216 1317 1318 1217)
4(1317 1418 1419 1318)
4(1418 1519 1520 1419)
4(1519 1620 1621 1520)
4(1620 1721 1722 1621)
4(1721 1822 1823 1722)
4(1822 1923 1924 1823)
4(1923 2024 2025 1924)
4(2024 2125 2126 2025)
4(2125 2226 2227 2126)
4(2226 2327 2328 2227)
4(2327 2425 2426 2328)
4(2425 2521 2522 2426)
4(2521 2617 2618 2522)
4(2617 2713 2714 2618)
4(2713 2811 2812 2714)
4(2811 2912 2913 2812)
4(2912 3013 3014 2913)
4(3013 3114 3115 3014)
4(3114 3215 3216 3115)
4(3215 3316 3317 3216)
4(3316 3417 3418 3317)
4(3417 3518 3519 3418)
4(3518 3619 3620 3519)
4(3619 3720 3721 3620)
4(3720 3821 3822 3721)
4(3821 3922 3923 3822)
4(3922 4023 4024 3923)
4(4023 4124 4125 4024)
4(4124 4225 4226 4125)
4(4225 4326 4327 4226)
4(4326 4427 4428 4327)
4(4427 4528 4529 4428)
4(4528 4629 4630 4529)
4(4629 4730 4731 4630)
4(4730 4831 4832 4731)
4(4831 4932 4933 4832)
4(4932 5033 5034 4933)
4(5 106 107 6)
4(106 207 208 107)
4(207 308 309 208)
4(308 409 410 309)
4(409 510 511 410)
4(510 611 612 511)
4(611 712 713 612)
4(712 813 814 713)
4(813 914 915 814)
4(914 1015 1016 915)
4(1015 1116 1117 1016)
4(1116 1217 1218 1117)
4(1217 1318 1319 1218)
4(1318 1419 1420 1319)
4(1419 1520 1521 1420)
4(1520 1621 1622 1521)
4(1621 1722 1723 1622)
4(1722 1823 1824 1723)
4(1823 1924 1925 1824)
4(1924 2025 2026 1925)
4(2025 2126 2127 2026)
4(2126 2227 2228 2127)
4(2227 2328 2329 2228)
4(2328 2426 2427 2329)
4(2426 2522 2523 2427)
4(2522 2618 2619 2523)
4(2618 2714 2715 2619)
4(2714 2812 2813 2715)
4(2812 2913 2914 2813)
4(2913 3014 3015 2914)
4(3014 3115 3116 3015)
4(3115 3216 3217 3116)
4(3216 3317 3318 3217)
4(3317 3418 3419 3318)
4(3418 3519 3520 3419)
4(3519 3620 3621 3520)
4(3620 3721 3722 3621)
4(3721 3822 3823 3722)
4(3822 3923 3924 3823)
4(3923 4024 4025 3924)
4(4024 4125 4126 4025)
4(4125 4226 4227 4126)
4(4226 4327 4328 4227)
4(4327 4428 4429 4328)
4(4428 4529 4530 4429)
4(4529 4630 4631 4530)
4(4630 4731 4732 4631)
4(4731 4832 4833 4732)
4(4832 4933 4934 4833)
4(4933 5034 5035 4934)
4(6 107 108 7)
4(107 208 209 108)
4(208 309 310 209)
4(309 410 411 310)
4(410 511 512 411)
4(511 612 613 512)
4(612 713 714 613)
4(713 814 815 714)
4(814 915 916 815)
4(915 1016 1017 916)
4(1016 1117 1118 1017)
4(1117 1218 1219 1118)
4(1218 1319 1320 1219)
4(1319 1420 1421 1320)
4(1420 1521 1522 1421)
4(1521 1622 1623 1522)
4(1622 1723 1724 1623)
4(1723 1824 1825 1724)
4(1824 1925 1926 1825)
4(1925 2026 2027 1926)
4(2026 2127 2128 2027)
4(2127 2228 2229 2128)
4(2228 2329 2330 2229)
4(2329 2427 2428 2330)
4(2427 2523 2524 2428)
4(2523 2619 2620 2524)
4(2619 2715 2716 2620)
4(2715 2813 2814 2716)
4(2813 2914 2915 2814)
4(2914 3015 3016 2915)
4(3015 3116 3117 3016)
4(3116 3217 3218 3117)
4(3217 3318 3319 3218)
4(3318 3419 3420 3319)
4(3419 3520 3521 3420)
4(3520 3621 3622 3521)
4(3621 3722 3723 3622)
4(3722 3823 3824 3723)
4(3823 3924 3925 3824)
4(3924 4025 4026 3925)
4(4025 4126 4127 4026)
4(4126 4227 4228 4127)
4(4227 4328 4329 4228)
4(4328 4429 4430 4329)
4(4429 4530 4531 4430)
4(4530 4631 4632 4531)
4(4631 4732 4733 4632)
4(4732 4833 4834 4733)
4(4833 4934 4935 4834)
4(4934 5035 5036 4935)
4(7 108 109 8)
4(108 209 210 109)
4(209 310 311 210)
4(310 411 412 311)
4(411 512 513 412)
4(512 613 614 513)
4(613 714 715 614)
4(714 815 816 715)
4(815 916 917 816)
4(916 1017 1018 917)
4(1017 1118 1119 1018)
4(1118 1219 1220 1119)
4(1219 1320 1321 1220)
4(1320 1421 1422 1321)
4(1421 1522 1523 1422)
4(1522 1623 1624 1523)
4(1623 1724 1725 1624)
4(1724 1825 1826 1725)
4(1825 1926 1927 1826)
4(1926 2027 2028 1927)
4(2027 2128 2129 2028)
4(2128 2229 2230 2129)
4(2229 2330 2331 2230)
4(2330 2428 2429 2331)
4(2428 2524 2525 2429)
4(2524 2620 2621 2525)
4(2620 2716 2717 2621)
4(2716 2814 2815 2717)
4(2814 2915 2916 2815)
4(2915 3016 3017 2916)
4(3016 3117 3118 3017)
4(3117 3218 3219 3118)
4(3218 3319 3320 3219)
4(3319 3420 3421 3320)
4(3420 3521 3522 3421)
4(3521 3622 3623 3522)
4(3622 3723 3724 3623)
4(3723 3824 3825 3724)
4(3824 3925 3926 3825)
4(3925 4026 4027 3926)
4(4026 4127 4128 4027)
4(4127 4228 4229 4128)
4(4228 4329 4330 4229)
4(4329 4430 4431 4330)
4(4430 4531 4532 4431)
4(4531 4632 4633 4532)
4(4632 4733 4734 4633)
4(4733 4834 4835 4734)
4(4834 4935 4936 4835)
4(4935 5036 5037 4936)
4(8 109 110 9)
4(109 210 211 110)
4(210 311 312 211)
4(311 412 413 312)
4(412 513 514 413)
4(513 614 615 514)
4(614 715 716 615)
4(715 816 817 716)
4(816 917 918 817)
4(917 1018 1019 918)
4(1018 1119 1120 1019)
4(1119 1220 1221 1120)
4(1220 1321 1322 1221)
4(1321 1422 1423 1322)
4(1422 1523 1524 1423)
4(1523 1624 1625 1524)
4(1624 1725 1726 1625)
4(1725 1826 1827 1726)
4(1826 1927 1928 1827)
4(1927 2028 2029 1928)
4(2028 2129 2130 2029)
4(2129 2230 2231 2130)
4(2230 2331 2332 2231)
4(2331 2429 2430 2332)
4(2429 2525 2526 2430)
4(2525 2621 2622 2526)
4(2621 2717 2718 2622)
4(2717 2815 2816 2718)
4(2815 2916 2917 2816)
4(2916 3017 3018 2917)
4(3017 3118 3119 3018)
4(3118 3219 3220 3119)
4(3219 3320 3321 3220)
4(3320 3421 3422 3321)
4(3421 3522 3523 3422)
4(3522 3623 3624 3523)
4(3623 3724 3725 3624)
4(3724 3825 3826 3725)
4(3825 3926 3927 3826)
4(3926 4027 4028 3927)
4(4027 4128 4129 4028)
4(4128 4229 4230 4129)
4(4229 4330 4331 4230)
4(4330 4431 4432 4331)
4(4431 4532 4533 4432)
4(4532 4633 4634 4533)
4(4633 4734 4735 4634)
4(4734 4835 4836 4735)
4(4835 4936 4937 4836)
4(4936 5037 5038 4937)
4(9 110 111 10)
4(110 211 212 111)
4(211 312 313 212)
4(312 413 414 313)
4(413 514 515 414)
4(514 615 616 515)
4(615 716 717 616)
4(716 817 818 717)
4(817 918 919 818)
4(918 1019 1020 919)
4(1019 1120 1121 1020)
4(1120 1221 1222 1121)
4(1221 1322 1323 1222)
4(1322 1423 1424 1323)
4(1423 1524 1525 1424)
4(1524 1625 1626 1525)
4(1625 1726 1727 1626)
4(1726 1827 1828 1727)
4(1827 1928 1929 1828)
4(1928 2029 2030 1929)
4(2029 2130 2131 2030)
4(2130 2231 2232 2131)
4(2231 2332 2333 2232)
4(2332 2430 2431 2333)
4(2430 2526 2527 2431)
4(2526 2622 2623 2527)
4(2622 2718 2719 2623)
4(2718 2816 2817 2719)
4(2816 2917 2918 2817)
4(2917 3018 3019 2918)
4(3018 3119 3120 3019)
4(3119 3220 3221 3120)
4(3220 3321 3322 3221)
4(3321 3422 3423 3322)
4(3422 3523 3524 3423)
4(3523 3624 3625 3524)
4(3624 3725 3726 3625)
4(3725 3826 3827 3726)
4(3826 3927 3928 3827)
4(3927 4028 4029 3928)
4(4028 4129 4130 4029)
4(4129 4230 4231 4130)
4(4230 4331 4332 4231)
4(4331 4432 4433 4332)
4(4432 4533 4534 4433)
4(4533 4634 4635 4534)
4(4634 4735 4736 4635)
4(4735 4836 4837 4736)
4(4836 4937 4938 4837)
4(4937 5038 5039 4938)
4(10 111 112 11)
4(111 212 213 112)
4(212 313 314 213)
4(313 414 415 314)
4(414 515 516 415)
4(515 616 617 516)
4(616 717 718 617)
4(717 818 819 718)
4(818 919 920 819)
4(919 1020 1021 920)
4(1020 1121 1122 1021)
4(1121 1222 1223 1122)
4(1222 1323 1324 1223)
4(1323 1424 1425 1324)
4(1424 1525 1526 1425)
4(1525 1626 1627 1526)
4(1626 1727 1728 1627)
4(1727 1828 1829 1728)
4(1828 1929 1930 1829)
4(1929 2030 2031 1930)
4(2030 2131 2132 2031)
4(2131 2232 2233 2132)
4(2232 2333 2334 2233)
4(2333 2431 2432 2334)
4(2431 2527 2528 2432)
4(2527 2623 2624 2528)
4(2623 2719 2720 2624)
4(2719 2817 2818 2720)
4(2817 2918 2919 2818)
4(2918 3019 3020 2919)
4(3019 3120 3121 3020)
4(3120 3221 3222 3121)
4(3221 3322 3323 3222)
4(3322 3423 3424 3323)
4(3423 3524 3525 3424)
4(3524 3625 3626 3525)
4(3625 3726 3727 3626)
4(3726 3827 3828 3727)
4(3827 3928 3929 3828)
4(3928 4029 4030 3929)
4(4029 4130 4131 4030)
4(4130 4231 4232 4131)
4(4231 4332 4333 4232)
4(4332 4433 4434 4333)
4(4433 4534 4535 4434)
4(4534 4635 4636 4535)
4(4635 4736 4737 4636)
4(4736 4837 4838 4737)
4(4837 4938 4939 4838)
4(4938 5039 5040 4939)
4(11 112 113 12)
4(112 213 214 113)
4(213 314 315 214)
4(314 415 416 315)
4(415 516 517 416)
4(516 617 618 517)
4(617 718 719 618)
4(718 819 820 719)
4(819 920 921 820)
4(920 1021 1022 921)
4(1021 1122 1123 1022)
4(1122 1223 1224 1123)
4(1223 1324 1325 1224)
4(1324 1425 1426 1325)
4(1425 1526 1527 1426)
4(1526 1627 1628 1527)
4(1627 1728 1729 1628)
4(1728 1829 1830 1729)
4(1829 1930 1931 1830)
4(1930 2031 2032 1931)
4(2031 2132 2133 2032)
4(2132 2233 2234 2133)
4(2233 2334 2335 2234)
4(2334 2432 2433 2335)
4(2432 2528 2529 2433)
4(2528 2624 2625 2529)
4(2624 2720 2721 2625)
4(2720 2818 2819 2721)
4(2818 2919 2920 2819)
4(2919 3020 3021 2920)
4(3020 3121 3122 3021)
4(3121 3222 3223 3122)
4(3222 3323 3324 3223)
4(3323 3424 3425 3324)
4(3424 3525 3526 3425)
4(3525 3626 3627 3526)
4(3626 3727 3728 3627)
4(3727 3828 3829 3728)
4(3828 3929 3930 3829)
4(3929 4030 4031 3930)
4(4030 4131 4132 4031)
4(4131 4232 4233 4132)
4(4232 4333 4334 4233)
4(4333 4434 4435 4334)
4(4434 4535 4536 4435)
4(4535 4636 4637 4536)
4(4636 4737 4738 4637)
4(4737 4838 4839 4738)
4(4838 4939 4940 4839)
4(4939 5040 5041 4940)
4(12 113 114 13)
4(113 214 215 114)
4(214 315 316 215)
4(315 416 417 316)
4(416 517 518 417)
4(517 618 619 518)
4(618 719 720 619)
4(719 820 821 720)
4(820 921 922 821)
4(921 1022 1023 922)
4(1022 1123 1124 1023)
4(1123 1224 1225 1124)
4(1224 1325 1326 1225)
4(1325 1426 1427 1326)
4(1426 1527 1528 1427)
4(1527 1628 1629 1528)
4(1628 1729 1730 1629)
4(1729 1830 1831 1730)
4(1830 1931 1932 1831)
4(1931 2032 2033 1932)
4(2032 2133 2134 2033)
4(2133 2234 2235 2134)
4(2234 2335 2336 2235)
4(2335 2433 2434 2336)
4(2433 2529 2530 2434)
4(2529 2625 2626 2530)
4(2625 2721 2722 2626)
4(2721 2819 2820 2722)
4(2819 2920 2921 2820)
4(2920 3021 3022 2921)
4(3021 3122 3123 3022)
4(3122 3223 3224 3123)
4(3223 3324 3325 3224)
4(3324 3425 3426 3325)
4(3425 3526 3527 3426)
4(3526 3627 3628 3527)
4(3627 3728 3729 3628)
4(3728 3829 3830 3729)
4(3829 3930 3931 3830)
4(3930 4031 4032 3931)
4(4031 4132 4133 4032)
4(4132 4233 4234 4133)
4(4233 4334 4335 4234)
4(4334 4435 4436 4335)
4(4435 4536 4537 4436)
4(4536 4637 4638 4537)
4(4637 4738 4739 4638)
4(4738 4839 4840 4739)
4(4839 4940 4941 4840)
4(4940 5041 5042 4941)
4(13 114 115 14)
4(114 215 216 115)
4(215 316 317 216)
4(316 417 418 317)
4(417 518 519 418)
4(518 619 620 519)
4(619 720 721 620)
4(720 821 822 721)
4(821 922 923 822)
4(922 1023 1024 923)
4(1023 1124 1125 1024)
4(1124 1225 1226 1125)
4(1225 1326 1327 1226)
4(1326 1427 1428 1327)
4(1427 1528 1529 1428)
4(1528 1629 1630 1529)
4(1629 1730 1731 1630)
4(1730 1831 1832 1731)
4(1831 1932 1933 1832)
4(1932 2033 2034 1933)
4(2033 2134 2135 2034)
4(2134 2235 2236 2135)
4(2235 2336 2337 2236)
4(2336 2434 2435 2337)
4(2434 2530 2531 2435)
4(2530 2626 2627 2531)
4(2626 2722 2723 2627)
4(2722 2820 2821 2723)
4(2820 2921 2922 2821)
4(2921 3022 3023 2922)
4(3022 3123 3124 3023)
4(3123 3224 3225 3124)
4(3224 3325 3326 3225)
4(3325 3426 3427 3326)
4(3426 3527 3528 3427)
4(3527 3628 3629 3528)
4(3628 3729 3730 3629)
4(3729 3830 3831 3730)
4(3830 3931 3932 3831)
4(3931 4032 4033 3932)
4(4032 4133 4134 4033)
4(4133 4234 4235 4134)
4(4234 4335 4336 4235)
4(4335 4436 4437 4336)
4(4436 4537 4538 4437)
4(4537 4638 4639 4538)
4(4638 4739 4740 4639)
4(4739 4840 4841 4740)
4(4840 4941 4942 4841)
4(4941 5042 5043 4942)
4(14 115 116 15)
4(115 216 217 116)
4(216 317 318 217)
4(317 418 419 318)
4(418 519 520 419)
4(519 620 621 520)
4(620 721 722 621)
4(721 822 823 722)
4(822 923 924 823)
4(923 1024 1025 924)
4(1024 1125 1126 1025)
4(1125 1226 1227 1126)
4(1226 1327 1328 1227)
4(1327 1428 1429 1328)
4(1428 1529 1530 1429)
4(1529 1630 1631 1530)
4(1630 1731 1732 1631)
4(1731 1832 1833 1732)
4(1832 1933 1934 1833)
4(1933 2034 2035 1934)
4(2034 2135 2136 2035)
4(2135 2236 2237 2136)
4(2236 2337 2338 2237)
4(2337 2435 2436 2338)
4(2435 2531 2532 2436)
4(2531 2627 2628 2532)
4(2627 2723 2724 2628)
4(2723 2821 2822 2724)
4(2821 2922 2923 2822)
4(2922 3023 3024 2923)
4(3023 3124 3125 3024)
4(3124 3225 3226 3125)
4(3225 3326 3327 3226)
4(3326 3427 3428 3327)
4(3427 3528 3529 3428)
4(3528 3629 3630 3529)
4(3629 3730 3731 3630)
4(3730 3831 3832 3731)
4(3831 3932 3933 3832)
4(3932 4033 4034 3933)
4(4033 4134 4135 4034)
4(4134 4235 4236 4135)
4(4235 4336 4337 4236)
4(4336 4437 4438 4337)
4(4437 4538 4539 4438)
4(4538 4639 4640 4539)
4(4639 4740 4741 4640)
4(4740 4841 4842 4741)
4(4841 4942 4943 4842)
4(4942 5043 5044 4943)
4(15 116 117 16)
4(116 217 218 117)
4(217 318 319 218)
4(318 419 420 319)
4(419 520 521 420)
4(520 621 622 521)
4(621 722 723 622)
4(722 823 824 723)
4(823 924 925 824)
4(924 1025 1026 925)
4(1025 1126 1127 1026)
4(1126 1227 1228 1127)
4(1227 1328 1329 1228)
4(1328 1429 1430 1329)
4(1429 1530 1531 1430)
4(1530 1631 1632 1531)
4(1631 1732 1733 1632)
4(1732 1833 1834 1733)
4(1833 1934 1935 1834)
4(1934 2035 2036 1935)
4(2035 2136 2137 2036)
4(2136 2237 2238 2137)
4(2237 2338 2339 2238)
4(2338 2436 2437 2339)
4(2436 2532 2533 2437)
4(2532 2628 2629 2533)
4(2628 2724 2725 2629)
4(2724 2822 2823 2725)
4(2822 2923 2924 2823)
4(2923 3024 3025 2924)
4(3024 3125 3126 3025)
4(3125 3226 3227 3126)
4(3226 3327 3328 3227)
4(3327 3428 3429 3328)
4(3428 3529 3530 3429)
4(3529 3630 3631 3530)
4(3630 3731 3732 3631)
4(3731 3832 3833 3732)
4(3832 3933 3934 3833)
4(3933 4034 4035 3934)
4(4034 4135 4136 4035)
4(4135 4236 4237 4136)
4(4236 4337 4338 4237)
4(4337 4438 4439 4338)
4(4438 4539 4540 4439)
4(4539 4640 4641 4540)
4(4640 4741 4742 4641)
4(4741 4842 4843 4742)
4(4842 4943 4944 4843)
4(4943 5044 5045 4944)
4(16 117 118 17)
4(117 218 219 118)
4(218 319 320 219)
4(319 420 421 320)
4(420 521 522 421)
4(521 622 623 522)
4(622 723 724 623)
4(723 824 825 724)
4(824 925 926 825)
4(925 1026 1027 926)
4(1026 1127 1128 1027)
4(1127 1228 1229 1128)
4(1228 1329 1330 1229)
4(1329 1430 1431 1330)
4(1430 1531 1532 1431)
4(1531 1632 1633 1532)
4(1632 1733 1734 1633)
4(1733 1834 1835 1734)
4(1834 1935 1936 1835)
4(1935 2036 2037 1936)
4(2036 2137 2138 2037)
4(2137 2238 2239 2138)
4(2238 2339 2340 2239)
4(2339 2437 2438 2340)
4(2437 2533 2534 2438)
4(2533 2629 2630 2534)
4(2629 2725 2726 2630)
4(2725 2823 2824 2726)
4(2823 2924 2925 2824)
4(2924 3025 3026 2925)
4(3025 3126 3127 3026)
4(3126 3227 3228 3127)
4(3227 3328 3329 3228)
4(3328 3429 3430 3329)
4(3429 3530 3531 3430)
4(3530 3631 3632 3531)
4(3631 3732 3733 3632)
4(3732 3833 3834 3733)
4(3833 3934 3935 3834)
4(3934 4035 4036 3935)
4(4035 4136 4137 4036)
4(4136 4237 4238 4137)
4(4237 4338 4339 4238)
4(4338 4439 4440 4339)
4(4439 4540 4541 4440)
4(4540 4641 4642 4541)
4(4641 4742 4743 4642)
4(4742 4843 4844 4743)
4(4843 4944 4945 4844)
4(4944 5045 5046 4945)
4(17 118 119 18)
4(118 219 220 119)
4(219 320 321 220)
4(320 421 422 321)
4(421 522 523 422)
4(522 623 624 523)
4(623 724 725 624)
4(724 825 826 725)
4(825 926 927 826)
4(926 1027 1028 927)
4(1027 1128 1129 1028)
4(1128 1229 1230 1129)
4(1229 1330 1331 1230)
4(1330 1431 1432 1331)
4(1431 1532 1533 1432)
4(1532 1633 1634 1533)
4(1633 1734 1735 1634)
4(1734 1835 1836 1735)
4(1835 1936 1937 1836)
4(1936 2037 2038 1937)
4(2037 2138 2139 2038)
4(2138 2239 2240 2139)
4(2239 2340 2341 2240)
4(2340 2438 2439 2341)
4(2438 2534 2535 2439)
4(2534 2630 2631 2535)
4(2630 2726 2727 2631)
4(2726 2824 2825 2727)
4(2824 2925 2926 2825)
4(2925 3026 3027 2926)
4(3026 3127 3128 3027)
4(3127 3228 3229 3128)
4(3228 3329 3330 3229)
4(3329 3430 3431 3330)
4(3430 3531 3532 3431)
4(3531 3632 3633 3532)
4(3632 3733 3734 3633)
4(3733 3834 3835 3734)
4(3834 3935 3936 3835)
4(3935 4036 4037 3936)
4(4036 4137 4138 4037)
4(4137 4238 4239 4138)
4(4238 4339 4340 4239)
4(4339 4440 4441 4340)
4(4440 4541 4542 4441)
4(4541 4642 4643 4542)
4(4642 4743 4744 4643)
4(4743 4844 4845 4744)
4(4844 4945 4946 4845)
4(4945 5046 5047 4946)
4(18 119 120 19)
4(119 220 221 120)
4(220 321 322 221)
4(321 422 423 322)
4(422 523 524 423)
4(523 624 625 524)
4(624 725 726 625)
4(725 826 827 726)
4(826 927 928 827)
4(927 1028 1029 928)
4(1028 1129 1130 1029)
4(1129 1230 1231 1130)
4(1230 1331 1332 1231)
4(1331 1432 1433 1332)
4(1432 1533 1534 1433)
4(1533 1634 1635 1534)
4(1634 1735 1736 1635)
4(1735 1836 1837 1736)
4(1836 1937 1938 1837)
4(1937 2038 2039 1938)
4(2038 2139 2140 2039)
4(2139 2240 2241 2140)
4(2240 2341 2342 2241)
4(2341 2439 2440 2342)
4(2439 2535 2536 2440)
4(2535 2631 2632 2536)
4(2631 2727 2728 2632)
4(2727 2825 2826 2728)
4(2825 2926 2927 2826)
4(2926 3027 3028 2927)
4(3027 3128 3129 3028)
4(3128 3229 3230 3129)
4(3229 3330 3331 3230)
4(3330 3431 3432 3331)
4(3431 3532 3533 3432)
4(3532 3633 3634 3533)
4(3633 3734 3735 3634)
4(3734 3835 3836 3735)
4(3835 3936 3937 3836)
4(3936 4037 4038 3937)
4(4037 4138 4139 4038)
4(4138 4239 4240 4139)
4(4239 4340 4341 4240)
4(4340 4441 4442 4341)
4(4441 4542 4543 4442)
4(4542 4643 4644 4543)
4(4643 4744 4745 4644)
4(4744 4845 4846 4745)
4(4845 4946 4947 4846)
4(4946 5047 5048 4947)
4(19 120 121 20)
4(120 221 222 121)
4(221 322 323 222)
4(322 423 424 323)
4(423 524 525 424)
4(524 625 626 525)
4(625 726 727 626)
4(726 827 828 727)
4(827 928 929 828)
4(928 1029 1030 929)
4(1029 1130 1131 1030)
4(1130 1231 1232 1131)
4(1231 1332 1333 1232)
4(1332 1433 1434 1333)
4(1433 1534 1535 1434)
4(1534 1635 1636 1535)
4(1635 1736 1737 1636)
4(1736 1837 1838 1737)
4(1837 1938 1939 1838)
4(1938 2039 2040 1939)
4(2039 2140 2141 2040)
4(2140 2241 2242 2141)
4(2241 2342 2343 2242)
4(2342 2440 2441 2343)
4(2440 2536 2537 2441)
4(2536 2632 2633 2537)
4(2632 2728 2729 2633)
4(2728 2826 2827 2729)
4(2826 2927 2928 2827)
4(2927 3028 3029 2928)
4(3028 3129 3130 3029)
4(3129 3230 3231 3130)
4(3230 3331 3332 3231)
4(3331 3432 3433 3332)
4(3432 3533 3534 3433)
4(3533 3634 3635 3534)
4(3634 3735 3736 3635)
4(3735 3836 3837 3736)
4(3836 3937 3938 3837)
4(3937 4038 4039 3938)
4(4038 4139 4140 4039)
4(4139 4240 4241 4140)
4(4240 4341 4342 4241)
4(4341 4442 4443 4342)
4(4442 4543 4544 4443)
4(4543 4644 4645 4544)
4(4644 4745 4746 4645)
4(4745 4846 4847 4746)
4(4846 4947 4948 4847)
4(4947 5048 5049 4948)
4(20 121 122 21)
4(121 222 223 122)
4(222 323 324 223)
4(323 424 425 324)
4(424 525 526 425)
4(525 626 627 526)
4(626 727 728 627)
4(727 828 829 728)
4(828 929 930 829)
4(929 1030 1031 930)
4(1030 1131 1132 1031)
4(1131 1232 1233 1132)
4(1232 1333 1334 1233)
4(1333 1434 1435 1334)
4(1434 1535 1536 1435)
4(1535 1636 1637 1536)
4(1636 1737 1738 1637)
4(1737 1838 1839 1738)
4(1838 1939 1940 1839)
4(1939 2040 2041 1940)
4(2040 2141 2142 2041)
4(2141 2242 2243 2142)
4(2242 2343 2344 2243)
5(2343 2441 2442 11429 2344)
5(2441 2537 2538 10577 2442)
5(2537 2633 2634 10591 2538)
5(2633 2729 2730 11436 2634)
4(2729 2827 2828 2730)
4(2827 2928 2929 2828)
4(2928 3029 3030 2929)
4(3029 3130 3131 3030)
4(3130 3231 3232 3131)
4(3231 3332 3333 3232)
4(3332 3433 3434 3333)
4(3433 3534 3535 3434)
4(3534 3635 3636 3535)
4(3635 3736 3737 3636)
4(3736 3837 3838 3737)
4(3837 3938 3939 3838)
4(3938 4039 4040 3939)
4(4039 4140 4141 4040)
4(4140 4241 4242 4141)
4(4241 4342 4343 4242)
4(4342 4443 4444 4343)
4(4443 4544 4545 4444)
4(4544 4645 4646 4545)
4(4645 4746 4747 4646)
4(4746 4847 4848 4747)
4(4847 4948 4949 4848)
4(4948 5049 5050 4949)
4(21 122 123 22)
4(122 223 224 123)
4(223 324 325 224)
4(324 425 426 325)
4(425 526 527 426)
4(526 627 628 527)
4(627 728 729 628)
4(728 829 830 729)
4(829 930 931 830)
4(930 1031 1032 931)
4(1031 1132 1133 1032)
4(1132 1233 1234 1133)
4(1233 1334 1335 1234)
4(1334 1435 1436 1335)
4(1435 1536 1537 1436)
4(1536 1637 1638 1537)
4(1637 1738 1739 1638)
4(1738 1839 1840 1739)
4(1839 1940 1941 1840)
4(1940 2041 2042 1941)
4(2041 2142 2143 2042)
4(2142 2243 2244 2143)
6(2243 2344 11428 2345 10549 2244)
4(2344 11429 11580 11428)
4(2442 10577 11308 10576)
4(2538 10591 11309 10590)
4(2634 11436 11581 10604)
6(2730 2828 2829 10616 2731 11440)
4(2828 2929 2930 2829)
4(2929 3030 3031 2930)
4(3030 3131 3132 3031)
4(3131 3232 3233 3132)
4(3232 3333 3334 3233)
4(3333 3434 3435 3334)
4(3434 3535 3536 3435)
4(3535 3636 3637 3536)
4(3636 3737 3738 3637)
4(3737 3838 3839 3738)
4(3838 3939 3940 3839)
4(3939 4040 4041 3940)
4(4040 4141 4142 4041)
4(4141 4242 4243 4142)
4(4242 4343 4344 4243)
4(4343 4444 4445 4344)
4(4444 4545 4546 4445)
4(4545 4646 4647 4546)
4(4646 4747 4748 4647)
4(4747 4848 4849 4748)
4(4848 4949 4950 4849)
4(4949 5050 5051 4950)
4(22 123 124 23)
4(123 224 225 124)
4(224 325 326 225)
4(325 426 427 326)
4(426 527 528 427)
4(527 628 629 528)
4(628 729 730 629)
4(729 830 831 730)
4(830 931 932 831)
4(931 1032 1033 932)
4(1032 1133 1134 1033)
4(1133 1234 1235 1134)
4(1234 1335 1336 1235)
4(1335 1436 1437 1336)
4(1436 1537 1538 1437)
4(1537 1638 1639 1538)
4(1638 1739 1740 1639)
4(1739 1840 1841 1740)
4(1840 1941 1942 1841)
4(1941 2042 2043 1942)
4(2042 2143 2144 2043)
6(2143 2244 10548 2245 11421 2144)
4(2244 10549 11310 10548)
6(2345 10310 11497 10432 10898 10309)
4(2443 10581 11311 10580)
4(2539 10596 11312 10595)
4(2635 11437 11582 10608)
4(2731 10616 11313 10331)
6(2829 2930 2931 11444 2830 10630)
4(2930 3031 3032 2931)
4(3031 3132 3133 3032)
4(3132 3233 3234 3133)
4(3233 3334 3335 3234)
4(3334 3435 3436 3335)
4(3435 3536 3537 3436)
4(3536 3637 3638 3537)
4(3637 3738 3739 3638)
4(3738 3839 3840 3739)
4(3839 3940 3941 3840)
4(3940 4041 4042 3941)
4(4041 4142 4143 4042)
4(4142 4243 4244 4143)
4(4243 4344 4345 4244)
4(4344 4445 4446 4345)
4(4445 4546 4547 4446)
4(4546 4647 4648 4547)
4(4647 4748 4749 4648)
4(4748 4849 4850 4749)
4(4849 4950 4951 4850)
4(4950 5051 5052 4951)
4(23 124 125 24)
4(124 225 226 125)
4(225 326 327 226)
4(326 427 428 327)
4(427 528 529 428)
4(528 629 630 529)
4(629 730 731 630)
4(730 831 832 731)
4(831 932 933 832)
4(932 1033 1034 933)
4(1033 1134 1135 1034)
4(1134 1235 1236 1135)
4(1235 1336 1337 1236)
4(1336 1437 1438 1337)
4(1437 1538 1539 1438)
4(1538 1639 1640 1539)
4(1639 1740 1741 1640)
4(1740 1841 1842 1741)
4(1841 1942 1943 1842)
4(1942 2043 2044 1943)
5(2043 2144 11420 2145 2044)
4(2144 11421 11583 11420)
6(2245 10301 10881 10436 11493 10300)
3(2346 10568 10567)
4(2732 10621 11314 10620)
4(2830 11444 11584 10340)
5(2931 3032 3033 2932 11448)
4(3032 3133 3134 3033)
4(3133 3234 3235 3134)
4(3234 3335 3336 3235)
4(3335 3436 3437 3336)
4(3436 3537 3538 3437)
4(3537 3638 3639 3538)
4(3638 3739 3740 3639)
4(3739 3840 3841 3740)
4(3840 3941 3942 3841)
4(3941 4042 4043 3942)
4(4042 4143 4144 4043)
4(4143 4244 4245 4144)
4(4244 4345 4346 4245)
4(4345 4446 4447 4346)
4(4446 4547 4548 4447)
4(4547 4648 4649 4548)
4(4648 4749 4750 4649)
4(4749 4850 4851 4750)
4(4850 4951 4952 4851)
4(4951 5052 5053 4952)
4(24 125 126 25)
4(125 226 227 126)
4(226 327 328 227)
4(327 428 429 328)
4(428 529 530 429)
4(529 630 631 530)
4(630 731 732 631)
4(731 832 833 732)
4(832 933 934 833)
4(933 1034 1035 934)
4(1034 1135 1136 1035)
4(1135 1236 1237 1136)
4(1236 1337 1338 1237)
4(1337 1438 1439 1338)
4(1438 1539 1540 1439)
4(1539 1640 1641 1540)
4(1640 1741 1742 1641)
4(1741 1842 1843 1742)
4(1842 1943 1944 1843)
4(1943 2044 2045 1944)
5(2044 2145 10540 2146 2045)
4(2145 10541 11315 10540)
4(2246 10553 11316 10552)
5(2831 10632 11317 10341 10635)
5(2932 3033 3034 2933 10647)
4(3033 3134 3135 3034)
4(3134 3235 3236 3135)
4(3235 3336 3337 3236)
4(3336 3437 3438 3337)
4(3437 3538 3539 3438)
4(3538 3639 3640 3539)
4(3639 3740 3741 3640)
4(3740 3841 3842 3741)
4(3841 3942 3943 3842)
4(3942 4043 4044 3943)
4(4043 4144 4145 4044)
4(4144 4245 4246 4145)
4(4245 4346 4347 4246)
4(4346 4447 4448 4347)
4(4447 4548 4549 4448)
4(4548 4649 4650 4549)
4(4649 4750 4751 4650)
4(4750 4851 4852 4751)
4(4851 4952 4953 4852)
4(4952 5053 5054 4953)
4(25 126 127 26)
4(126 227 228 127)
4(227 328 329 228)
4(328 429 430 329)
4(429 530 531 430)
4(530 631 632 531)
4(631 732 733 632)
4(732 833 834 733)
4(833 934 935 834)
4(934 1035 1036 935)
4(1035 1136 1137 1036)
4(1136 1237 1238 1137)
4(1237 1338 1339 1238)
4(1338 1439 1440 1339)
4(1439 1540 1541 1440)
4(1540 1641 1642 1541)
4(1641 1742 1743 1642)
4(1742 1843 1844 1743)
4(1843 1944 1945 1844)
4(1944 2045 2046 1945)
5(2045 2146 10543 2147 2046)
4(2146 10544 11318 10543)
4(2247 10557 11319 10556)
5(2832 10636 11320 10342 10640)
5(2933 3034 3035 2934 10649)
4(3034 3135 3136 3035)
4(3135 3236 3237 3136)
4(3236 3337 3338 3237)
4(3337 3438 3439 3338)
4(3438 3539 3540 3439)
4(3539 3640 3641 3540)
4(3640 3741 3742 3641)
4(3741 3842 3843 3742)
4(3842 3943 3944 3843)
4(3943 4044 4045 3944)
4(4044 4145 4146 4045)
4(4145 4246 4247 4146)
4(4246 4347 4348 4247)
4(4347 4448 4449 4348)
4(4448 4549 4550 4449)
4(4549 4650 4651 4550)
4(4650 4751 4752 4651)
4(4751 4852 4853 4752)
4(4852 4953 4954 4853)
4(4953 5054 5055 4954)
4(26 127 128 27)
4(127 228 229 128)
4(228 329 330 229)
4(329 430 431 330)
4(430 531 532 431)
4(531 632 633 532)
4(632 733 734 633)
4(733 834 835 734)
4(834 935 936 835)
4(935 1036 1037 936)
4(1036 1137 1138 1037)
4(1137 1238 1239 1138)
4(1238 1339 1340 1239)
4(1339 1440 1441 1340)
4(1440 1541 1542 1441)
4(1541 1642 1643 1542)
4(1642 1743 1744 1643)
4(1743 1844 1845 1744)
4(1844 1945 1946 1845)
4(1945 2046 2047 1946)
5(2046 2147 11423 2148 2047)
4(2147 10546 11585 11423)
4(2248 10560 11586 11427)
5(2833 10641 11587 10343 11446)
5(2934 3035 3036 2935 11450)
4(3035 3136 3137 3036)
4(3136 3237 3238 3137)
4(3237 3338 3339 3238)
4(3338 3439 3440 3339)
4(3439 3540 3541 3440)
4(3540 3641 3642 3541)
4(3641 3742 3743 3642)
4(3742 3843 3844 3743)
4(3843 3944 3945 3844)
4(3944 4045 4046 3945)
4(4045 4146 4147 4046)
4(4146 4247 4248 4147)
4(4247 4348 4349 4248)
4(4348 4449 4450 4349)
4(4449 4550 4551 4450)
4(4550 4651 4652 4551)
4(4651 4752 4753 4652)
4(4752 4853 4854 4753)
4(4853 4954 4955 4854)
4(4954 5055 5056 4955)
4(27 128 129 28)
4(128 229 230 129)
4(229 330 331 230)
4(330 431 432 331)
4(431 532 533 432)
4(532 633 634 533)
4(633 734 735 634)
4(734 835 836 735)
4(835 936 937 836)
4(936 1037 1038 937)
4(1037 1138 1139 1038)
4(1138 1239 1240 1139)
4(1239 1340 1341 1240)
4(1340 1441 1442 1341)
4(1441 1542 1543 1442)
4(1542 1643 1644 1543)
4(1643 1744 1745 1644)
4(1744 1845 1846 1745)
4(1845 1946 1947 1846)
4(1946 2047 2048 1947)
4(2047 2148 2149 2048)
6(2148 11424 2249 10561 2250 2149)
4(2249 10308 11322 10561)
4(2347 10575 11323 10574)
6(2733 10628 10339 11325 10338 10627)
6(2834 11447 2935 2936 2835 10645)
4(2935 3036 3037 2936)
4(3036 3137 3138 3037)
4(3137 3238 3239 3138)
4(3238 3339 3340 3239)
4(3339 3440 3441 3340)
4(3440 3541 3542 3441)
4(3541 3642 3643 3542)
4(3642 3743 3744 3643)
4(3743 3844 3845 3744)
4(3844 3945 3946 3845)
4(3945 4046 4047 3946)
4(4046 4147 4148 4047)
4(4147 4248 4249 4148)
4(4248 4349 4350 4249)
4(4349 4450 4451 4350)
4(4450 4551 4552 4451)
4(4551 4652 4653 4552)
4(4652 4753 4754 4653)
4(4753 4854 4855 4754)
4(4854 4955 4956 4855)
4(4955 5056 5057 4956)
4(28 129 130 29)
4(129 230 231 130)
4(230 331 332 231)
4(331 432 433 332)
4(432 533 534 433)
4(533 634 635 534)
4(634 735 736 635)
4(735 836 837 736)
4(836 937 938 837)
4(937 1038 1039 938)
4(1038 1139 1140 1039)
4(1139 1240 1241 1140)
4(1240 1341 1342 1241)
4(1341 1442 1443 1342)
4(1442 1543 1544 1443)
4(1543 1644 1645 1544)
4(1644 1745 1746 1645)
4(1745 1846 1847 1746)
4(1846 1947 1948 1847)
4(1947 2048 2049 1948)
4(2048 2149 2150 2049)
4(2149 2250 2251 2150)
6(2250 10562 2348 11431 2349 2251)
4(2348 10316 11588 11431)
5(2444 10587 10320 11326 10584)
5(2540 10601 10324 11327 10597)
5(2636 11438 10330 11589 10611)
6(2734 10629 2835 2836 2735 11442)
4(2835 2936 2937 2836)
4(2936 3037 3038 2937)
4(3037 3138 3139 3038)
4(3138 3239 3240 3139)
4(3239 3340 3341 3240)
4(3340 3441 3442 3341)
4(3441 3542 3543 3442)
4(3542 3643 3644 3543)
4(3643 3744 3745 3644)
4(3744 3845 3846 3745)
4(3845 3946 3947 3846)
4(3946 4047 4048 3947)
4(4047 4148 4149 4048)
4(4148 4249 4250 4149)
4(4249 4350 4351 4250)
4(4350 4451 4452 4351)
4(4451 4552 4553 4452)
4(4552 4653 4654 4553)
4(4653 4754 4755 4654)
4(4754 4855 4856 4755)
4(4855 4956 4957 4856)
4(4956 5057 5058 4957)
4(29 130 131 30)
4(130 231 232 131)
4(231 332 333 232)
4(332 433 434 333)
4(433 534 535 434)
4(534 635 636 535)
4(635 736 737 636)
4(736 837 838 737)
4(837 938 939 838)
4(938 1039 1040 939)
4(1039 1140 1141 1040)
4(1140 1241 1242 1141)
4(1241 1342 1343 1242)
4(1342 1443 1444 1343)
4(1443 1544 1545 1444)
4(1544 1645 1646 1545)
4(1645 1746 1747 1646)
4(1746 1847 1848 1747)
4(1847 1948 1949 1848)
4(1948 2049 2050 1949)
4(2049 2150 2151 2050)
4(2150 2251 2252 2151)
4(2251 2349 2350 2252)
5(2349 11432 2445 2446 2350)
5(2445 10588 2541 2542 2446)
5(2541 10602 2637 2638 2542)
5(2637 11439 2735 2736 2638)
4(2735 2836 2837 2736)
4(2836 2937 2938 2837)
4(2937 3038 3039 2938)
4(3038 3139 3140 3039)
4(3139 3240 3241 3140)
4(3240 3341 3342 3241)
4(3341 3442 3443 3342)
4(3442 3543 3544 3443)
4(3543 3644 3645 3544)
4(3644 3745 3746 3645)
4(3745 3846 3847 3746)
4(3846 3947 3948 3847)
4(3947 4048 4049 3948)
4(4048 4149 4150 4049)
4(4149 4250 4251 4150)
4(4250 4351 4352 4251)
4(4351 4452 4453 4352)
4(4452 4553 4554 4453)
4(4553 4654 4655 4554)
4(4654 4755 4756 4655)
4(4755 4856 4857 4756)
4(4856 4957 4958 4857)
4(4957 5058 5059 4958)
4(30 131 132 31)
4(131 232 233 132)
4(232 333 334 233)
4(333 434 435 334)
4(434 535 536 435)
4(535 636 637 536)
4(636 737 738 637)
4(737 838 839 738)
4(838 939 940 839)
4(939 1040 1041 940)
4(1040 1141 1142 1041)
4(1141 1242 1243 1142)
4(1242 1343 1344 1243)
4(1343 1444 1445 1344)
4(1444 1545 1546 1445)
4(1545 1646 1647 1546)
4(1646 1747 1748 1647)
4(1747 1848 1849 1748)
4(1848 1949 1950 1849)
4(1949 2050 2051 1950)
4(2050 2151 2152 2051)
4(2151 2252 2253 2152)
4(2252 2350 2351 2253)
4(2350 2446 2447 2351)
4(2446 2542 2543 2447)
4(2542 2638 2639 2543)
4(2638 2736 2737 2639)
4(2736 2837 2838 2737)
4(2837 2938 2939 2838)
4(2938 3039 3040 2939)
4(3039 3140 3141 3040)
4(3140 3241 3242 3141)
4(3241 3342 3343 3242)
4(3342 3443 3444 3343)
4(3443 3544 3545 3444)
4(3544 3645 3646 3545)
4(3645 3746 3747 3646)
4(3746 3847 3848 3747)
4(3847 3948 3949 3848)
4(3948 4049 4050 3949)
4(4049 4150 4151 4050)
4(4150 4251 4252 4151)
4(4251 4352 4353 4252)
4(4352 4453 4454 4353)
4(4453 4554 4555 4454)
4(4554 4655 4656 4555)
4(4655 4756 4757 4656)
4(4756 4857 4858 4757)
4(4857 4958 4959 4858)
4(4958 5059 5060 4959)
4(31 132 133 32)
4(132 233 234 133)
4(233 334 335 234)
4(334 435 436 335)
4(435 536 537 436)
4(536 637 638 537)
4(637 738 739 638)
4(738 839 840 739)
4(839 940 941 840)
4(940 1041 1042 941)
4(1041 1142 1143 1042)
4(1142 1243 1244 1143)
4(1243 1344 1345 1244)
4(1344 1445 1446 1345)
4(1445 1546 1547 1446)
4(1546 1647 1648 1547)
4(1647 1748 1749 1648)
4(1748 1849 1850 1749)
4(1849 1950 1951 1850)
4(1950 2051 2052 1951)
4(2051 2152 2153 2052)
4(2152 2253 2254 2153)
4(2253 2351 2352 2254)
4(2351 2447 2448 2352)
4(2447 2543 2544 2448)
4(2543 2639 2640 2544)
4(2639 2737 2738 2640)
4(2737 2838 2839 2738)
4(2838 2939 2940 2839)
4(2939 3040 3041 2940)
4(3040 3141 3142 3041)
4(3141 3242 3243 3142)
4(3242 3343 3344 3243)
4(3343 3444 3445 3344)
4(3444 3545 3546 3445)
4(3545 3646 3647 3546)
4(3646 3747 3748 3647)
4(3747 3848 3849 3748)
4(3848 3949 3950 3849)
4(3949 4050 4051 3950)
4(4050 4151 4152 4051)
4(4151 4252 4253 4152)
4(4252 4353 4354 4253)
4(4353 4454 4455 4354)
4(4454 4555 4556 4455)
4(4555 4656 4657 4556)
4(4656 4757 4758 4657)
4(4757 4858 4859 4758)
4(4858 4959 4960 4859)
4(4959 5060 5061 4960)
4(32 133 134 33)
4(133 234 235 134)
4(234 335 336 235)
4(335 436 437 336)
4(436 537 538 437)
4(537 638 639 538)
4(638 739 740 639)
4(739 840 841 740)
4(840 941 942 841)
4(941 1042 1043 942)
4(1042 1143 1144 1043)
4(1143 1244 1245 1144)
4(1244 1345 1346 1245)
4(1345 1446 1447 1346)
4(1446 1547 1548 1447)
4(1547 1648 1649 1548)
4(1648 1749 1750 1649)
4(1749 1850 1851 1750)
4(1850 1951 1952 1851)
4(1951 2052 2053 1952)
4(2052 2153 2154 2053)
4(2153 2254 2255 2154)
4(2254 2352 2353 2255)
4(2352 2448 2449 2353)
4(2448 2544 2545 2449)
4(2544 2640 2641 2545)
4(2640 2738 2739 2641)
4(2738 2839 2840 2739)
4(2839 2940 2941 2840)
4(2940 3041 3042 2941)
4(3041 3142 3143 3042)
4(3142 3243 3244 3143)
4(3243 3344 3345 3244)
4(3344 3445 3446 3345)
4(3445 3546 3547 3446)
4(3546 3647 3648 3547)
4(3647 3748 3749 3648)
4(3748 3849 3850 3749)
4(3849 3950 3951 3850)
4(3950 4051 4052 3951)
4(4051 4152 4153 4052)
4(4152 4253 4254 4153)
4(4253 4354 4355 4254)
4(4354 4455 4456 4355)
4(4455 4556 4557 4456)
4(4556 4657 4658 4557)
4(4657 4758 4759 4658)
4(4758 4859 4860 4759)
4(4859 4960 4961 4860)
4(4960 5061 5062 4961)
4(33 134 135 34)
4(134 235 236 135)
4(235 336 337 236)
4(336 437 438 337)
4(437 538 539 438)
4(538 639 640 539)
4(639 740 741 640)
4(740 841 842 741)
4(841 942 943 842)
4(942 1043 1044 943)
4(1043 1144 1145 1044)
4(1144 1245 1246 1145)
4(1245 1346 1347 1246)
4(1346 1447 1448 1347)
4(1447 1548 1549 1448)
4(1548 1649 1650 1549)
4(1649 1750 1751 1650)
4(1750 1851 1852 1751)
4(1851 1952 1953 1852)
4(1952 2053 2054 1953)
4(2053 2154 2155 2054)
4(2154 2255 2256 2155)
4(2255 2353 2354 2256)
4(2353 2449 2450 2354)
4(2449 2545 2546 2450)
4(2545 2641 2642 2546)
4(2641 2739 2740 2642)
4(2739 2840 2841 2740)
4(2840 2941 2942 2841)
4(2941 3042 3043 2942)
4(3042 3143 3144 3043)
4(3143 3244 3245 3144)
4(3244 3345 3346 3245)
4(3345 3446 3447 3346)
4(3446 3547 3548 3447)
4(3547 3648 3649 3548)
4(3648 3749 3750 3649)
4(3749 3850 3851 3750)
4(3850 3951 3952 3851)
4(3951 4052 4053 3952)
4(4052 4153 4154 4053)
4(4153 4254 4255 4154)
4(4254 4355 4356 4255)
4(4355 4456 4457 4356)
4(4456 4557 4558 4457)
4(4557 4658 4659 4558)
4(4658 4759 4760 4659)
4(4759 4860 4861 4760)
4(4860 4961 4962 4861)
4(4961 5062 5063 4962)
4(34 135 136 35)
4(135 236 237 136)
4(236 337 338 237)
4(337 438 439 338)
4(438 539 540 439)
4(539 640 641 540)
4(640 741 742 641)
4(741 842 843 742)
4(842 943 944 843)
4(943 1044 1045 944)
4(1044 1145 1146 1045)
4(1145 1246 1247 1146)
4(1246 1347 1348 1247)
4(1347 1448 1449 1348)
4(1448 1549 1550 1449)
4(1549 1650 1651 1550)
4(1650 1751 1752 1651)
4(1751 1852 1853 1752)
4(1852 1953 1954 1853)
4(1953 2054 2055 1954)
4(2054 2155 2156 2055)
4(2155 2256 2257 2156)
4(2256 2354 2355 2257)
4(2354 2450 2451 2355)
4(2450 2546 2547 2451)
4(2546 2642 2643 2547)
4(2642 2740 2741 2643)
4(2740 2841 2842 2741)
4(2841 2942 2943 2842)
4(2942 3043 3044 2943)
4(3043 3144 3145 3044)
4(3144 3245 3246 3145)
4(3245 3346 3347 3246)
4(3346 3447 3448 3347)
4(3447 3548 3549 3448)
4(3548 3649 3650 3549)
4(3649 3750 3751 3650)
4(3750 3851 3852 3751)
4(3851 3952 3953 3852)
4(3952 4053 4054 3953)
4(4053 4154 4155 4054)
4(4154 4255 4256 4155)
4(4255 4356 4357 4256)
4(4356 4457 4458 4357)
4(4457 4558 4559 4458)
4(4558 4659 4660 4559)
4(4659 4760 4761 4660)
4(4760 4861 4862 4761)
4(4861 4962 4963 4862)
4(4962 5063 5064 4963)
4(35 136 137 36)
4(136 237 238 137)
4(237 338 339 238)
4(338 439 440 339)
4(439 540 541 440)
4(540 641 642 541)
4(641 742 743 642)
4(742 843 844 743)
4(843 944 945 844)
4(944 1045 1046 945)
4(1045 1146 1147 1046)
4(1146 1247 1248 1147)
4(1247 1348 1349 1248)
4(1348 1449 1450 1349)
4(1449 1550 1551 1450)
4(1550 1651 1652 1551)
4(1651 1752 1753 1652)
4(1752 1853 1854 1753)
4(1853 1954 1955 1854)
4(1954 2055 2056 1955)
4(2055 2156 2157 2056)
4(2156 2257 2258 2157)
4(2257 2355 2356 2258)
4(2355 2451 2452 2356)
4(2451 2547 2548 2452)
4(2547 2643 2644 2548)
4(2643 2741 2742 2644)
4(2741 2842 2843 2742)
4(2842 2943 2944 2843)
4(2943 3044 3045 2944)
4(3044 3145 3146 3045)
4(3145 3246 3247 3146)
4(3246 3347 3348 3247)
4(3347 3448 3449 3348)
4(3448 3549 3550 3449)
4(3549 3650 3651 3550)
4(3650 3751 3752 3651)
4(3751 3852 3853 3752)
4(3852 3953 3954 3853)
4(3953 4054 4055 3954)
4(4054 4155 4156 4055)
4(4155 4256 4257 4156)
4(4256 4357 4358 4257)
4(4357 4458 4459 4358)
4(4458 4559 4560 4459)
4(4559 4660 4661 4560)
4(4660 4761 4762 4661)
4(4761 4862 4863 4762)
4(4862 4963 4964 4863)
4(4963 5064 5065 4964)
4(36 137 138 37)
4(137 238 239 138)
4(238 339 340 239)
4(339 440 441 340)
4(440 541 542 441)
4(541 642 643 542)
4(642 743 744 643)
4(743 844 845 744)
4(844 945 946 845)
4(945 1046 1047 946)
4(1046 1147 1148 1047)
4(1147 1248 1249 1148)
4(1248 1349 1350 1249)
4(1349 1450 1451 1350)
4(1450 1551 1552 1451)
4(1551 1652 1653 1552)
4(1652 1753 1754 1653)
4(1753 1854 1855 1754)
4(1854 1955 1956 1855)
4(1955 2056 2057 1956)
4(2056 2157 2158 2057)
4(2157 2258 2259 2158)
4(2258 2356 2357 2259)
4(2356 2452 2453 2357)
4(2452 2548 2549 2453)
4(2548 2644 2645 2549)
4(2644 2742 2743 2645)
4(2742 2843 2844 2743)
4(2843 2944 2945 2844)
4(2944 3045 3046 2945)
4(3045 3146 3147 3046)
4(3146 3247 3248 3147)
4(3247 3348 3349 3248)
4(3348 3449 3450 3349)
4(3449 3550 3551 3450)
4(3550 3651 3652 3551)
4(3651 3752 3753 3652)
4(3752 3853 3854 3753)
4(3853 3954 3955 3854)
4(3954 4055 4056 3955)
4(4055 4156 4157 4056)
4(4156 4257 4258 4157)
4(4257 4358 4359 4258)
4(4358 4459 4460 4359)
4(4459 4560 4561 4460)
4(4560 4661 4662 4561)
4(4661 4762 4763 4662)
4(4762 4863 4864 4763)
4(4863 4964 4965 4864)
4(4964 5065 5066 4965)
4(37 138 139 38)
4(138 239 240 139)
4(239 340 341 240)
4(340 441 442 341)
4(441 542 543 442)
4(542 643 644 543)
4(643 744 745 644)
4(744 845 846 745)
4(845 946 947 846)
4(946 1047 1048 947)
4(1047 1148 1149 1048)
4(1148 1249 1250 1149)
4(1249 1350 1351 1250)
4(1350 1451 1452 1351)
4(1451 1552 1553 1452)
4(1552 1653 1654 1553)
4(1653 1754 1755 1654)
4(1754 1855 1856 1755)
4(1855 1956 1957 1856)
4(1956 2057 2058 1957)
4(2057 2158 2159 2058)
4(2158 2259 2260 2159)
4(2259 2357 2358 2260)
4(2357 2453 2454 2358)
4(2453 2549 2550 2454)
4(2549 2645 2646 2550)
4(2645 2743 2744 2646)
4(2743 2844 2845 2744)
4(2844 2945 2946 2845)
4(2945 3046 3047 2946)
4(3046 3147 3148 3047)
4(3147 3248 3249 3148)
4(3248 3349 3350 3249)
4(3349 3450 3451 3350)
4(3450 3551 3552 3451)
4(3551 3652 3653 3552)
4(3652 3753 3754 3653)
4(3753 3854 3855 3754)
4(3854 3955 3956 3855)
4(3955 4056 4057 3956)
4(4056 4157 4158 4057)
4(4157 4258 4259 4158)
4(4258 4359 4360 4259)
4(4359 4460 4461 4360)
4(4460 4561 4562 4461)
4(4561 4662 4663 4562)
4(4662 4763 4764 4663)
4(4763 4864 4865 4764)
4(4864 4965 4966 4865)
4(4965 5066 5067 4966)
4(38 139 140 39)
4(139 240 241 140)
4(240 341 342 241)
4(341 442 443 342)
4(442 543 544 443)
4(543 644 645 544)
4(644 745 746 645)
4(745 846 847 746)
4(846 947 948 847)
4(947 1048 1049 948)
4(1048 1149 1150 1049)
4(1149 1250 1251 1150)
4(1250 1351 1352 1251)
4(1351 1452 1453 1352)
4(1452 1553 1554 1453)
4(1553 1654 1655 1554)
4(1654 1755 1756 1655)
4(1755 1856 1857 1756)
4(1856 1957 1958 1857)
4(1957 2058 2059 1958)
4(2058 2159 2160 2059)
4(2159 2260 2261 2160)
4(2260 2358 2359 2261)
4(2358 2454 2455 2359)
4(2454 2550 2551 2455)
4(2550 2646 2647 2551)
4(2646 2744 2745 2647)
4(2744 2845 2846 2745)
4(2845 2946 2947 2846)
4(2946 3047 3048 2947)
4(3047 3148 3149 3048)
4(3148 3249 3250 3149)
4(3249 3350 3351 3250)
4(3350 3451 3452 3351)
4(3451 3552 3553 3452)
4(3552 3653 3654 3553)
4(3653 3754 3755 3654)
4(3754 3855 3856 3755)
4(3855 3956 3957 3856)
4(3956 4057 4058 3957)
4(4057 4158 4159 4058)
4(4158 4259 4260 4159)
4(4259 4360 4361 4260)
4(4360 4461 4462 4361)
4(4461 4562 4563 4462)
4(4562 4663 4664 4563)
4(4663 4764 4765 4664)
4(4764 4865 4866 4765)
4(4865 4966 4967 4866)
4(4966 5067 5068 4967)
4(39 140 141 40)
4(140 241 242 141)
4(241 342 343 242)
4(342 443 444 343)
4(443 544 545 444)
4(544 645 646 545)
4(645 746 747 646)
4(746 847 848 747)
4(847 948 949 848)
4(948 1049 1050 949)
4(1049 1150 1151 1050)
4(1150 1251 1252 1151)
4(1251 1352 1353 1252)
4(1352 1453 1454 1353)
4(1453 1554 1555 1454)
4(1554 1655 1656 1555)
4(1655 1756 1757 1656)
4(1756 1857 1858 1757)
4(1857 1958 1959 1858)
4(1958 2059 2060 1959)
4(2059 2160 2161 2060)
4(2160 2261 2262 2161)
4(2261 2359 2360 2262)
4(2359 2455 2456 2360)
4(2455 2551 2552 2456)
4(2551 2647 2648 2552)
4(2647 2745 2746 2648)
4(2745 2846 2847 2746)
4(2846 2947 2948 2847)
4(2947 3048 3049 2948)
4(3048 3149 3150 3049)
4(3149 3250 3251 3150)
4(3250 3351 3352 3251)
4(3351 3452 3453 3352)
4(3452 3553 3554 3453)
4(3553 3654 3655 3554)
4(3654 3755 3756 3655)
4(3755 3856 3857 3756)
4(3856 3957 3958 3857)
4(3957 4058 4059 3958)
4(4058 4159 4160 4059)
4(4159 4260 4261 4160)
4(4260 4361 4362 4261)
4(4361 4462 4463 4362)
4(4462 4563 4564 4463)
4(4563 4664 4665 4564)
4(4664 4765 4766 4665)
4(4765 4866 4867 4766)
4(4866 4967 4968 4867)
4(4967 5068 5069 4968)
4(40 141 142 41)
4(141 242 243 142)
4(242 343 344 243)
4(343 444 445 344)
4(444 545 546 445)
4(545 646 647 546)
4(646 747 748 647)
4(747 848 849 748)
4(848 949 950 849)
4(949 1050 1051 950)
4(1050 1151 1152 1051)
4(1151 1252 1253 1152)
4(1252 1353 1354 1253)
4(1353 1454 1455 1354)
4(1454 1555 1556 1455)
4(1555 1656 1657 1556)
4(1656 1757 1758 1657)
4(1757 1858 1859 1758)
4(1858 1959 1960 1859)
4(1959 2060 2061 1960)
4(2060 2161 2162 2061)
4(2161 2262 2263 2162)
4(2262 2360 2361 2263)
4(2360 2456 2457 2361)
4(2456 2552 2553 2457)
4(2552 2648 2649 2553)
4(2648 2746 2747 2649)
4(2746 2847 2848 2747)
4(2847 2948 2949 2848)
4(2948 3049 3050 2949)
4(3049 3150 3151 3050)
4(3150 3251 3252 3151)
4(3251 3352 3353 3252)
4(3352 3453 3454 3353)
4(3453 3554 3555 3454)
4(3554 3655 3656 3555)
4(3655 3756 3757 3656)
4(3756 3857 3858 3757)
4(3857 3958 3959 3858)
4(3958 4059 4060 3959)
4(4059 4160 4161 4060)
4(4160 4261 4262 4161)
4(4261 4362 4363 4262)
4(4362 4463 4464 4363)
4(4463 4564 4565 4464)
4(4564 4665 4666 4565)
4(4665 4766 4767 4666)
4(4766 4867 4868 4767)
4(4867 4968 4969 4868)
4(4968 5069 5070 4969)
4(41 142 143 42)
4(142 243 244 143)
4(243 344 345 244)
4(344 445 446 345)
4(445 546 547 446)
4(546 647 648 547)
4(647 748 749 648)
4(748 849 850 749)
4(849 950 951 850)
4(950 1051 1052 951)
4(1051 1152 1153 1052)
4(1152 1253 1254 1153)
4(1253 1354 1355 1254)
4(1354 1455 1456 1355)
4(1455 1556 1557 1456)
4(1556 1657 1658 1557)
4(1657 1758 1759 1658)
4(1758 1859 1860 1759)
4(1859 1960 1961 1860)
4(1960 2061 2062 1961)
4(2061 2162 2163 2062)
4(2162 2263 2264 2163)
4(2263 2361 2362 2264)
4(2361 2457 2458 2362)
4(2457 2553 2554 2458)
4(2553 2649 2650 2554)
4(2649 2747 2748 2650)
4(2747 2848 2849 2748)
4(2848 2949 2950 2849)
4(2949 3050 3051 2950)
4(3050 3151 3152 3051)
4(3151 3252 3253 3152)
4(3252 3353 3354 3253)
4(3353 3454 3455 3354)
4(3454 3555 3556 3455)
4(3555 3656 3657 3556)
4(3656 3757 3758 3657)
4(3757 3858 3859 3758)
4(3858 3959 3960 3859)
4(3959 4060 4061 3960)
4(4060 4161 4162 4061)
4(4161 4262 4263 4162)
4(4262 4363 4364 4263)
4(4363 4464 4465 4364)
4(4464 4565 4566 4465)
4(4565 4666 4667 4566)
4(4666 4767 4768 4667)
4(4767 4868 4869 4768)
4(4868 4969 4970 4869)
4(4969 5070 5071 4970)
4(42 143 144 43)
4(143 244 245 144)
4(244 345 346 245)
4(345 446 447 346)
4(446 547 548 447)
4(547 648 649 548)
4(648 749 750 649)
4(749 850 851 750)
4(850 951 952 851)
4(951 1052 1053 952)
4(1052 1153 1154 1053)
4(1153 1254 1255 1154)
4(1254 1355 1356 1255)
4(1355 1456 1457 1356)
4(1456 1557 1558 1457)
4(1557 1658 1659 1558)
4(1658 1759 1760 1659)
4(1759 1860 1861 1760)
4(1860 1961 1962 1861)
4(1961 2062 2063 1962)
4(2062 2163 2164 2063)
4(2163 2264 2265 2164)
4(2264 2362 2363 2265)
4(2362 2458 2459 2363)
4(2458 2554 2555 2459)
4(2554 2650 2651 2555)
4(2650 2748 2749 2651)
4(2748 2849 2850 2749)
4(2849 2950 2951 2850)
4(2950 3051 3052 2951)
4(3051 3152 3153 3052)
4(3152 3253 3254 3153)
4(3253 3354 3355 3254)
4(3354 3455 3456 3355)
4(3455 3556 3557 3456)
4(3556 3657 3658 3557)
4(3657 3758 3759 3658)
4(3758 3859 3860 3759)
4(3859 3960 3961 3860)
4(3960 4061 4062 3961)
4(4061 4162 4163 4062)
4(4162 4263 4264 4163)
4(4263 4364 4365 4264)
4(4364 4465 4466 4365)
4(4465 4566 4567 4466)
4(4566 4667 4668 4567)
4(4667 4768 4769 4668)
4(4768 4869 4870 4769)
4(4869 4970 4971 4870)
4(4970 5071 5072 4971)
4(43 144 145 44)
4(144 245 246 145)
4(245 346 347 246)
4(346 447 448 347)
4(447 548 549 448)
4(548 649 650 549)
4(649 750 751 650)
4(750 851 852 751)
4(851 952 953 852)
4(952 1053 1054 953)
4(1053 1154 1155 1054)
4(1154 1255 1256 1155)
4(1255 1356 1357 1256)
4(1356 1457 1458 1357)
4(1457 1558 1559 1458)
4(1558 1659 1660 1559)
4(1659 1760 1761 1660)
4(1760 1861 1862 1761)
4(1861 1962 1963 1862)
4(1962 2063 2064 1963)
4(2063 2164 2165 2064)
4(2164 2265 2266 2165)
4(2265 2363 2364 2266)
4(2363 2459 2460 2364)
4(2459 2555 2556 2460)
4(2555 2651 2652 2556)
4(2651 2749 2750 2652)
4(2749 2850 2851 2750)
4(2850 2951 2952 2851)
4(2951 3052 3053 2952)
4(3052 3153 3154 3053)
4(3153 3254 3255 3154)
4(3254 3355 3356 3255)
4(3355 3456 3457 3356)
4(3456 3557 3558 3457)
4(3557 3658 3659 3558)
4(3658 3759 3760 3659)
4(3759 3860 3861 3760)
4(3860 3961 3962 3861)
4(3961 4062 4063 3962)
4(4062 4163 4164 4063)
4(4163 4264 4265 4164)
4(4264 4365 4366 4265)
4(4365 4466 4467 4366)
4(4466 4567 4568 4467)
4(4567 4668 4669 4568)
4(4668 4769 4770 4669)
4(4769 4870 4871 4770)
4(4870 4971 4972 4871)
4(4971 5072 5073 4972)
4(44 145 146 45)
4(145 246 247 146)
4(246 347 348 247)
4(347 448 449 348)
4(448 549 550 449)
4(549 650 651 550)
4(650 751 752 651)
4(751 852 853 752)
4(852 953 954 853)
4(953 1054 1055 954)
4(1054 1155 1156 1055)
4(1155 1256 1257 1156)
4(1256 1357 1358 1257)
4(1357 1458 1459 1358)
4(1458 1559 1560 1459)
4(1559 1660 1661 1560)
4(1660 1761 1762 1661)
4(1761 1862 1863 1762)
4(1862 1963 1964 1863)
4(1963 2064 2065 1964)
4(2064 2165 2166 2065)
4(2165 2266 2267 2166)
4(2266 2364 2365 2267)
4(2364 2460 2461 2365)
4(2460 2556 2557 2461)
4(2556 2652 2653 2557)
4(2652 2750 2751 2653)
4(2750 2851 2852 2751)
4(2851 2952 2953 2852)
4(2952 3053 3054 2953)
4(3053 3154 3155 3054)
4(3154 3255 3256 3155)
4(3255 3356 3357 3256)
4(3356 3457 3458 3357)
4(3457 3558 3559 3458)
4(3558 3659 3660 3559)
4(3659 3760 3761 3660)
4(3760 3861 3862 3761)
4(3861 3962 3963 3862)
4(3962 4063 4064 3963)
4(4063 4164 4165 4064)
4(4164 4265 4266 4165)
4(4265 4366 4367 4266)
4(4366 4467 4468 4367)
4(4467 4568 4569 4468)
4(4568 4669 4670 4569)
4(4669 4770 4771 4670)
4(4770 4871 4872 4771)
4(4871 4972 4973 4872)
4(4972 5073 5074 4973)
4(45 146 147 46)
4(146 247 248 147)
4(247 348 349 248)
4(348 449 450 349)
4(449 550 551 450)
4(550 651 652 551)
4(651 752 753 652)
4(752 853 854 753)
4(853 954 955 854)
4(954 1055 1056 955)
4(1055 1156 1157 1056)
4(1156 1257 1258 1157)
4(1257 1358 1359 1258)
4(1358 1459 1460 1359)
4(1459 1560 1561 1460)
4(1560 1661 1662 1561)
4(1661 1762 1763 1662)
4(1762 1863 1864 1763)
4(1863 1964 1965 1864)
4(1964 2065 2066 1965)
4(2065 2166 2167 2066)
4(2166 2267 2268 2167)
4(2267 2365 2366 2268)
4(2365 2461 2462 2366)
4(2461 2557 2558 2462)
4(2557 2653 2654 2558)
4(2653 2751 2752 2654)
4(2751 2852 2853 2752)
4(2852 2953 2954 2853)
4(2953 3054 3055 2954)
4(3054 3155 3156 3055)
4(3155 3256 3257 3156)
4(3256 3357 3358 3257)
4(3357 3458 3459 3358)
4(3458 3559 3560 3459)
4(3559 3660 3661 3560)
4(3660 3761 3762 3661)
4(3761 3862 3863 3762)
4(3862 3963 3964 3863)
4(3963 4064 4065 3964)
4(4064 4165 4166 4065)
4(4165 4266 4267 4166)
4(4266 4367 4368 4267)
4(4367 4468 4469 4368)
4(4468 4569 4570 4469)
4(4569 4670 4671 4570)
4(4670 4771 4772 4671)
4(4771 4872 4873 4772)
4(4872 4973 4974 4873)
4(4973 5074 5075 4974)
4(46 147 148 47)
4(147 248 249 148)
4(248 349 350 249)
4(349 450 451 350)
4(450 551 552 451)
4(551 652 653 552)
4(652 753 754 653)
4(753 854 855 754)
4(854 955 956 855)
4(955 1056 1057 956)
4(1056 1157 1158 1057)
4(1157 1258 1259 1158)
4(1258 1359 1360 1259)
4(1359 1460 1461 1360)
4(1460 1561 1562 1461)
4(1561 1662 1663 1562)
4(1662 1763 1764 1663)
4(1763 1864 1865 1764)
4(1864 1965 1966 1865)
4(1965 2066 2067 1966)
4(2066 2167 2168 2067)
4(2167 2268 2269 2168)
4(2268 2366 2367 2269)
4(2366 2462 2463 2367)
4(2462 2558 2559 2463)
4(2558 2654 2655 2559)
4(2654 2752 2753 2655)
4(2752 2853 2854 2753)
4(2853 2954 2955 2854)
4(2954 3055 3056 2955)
4(3055 3156 3157 3056)
4(3156 3257 3258 3157)
4(3257 3358 3359 3258)
4(3358 3459 3460 3359)
4(3459 3560 3561 3460)
4(3560 3661 3662 3561)
4(3661 3762 3763 3662)
4(3762 3863 3864 3763)
4(3863 3964 3965 3864)
4(3964 4065 4066 3965)
4(4065 4166 4167 4066)
4(4166 4267 4268 4167)
4(4267 4368 4369 4268)
4(4368 4469 4470 4369)
4(4469 4570 4571 4470)
4(4570 4671 4672 4571)
4(4671 4772 4773 4672)
4(4772 4873 4874 4773)
4(4873 4974 4975 4874)
4(4974 5075 5076 4975)
4(47 148 149 48)
4(148 249 250 149)
4(249 350 351 250)
4(350 451 452 351)
4(451 552 553 452)
4(552 653 654 553)
4(653 754 755 654)
4(754 855 856 755)
4(855 956 957 856)
4(956 1057 1058 957)
4(1057 1158 1159 1058)
4(1158 1259 1260 1159)
4(1259 1360 1361 1260)
4(1360 1461 1462 1361)
4(1461 1562 1563 1462)
4(1562 1663 1664 1563)
4(1663 1764 1765 1664)
4(1764 1865 1866 1765)
4(1865 1966 1967 1866)
4(1966 2067 2068 1967)
4(2067 2168 2169 2068)
4(2168 2269 2270 2169)
4(2269 2367 2368 2270)
4(2367 2463 2464 2368)
4(2463 2559 2560 2464)
4(2559 2655 2656 2560)
4(2655 2753 2754 2656)
4(2753 2854 2855 2754)
4(2854 2955 2956 2855)
4(2955 3056 3057 2956)
4(3056 3157 3158 3057)
4(3157 3258 3259 3158)
4(3258 3359 3360 3259)
4(3359 3460 3461 3360)
4(3460 3561 3562 3461)
4(3561 3662 3663 3562)
4(3662 3763 3764 3663)
4(3763 3864 3865 3764)
4(3864 3965 3966 3865)
4(3965 4066 4067 3966)
4(4066 4167 4168 4067)
4(4167 4268 4269 4168)
4(4268 4369 4370 4269)
4(4369 4470 4471 4370)
4(4470 4571 4572 4471)
4(4571 4672 4673 4572)
4(4672 4773 4774 4673)
4(4773 4874 4875 4774)
4(4874 4975 4976 4875)
4(4975 5076 5077 4976)
4(48 149 150 49)
4(149 250 251 150)
4(250 351 352 251)
4(351 452 453 352)
4(452 553 554 453)
4(553 654 655 554)
4(654 755 756 655)
4(755 856 857 756)
4(856 957 958 857)
4(957 1058 1059 958)
4(1058 1159 1160 1059)
4(1159 1260 1261 1160)
4(1260 1361 1362 1261)
4(1361 1462 1463 1362)
4(1462 1563 1564 1463)
4(1563 1664 1665 1564)
4(1664 1765 1766 1665)
4(1765 1866 1867 1766)
4(1866 1967 1968 1867)
4(1967 2068 2069 1968)
4(2068 2169 2170 2069)
4(2169 2270 2271 2170)
4(2270 2368 2369 2271)
4(2368 2464 2465 2369)
4(2464 2560 2561 2465)
4(2560 2656 2657 2561)
4(2656 2754 2755 2657)
4(2754 2855 2856 2755)
4(2855 2956 2957 2856)
4(2956 3057 3058 2957)
4(3057 3158 3159 3058)
4(3158 3259 3260 3159)
4(3259 3360 3361 3260)
4(3360 3461 3462 3361)
4(3461 3562 3563 3462)
4(3562 3663 3664 3563)
4(3663 3764 3765 3664)
4(3764 3865 3866 3765)
4(3865 3966 3967 3866)
4(3966 4067 4068 3967)
4(4067 4168 4169 4068)
4(4168 4269 4270 4169)
4(4269 4370 4371 4270)
4(4370 4471 4472 4371)
4(4471 4572 4573 4472)
4(4572 4673 4674 4573)
4(4673 4774 4775 4674)
4(4774 4875 4876 4775)
4(4875 4976 4977 4876)
4(4976 5077 5078 4977)
4(49 150 151 50)
4(150 251 252 151)
4(251 352 353 252)
4(352 453 454 353)
4(453 554 555 454)
4(554 655 656 555)
4(655 756 757 656)
4(756 857 858 757)
4(857 958 959 858)
4(958 1059 1060 959)
4(1059 1160 1161 1060)
4(1160 1261 1262 1161)
4(1261 1362 1363 1262)
4(1362 1463 1464 1363)
4(1463 1564 1565 1464)
4(1564 1665 1666 1565)
4(1665 1766 1767 1666)
4(1766 1867 1868 1767)
4(1867 1968 1969 1868)
4(1968 2069 2070 1969)
4(2069 2170 2171 2070)
4(2170 2271 2272 2171)
4(2271 2369 2370 2272)
4(2369 2465 2466 2370)
4(2465 2561 2562 2466)
4(2561 2657 2658 2562)
4(2657 2755 2756 2658)
4(2755 2856 2857 2756)
4(2856 2957 2958 2857)
4(2957 3058 3059 2958)
4(3058 3159 3160 3059)
4(3159 3260 3261 3160)
4(3260 3361 3362 3261)
4(3361 3462 3463 3362)
4(3462 3563 3564 3463)
4(3563 3664 3665 3564)
4(3664 3765 3766 3665)
4(3765 3866 3867 3766)
4(3866 3967 3968 3867)
4(3967 4068 4069 3968)
4(4068 4169 4170 4069)
4(4169 4270 4271 4170)
4(4270 4371 4372 4271)
4(4371 4472 4473 4372)
4(4472 4573 4574 4473)
4(4573 4674 4675 4574)
4(4674 4775 4776 4675)
4(4775 4876 4877 4776)
4(4876 4977 4978 4877)
4(4977 5078 5079 4978)
4(50 151 152 51)
4(151 252 253 152)
4(252 353 354 253)
4(353 454 455 354)
4(454 555 556 455)
4(555 656 657 556)
4(656 757 758 657)
4(757 858 859 758)
4(858 959 960 859)
4(959 1060 1061 960)
4(1060 1161 1162 1061)
4(1161 1262 1263 1162)
4(1262 1363 1364 1263)
4(1363 1464 1465 1364)
4(1464 1565 1566 1465)
4(1565 1666 1667 1566)
4(1666 1767 1768 1667)
4(1767 1868 1869 1768)
4(1868 1969 1970 1869)
4(1969 2070 2071 1970)
4(2070 2171 2172 2071)
4(2171 2272 2273 2172)
4(2272 2370 2371 2273)
4(2370 2466 2467 2371)
4(2466 2562 2563 2467)
4(2562 2658 2659 2563)
4(2658 2756 2757 2659)
4(2756 2857 2858 2757)
4(2857 2958 2959 2858)
4(2958 3059 3060 2959)
4(3059 3160 3161 3060)
4(3160 3261 3262 3161)
4(3261 3362 3363 3262)
4(3362 3463 3464 3363)
4(3463 3564 3565 3464)
4(3564 3665 3666 3565)
4(3665 3766 3767 3666)
4(3766 3867 3868 3767)
4(3867 3968 3969 3868)
4(3968 4069 4070 3969)
4(4069 4170 4171 4070)
4(4170 4271 4272 4171)
4(4271 4372 4373 4272)
4(4372 4473 4474 4373)
4(4473 4574 4575 4474)
4(4574 4675 4676 4575)
4(4675 4776 4777 4676)
4(4776 4877 4878 4777)
4(4877 4978 4979 4878)
4(4978 5079 5080 4979)
4(51 152 153 52)
4(152 253 254 153)
4(253 354 355 254)
4(354 455 456 355)
4(455 556 557 456)
4(556 657 658 557)
4(657 758 759 658)
4(758 859 860 759)
4(859 960 961 860)
4(960 1061 1062 961)
4(1061 1162 1163 1062)
4(1162 1263 1264 1163)
4(1263 1364 1365 1264)
4(1364 1465 1466 1365)
4(1465 1566 1567 1466)
4(1566 1667 1668 1567)
4(1667 1768 1769 1668)
4(1768 1869 1870 1769)
4(1869 1970 1971 1870)
4(1970 2071 2072 1971)
4(2071 2172 2173 2072)
4(2172 2273 2274 2173)
4(2273 2371 2372 2274)
4(2371 2467 2468 2372)
4(2467 2563 2564 2468)
4(2563 2659 2660 2564)
4(2659 2757 2758 2660)
4(2757 2858 2859 2758)
4(2858 2959 2960 2859)
4(2959 3060 3061 2960)
4(3060 3161 3162 3061)
4(3161 3262 3263 3162)
4(3262 3363 3364 3263)
4(3363 3464 3465 3364)
4(3464 3565 3566 3465)
4(3565 3666 3667 3566)
4(3666 3767 3768 3667)
4(3767 3868 3869 3768)
4(3868 3969 3970 3869)
4(3969 4070 4071 3970)
4(4070 4171 4172 4071)
4(4171 4272 4273 4172)
4(4272 4373 4374 4273)
4(4373 4474 4475 4374)
4(4474 4575 4576 4475)
4(4575 4676 4677 4576)
4(4676 4777 4778 4677)
4(4777 4878 4879 4778)
4(4878 4979 4980 4879)
4(4979 5080 5081 4980)
4(52 153 154 53)
4(153 254 255 154)
4(254 355 356 255)
4(355 456 457 356)
4(456 557 558 457)
4(557 658 659 558)
4(658 759 760 659)
4(759 860 861 760)
4(860 961 962 861)
4(961 1062 1063 962)
4(1062 1163 1164 1063)
4(1163 1264 1265 1164)
4(1264 1365 1366 1265)
4(1365 1466 1467 1366)
4(1466 1567 1568 1467)
4(1567 1668 1669 1568)
4(1668 1769 1770 1669)
4(1769 1870 1871 1770)
4(1870 1971 1972 1871)
4(1971 2072 2073 1972)
4(2072 2173 2174 2073)
4(2173 2274 2275 2174)
4(2274 2372 2373 2275)
4(2372 2468 2469 2373)
4(2468 2564 2565 2469)
4(2564 2660 2661 2565)
4(2660 2758 2759 2661)
4(2758 2859 2860 2759)
4(2859 2960 2961 2860)
4(2960 3061 3062 2961)
4(3061 3162 3163 3062)
4(3162 3263 3264 3163)
4(3263 3364 3365 3264)
4(3364 3465 3466 3365)
4(3465 3566 3567 3466)
4(3566 3667 3668 3567)
4(3667 3768 3769 3668)
4(3768 3869 3870 3769)
4(3869 3970 3971 3870)
4(3970 4071 4072 3971)
4(4071 4172 4173 4072)
4(4172 4273 4274 4173)
4(4273 4374 4375 4274)
4(4374 4475 4476 4375)
4(4475 4576 4577 4476)
4(4576 4677 4678 4577)
4(4677 4778 4779 4678)
4(4778 4879 4880 4779)
4(4879 4980 4981 4880)
4(4980 5081 5082 4981)
4(53 154 155 54)
4(154 255 256 155)
4(255 356 357 256)
4(356 457 458 357)
4(457 558 559 458)
4(558 659 660 559)
4(659 760 761 660)
4(760 861 862 761)
4(861 962 963 862)
4(962 1063 1064 963)
4(1063 1164 1165 1064)
4(1164 1265 1266 1165)
4(1265 1366 1367 1266)
4(1366 1467 1468 1367)
4(1467 1568 1569 1468)
4(1568 1669 1670 1569)
4(1669 1770 1771 1670)
4(1770 1871 1872 1771)
4(1871 1972 1973 1872)
4(1972 2073 2074 1973)
4(2073 2174 2175 2074)
4(2174 2275 2276 2175)
4(2275 2373 2374 2276)
4(2373 2469 2470 2374)
4(2469 2565 2566 2470)
4(2565 2661 2662 2566)
4(2661 2759 2760 2662)
4(2759 2860 2861 2760)
4(2860 2961 2962 2861)
4(2961 3062 3063 2962)
4(3062 3163 3164 3063)
4(3163 3264 3265 3164)
4(3264 3365 3366 3265)
4(3365 3466 3467 3366)
4(3466 3567 3568 3467)
4(3567 3668 3669 3568)
4(3668 3769 3770 3669)
4(3769 3870 3871 3770)
4(3870 3971 3972 3871)
4(3971 4072 4073 3972)
4(4072 4173 4174 4073)
4(4173 4274 4275 4174)
4(4274 4375 4376 4275)
4(4375 4476 4477 4376)
4(4476 4577 4578 4477)
4(4577 4678 4679 4578)
4(4678 4779 4780 4679)
4(4779 4880 4881 4780)
4(4880 4981 4982 4881)
4(4981 5082 5083 4982)
4(54 155 156 55)
4(155 256 257 156)
4(256 357 358 257)
4(357 458 459 358)
4(458 559 560 459)
4(559 660 661 560)
4(660 761 762 661)
4(761 862 863 762)
4(862 963 964 863)
4(963 1064 1065 964)
4(1064 1165 1166 1065)
4(1165 1266 1267 1166)
4(1266 1367 1368 1267)
4(1367 1468 1469 1368)
4(1468 1569 1570 1469)
4(1569 1670 1671 1570)
4(1670 1771 1772 1671)
4(1771 1872 1873 1772)
4(1872 1973 1974 1873)
4(1973 2074 2075 1974)
4(2074 2175 2176 2075)
4(2175 2276 2277 2176)
4(2276 2374 2375 2277)
4(2374 2470 2471 2375)
4(2470 2566 2567 2471)
4(2566 2662 2663 2567)
4(2662 2760 2761 2663)
4(2760 2861 2862 2761)
4(2861 2962 2963 2862)
4(2962 3063 3064 2963)
4(3063 3164 3165 3064)
4(3164 3265 3266 3165)
4(3265 3366 3367 3266)
4(3366 3467 3468 3367)
4(3467 3568 3569 3468)
4(3568 3669 3670 3569)
4(3669 3770 3771 3670)
4(3770 3871 3872 3771)
4(3871 3972 3973 3872)
4(3972 4073 4074 3973)
4(4073 4174 4175 4074)
4(4174 4275 4276 4175)
4(4275 4376 4377 4276)
4(4376 4477 4478 4377)
4(4477 4578 4579 4478)
4(4578 4679 4680 4579)
4(4679 4780 4781 4680)
4(4780 4881 4882 4781)
4(4881 4982 4983 4882)
4(4982 5083 5084 4983)
4(55 156 157 56)
4(156 257 258 157)
4(257 358 359 258)
4(358 459 460 359)
4(459 560 561 460)
4(560 661 662 561)
4(661 762 763 662)
4(762 863 864 763)
4(863 964 965 864)
4(964 1065 1066 965)
4(1065 1166 1167 1066)
4(1166 1267 1268 1167)
4(1267 1368 1369 1268)
4(1368 1469 1470 1369)
4(1469 1570 1571 1470)
4(1570 1671 1672 1571)
4(1671 1772 1773 1672)
4(1772 1873 1874 1773)
4(1873 1974 1975 1874)
4(1974 2075 2076 1975)
4(2075 2176 2177 2076)
4(2176 2277 2278 2177)
4(2277 2375 2376 2278)
4(2375 2471 2472 2376)
4(2471 2567 2568 2472)
4(2567 2663 2664 2568)
4(2663 2761 2762 2664)
4(2761 2862 2863 2762)
4(2862 2963 2964 2863)
4(2963 3064 3065 2964)
4(3064 3165 3166 3065)
4(3165 3266 3267 3166)
4(3266 3367 3368 3267)
4(3367 3468 3469 3368)
4(3468 3569 3570 3469)
4(3569 3670 3671 3570)
4(3670 3771 3772 3671)
4(3771 3872 3873 3772)
4(3872 3973 3974 3873)
4(3973 4074 4075 3974)
4(4074 4175 4176 4075)
4(4175 4276 4277 4176)
4(4276 4377 4378 4277)
4(4377 4478 4479 4378)
4(4478 4579 4580 4479)
4(4579 4680 4681 4580)
4(4680 4781 4782 4681)
4(4781 4882 4883 4782)
4(4882 4983 4984 4883)
4(4983 5084 5085 4984)
4(56 157 158 57)
4(157 258 259 158)
4(258 359 360 259)
4(359 460 461 360)
4(460 561 562 461)
4(561 662 663 562)
4(662 763 764 663)
4(763 864 865 764)
4(864 965 966 865)
4(965 1066 1067 966)
4(1066 1167 1168 1067)
4(1167 1268 1269 1168)
4(1268 1369 1370 1269)
4(1369 1470 1471 1370)
4(1470 1571 1572 1471)
4(1571 1672 1673 1572)
4(1672 1773 1774 1673)
4(1773 1874 1875 1774)
4(1874 1975 1976 1875)
4(1975 2076 2077 1976)
4(2076 2177 2178 2077)
4(2177 2278 2279 2178)
4(2278 2376 2377 2279)
4(2376 2472 2473 2377)
4(2472 2568 2569 2473)
4(2568 2664 2665 2569)
4(2664 2762 2763 2665)
4(2762 2863 2864 2763)
4(2863 2964 2965 2864)
4(2964 3065 3066 2965)
4(3065 3166 3167 3066)
4(3166 3267 3268 3167)
4(3267 3368 3369 3268)
4(3368 3469 3470 3369)
4(3469 3570 3571 3470)
4(3570 3671 3672 3571)
4(3671 3772 3773 3672)
4(3772 3873 3874 3773)
4(3873 3974 3975 3874)
4(3974 4075 4076 3975)
4(4075 4176 4177 4076)
4(4176 4277 4278 4177)
4(4277 4378 4379 4278)
4(4378 4479 4480 4379)
4(4479 4580 4581 4480)
4(4580 4681 4682 4581)
4(4681 4782 4783 4682)
4(4782 4883 4884 4783)
4(4883 4984 4985 4884)
4(4984 5085 5086 4985)
4(57 158 159 58)
4(158 259 260 159)
4(259 360 361 260)
4(360 461 462 361)
4(461 562 563 462)
4(562 663 664 563)
4(663 764 765 664)
4(764 865 866 765)
4(865 966 967 866)
4(966 1067 1068 967)
4(1067 1168 1169 1068)
4(1168 1269 1270 1169)
4(1269 1370 1371 1270)
4(1370 1471 1472 1371)
4(1471 1572 1573 1472)
4(1572 1673 1674 1573)
4(1673 1774 1775 1674)
4(1774 1875 1876 1775)
4(1875 1976 1977 1876)
4(1976 2077 2078 1977)
4(2077 2178 2179 2078)
4(2178 2279 2280 2179)
4(2279 2377 2378 2280)
4(2377 2473 2474 2378)
4(2473 2569 2570 2474)
4(2569 2665 2666 2570)
4(2665 2763 2764 2666)
4(2763 2864 2865 2764)
4(2864 2965 2966 2865)
4(2965 3066 3067 2966)
4(3066 3167 3168 3067)
4(3167 3268 3269 3168)
4(3268 3369 3370 3269)
4(3369 3470 3471 3370)
4(3470 3571 3572 3471)
4(3571 3672 3673 3572)
4(3672 3773 3774 3673)
4(3773 3874 3875 3774)
4(3874 3975 3976 3875)
4(3975 4076 4077 3976)
4(4076 4177 4178 4077)
4(4177 4278 4279 4178)
4(4278 4379 4380 4279)
4(4379 4480 4481 4380)
4(4480 4581 4582 4481)
4(4581 4682 4683 4582)
4(4682 4783 4784 4683)
4(4783 4884 4885 4784)
4(4884 4985 4986 4885)
4(4985 5086 5087 4986)
4(58 159 160 59)
4(159 260 261 160)
4(260 361 362 261)
4(361 462 463 362)
4(462 563 564 463)
4(563 664 665 564)
4(664 765 766 665)
4(765 866 867 766)
4(866 967 968 867)
4(967 1068 1069 968)
4(1068 1169 1170 1069)
4(1169 1270 1271 1170)
4(1270 1371 1372 1271)
4(1371 1472 1473 1372)
4(1472 1573 1574 1473)
4(1573 1674 1675 1574)
4(1674 1775 1776 1675)
4(1775 1876 1877 1776)
4(1876 1977 1978 1877)
4(1977 2078 2079 1978)
4(2078 2179 2180 2079)
4(2179 2280 2281 2180)
4(2280 2378 2379 2281)
4(2378 2474 2475 2379)
4(2474 2570 2571 2475)
4(2570 2666 2667 2571)
4(2666 2764 2765 2667)
4(2764 2865 2866 2765)
4(2865 2966 2967 2866)
4(2966 3067 3068 2967)
4(3067 3168 3169 3068)
4(3168 3269 3270 3169)
4(3269 3370 3371 3270)
4(3370 3471 3472 3371)
4(3471 3572 3573 3472)
4(3572 3673 3674 3573)
4(3673 3774 3775 3674)
4(3774 3875 3876 3775)
4(3875 3976 3977 3876)
4(3976 4077 4078 3977)
4(4077 4178 4179 4078)
4(4178 4279 4280 4179)
4(4279 4380 4381 4280)
4(4380 4481 4482 4381)
4(4481 4582 4583 4482)
4(4582 4683 4684 4583)
4(4683 4784 4785 4684)
4(4784 4885 4886 4785)
4(4885 4986 4987 4886)
4(4986 5087 5088 4987)
4(59 160 161 60)
4(160 261 262 161)
4(261 362 363 262)
4(362 463 464 363)
4(463 564 565 464)
4(564 665 666 565)
4(665 766 767 666)
4(766 867 868 767)
4(867 968 969 868)
4(968 1069 1070 969)
4(1069 1170 1171 1070)
4(1170 1271 1272 1171)
4(1271 1372 1373 1272)
4(1372 1473 1474 1373)
4(1473 1574 1575 1474)
4(1574 1675 1676 1575)
4(1675 1776 1777 1676)
4(1776 1877 1878 1777)
4(1877 1978 1979 1878)
4(1978 2079 2080 1979)
4(2079 2180 2181 2080)
4(2180 2281 2282 2181)
4(2281 2379 2380 2282)
4(2379 2475 2476 2380)
4(2475 2571 2572 2476)
4(2571 2667 2668 2572)
4(2667 2765 2766 2668)
4(2765 2866 2867 2766)
4(2866 2967 2968 2867)
4(2967 3068 3069 2968)
4(3068 3169 3170 3069)
4(3169 3270 3271 3170)
4(3270 3371 3372 3271)
4(3371 3472 3473 3372)
4(3472 3573 3574 3473)
4(3573 3674 3675 3574)
4(3674 3775 3776 3675)
4(3775 3876 3877 3776)
4(3876 3977 3978 3877)
4(3977 4078 4079 3978)
4(4078 4179 4180 4079)
4(4179 4280 4281 4180)
4(4280 4381 4382 4281)
4(4381 4482 4483 4382)
4(4482 4583 4584 4483)
4(4583 4684 4685 4584)
4(4684 4785 4786 4685)
4(4785 4886 4887 4786)
4(4886 4987 4988 4887)
4(4987 5088 5089 4988)
4(60 161 162 61)
4(161 262 263 162)
4(262 363 364 263)
4(363 464 465 364)
4(464 565 566 465)
4(565 666 667 566)
4(666 767 768 667)
4(767 868 869 768)
4(868 969 970 869)
4(969 1070 1071 970)
4(1070 1171 1172 1071)
4(1171 1272 1273 1172)
4(1272 1373 1374 1273)
4(1373 1474 1475 1374)
4(1474 1575 1576 1475)
4(1575 1676 1677 1576)
4(1676 1777 1778 1677)
4(1777 1878 1879 1778)
4(1878 1979 1980 1879)
4(1979 2080 2081 1980)
4(2080 2181 2182 2081)
4(2181 2282 2283 2182)
4(2282 2380 2381 2283)
4(2380 2476 2477 2381)
4(2476 2572 2573 2477)
4(2572 2668 2669 2573)
4(2668 2766 2767 2669)
4(2766 2867 2868 2767)
4(2867 2968 2969 2868)
4(2968 3069 3070 2969)
4(3069 3170 3171 3070)
4(3170 3271 3272 3171)
4(3271 3372 3373 3272)
4(3372 3473 3474 3373)
4(3473 3574 3575 3474)
4(3574 3675 3676 3575)
4(3675 3776 3777 3676)
4(3776 3877 3878 3777)
4(3877 3978 3979 3878)
4(3978 4079 4080 3979)
4(4079 4180 4181 4080)
4(4180 4281 4282 4181)
4(4281 4382 4383 4282)
4(4382 4483 4484 4383)
4(4483 4584 4585 4484)
4(4584 4685 4686 4585)
4(4685 4786 4787 4686)
4(4786 4887 4888 4787)
4(4887 4988 4989 4888)
4(4988 5089 5090 4989)
4(61 162 163 62)
4(162 263 264 163)
4(263 364 365 264)
4(364 465 466 365)
4(465 566 567 466)
4(566 667 668 567)
4(667 768 769 668)
4(768 869 870 769)
4(869 970 971 870)
4(970 1071 1072 971)
4(1071 1172 1173 1072)
4(1172 1273 1274 1173)
4(1273 1374 1375 1274)
4(1374 1475 1476 1375)
4(1475 1576 1577 1476)
4(1576 1677 1678 1577)
4(1677 1778 1779 1678)
4(1778 1879 1880 1779)
4(1879 1980 1981 1880)
4(1980 2081 2082 1981)
4(2081 2182 2183 2082)
4(2182 2283 2284 2183)
4(2283 2381 2382 2284)
4(2381 2477 2478 2382)
4(2477 2573 2574 2478)
4(2573 2669 2670 2574)
4(2669 2767 2768 2670)
4(2767 2868 2869 2768)
4(2868 2969 2970 2869)
4(2969 3070 3071 2970)
4(3070 3171 3172 3071)
4(3171 3272 3273 3172)
4(3272 3373 3374 3273)
4(3373 3474 3475 3374)
4(3474 3575 3576 3475)
4(3575 3676 3677 3576)
4(3676 3777 3778 3677)
4(3777 3878 3879 3778)
4(3878 3979 3980 3879)
4(3979 4080 4081 3980)
4(4080 4181 4182 4081)
4(4181 4282 4283 4182)
4(4282 4383 4384 4283)
4(4383 4484 4485 4384)
4(4484 4585 4586 4485)
4(4585 4686 4687 4586)
4(4686 4787 4788 4687)
4(4787 4888 4889 4788)
4(4888 4989 4990 4889)
4(4989 5090 5091 4990)
4(62 163 164 63)
4(163 264 265 164)
4(264 365 366 265)
4(365 466 467 366)
4(466 567 568 467)
4(567 668 669 568)
4(668 769 770 669)
4(769 870 871 770)
4(870 971 972 871)
4(971 1072 1073 972)
4(1072 1173 1174 1073)
4(1173 1274 1275 1174)
4(1274 1375 1376 1275)
4(1375 1476 1477 1376)
4(1476 1577 1578 1477)
4(1577 1678 1679 1578)
4(1678 1779 1780 1679)
4(1779 1880 1881 1780)
4(1880 1981 1982 1881)
4(1981 2082 2083 1982)
4(2082 2183 2184 2083)
4(2183 2284 2285 2184)
4(2284 2382 2383 2285)
4(2382 2478 2479 2383)
4(2478 2574 2575 2479)
4(2574 2670 2671 2575)
4(2670 2768 2769 2671)
4(2768 2869 2870 2769)
4(2869 2970 2971 2870)
4(2970 3071 3072 2971)
4(3071 3172 3173 3072)
4(3172 3273 3274 3173)
4(3273 3374 3375 3274)
4(3374 3475 3476 3375)
4(3475 3576 3577 3476)
4(3576 3677 3678 3577)
4(3677 3778 3779 3678)
4(3778 3879 3880 3779)
4(3879 3980 3981 3880)
4(3980 4081 4082 3981)
4(4081 4182 4183 4082)
4(4182 4283 4284 4183)
4(4283 4384 4385 4284)
4(4384 4485 4486 4385)
4(4485 4586 4587 4486)
4(4586 4687 4688 4587)
4(4687 4788 4789 4688)
4(4788 4889 4890 4789)
4(4889 4990 4991 4890)
4(4990 5091 5092 4991)
4(63 164 165 64)
4(164 265 266 165)
4(265 366 367 266)
4(366 467 468 367)
4(467 568 569 468)
4(568 669 670 569)
4(669 770 771 670)
4(770 871 872 771)
4(871 972 973 872)
4(972 1073 1074 973)
4(1073 1174 1175 1074)
4(1174 1275 1276 1175)
4(1275 1376 1377 1276)
4(1376 1477 1478 1377)
4(1477 1578 1579 1478)
4(1578 1679 1680 1579)
4(1679 1780 1781 1680)
4(1780 1881 1882 1781)
4(1881 1982 1983 1882)
4(1982 2083 2084 1983)
4(2083 2184 2185 2084)
4(2184 2285 2286 2185)
4(2285 2383 2384 2286)
4(2383 2479 2480 2384)
4(2479 2575 2576 2480)
4(2575 2671 2672 2576)
4(2671 2769 2770 2672)
4(2769 2870 2871 2770)
4(2870 2971 2972 2871)
4(2971 3072 3073 2972)
4(3072 3173 3174 3073)
4(3173 3274 3275 3174)
4(3274 3375 3376 3275)
4(3375 3476 3477 3376)
4(3476 3577 3578 3477)
4(3577 3678 3679 3578)
4(3678 3779 3780 3679)
4(3779 3880 3881 3780)
4(3880 3981 3982 3881)
4(3981 4082 4083 3982)
4(4082 4183 4184 4083)
4(4183 4284 4285 4184)
4(4284 4385 4386 4285)
4(4385 4486 4487 4386)
4(4486 4587 4588 4487)
4(4587 4688 4689 4588)
4(4688 4789 4790 4689)
4(4789 4890 4891 4790)
4(4890 4991 4992 4891)
4(4991 5092 5093 4992)
4(64 165 166 65)
4(165 266 267 166)
4(266 367 368 267)
4(367 468 469 368)
4(468 569 570 469)
4(569 670 671 570)
4(670 771 772 671)
4(771 872 873 772)
4(872 973 974 873)
4(973 1074 1075 974)
4(1074 1175 1176 1075)
4(1175 1276 1277 1176)
4(1276 1377 1378 1277)
4(1377 1478 1479 1378)
4(1478 1579 1580 1479)
4(1579 1680 1681 1580)
4(1680 1781 1782 1681)
4(1781 1882 1883 1782)
4(1882 1983 1984 1883)
4(1983 2084 2085 1984)
4(2084 2185 2186 2085)
4(2185 2286 2287 2186)
4(2286 2384 2385 2287)
4(2384 2480 2481 2385)
4(2480 2576 2577 2481)
4(2576 2672 2673 2577)
4(2672 2770 2771 2673)
4(2770 2871 2872 2771)
4(2871 2972 2973 2872)
4(2972 3073 3074 2973)
4(3073 3174 3175 3074)
4(3174 3275 3276 3175)
4(3275 3376 3377 3276)
4(3376 3477 3478 3377)
4(3477 3578 3579 3478)
4(3578 3679 3680 3579)
4(3679 3780 3781 3680)
4(3780 3881 3882 3781)
4(3881 3982 3983 3882)
4(3982 4083 4084 3983)
4(4083 4184 4185 4084)
4(4184 4285 4286 4185)
4(4285 4386 4387 4286)
4(4386 4487 4488 4387)
4(4487 4588 4589 4488)
4(4588 4689 4690 4589)
4(4689 4790 4791 4690)
4(4790 4891 4892 4791)
4(4891 4992 4993 4892)
4(4992 5093 5094 4993)
4(65 166 167 66)
4(166 267 268 167)
4(267 368 369 268)
4(368 469 470 369)
4(469 570 571 470)
4(570 671 672 571)
4(671 772 773 672)
4(772 873 874 773)
4(873 974 975 874)
4(974 1075 1076 975)
4(1075 1176 1177 1076)
4(1176 1277 1278 1177)
4(1277 1378 1379 1278)
4(1378 1479 1480 1379)
4(1479 1580 1581 1480)
4(1580 1681 1682 1581)
4(1681 1782 1783 1682)
4(1782 1883 1884 1783)
4(1883 1984 1985 1884)
4(1984 2085 2086 1985)
4(2085 2186 2187 2086)
4(2186 2287 2288 2187)
4(2287 2385 2386 2288)
4(2385 2481 2482 2386)
4(2481 2577 2578 2482)
4(2577 2673 2674 2578)
4(2673 2771 2772 2674)
4(2771 2872 2873 2772)
4(2872 2973 2974 2873)
4(2973 3074 3075 2974)
4(3074 3175 3176 3075)
4(3175 3276 3277 3176)
4(3276 3377 3378 3277)
4(3377 3478 3479 3378)
4(3478 3579 3580 3479)
4(3579 3680 3681 3580)
4(3680 3781 3782 3681)
4(3781 3882 3883 3782)
4(3882 3983 3984 3883)
4(3983 4084 4085 3984)
4(4084 4185 4186 4085)
4(4185 4286 4287 4186)
4(4286 4387 4388 4287)
4(4387 4488 4489 4388)
4(4488 4589 4590 4489)
4(4589 4690 4691 4590)
4(4690 4791 4792 4691)
4(4791 4892 4893 4792)
4(4892 4993 4994 4893)
4(4993 5094 5095 4994)
4(66 167 168 67)
4(167 268 269 168)
4(268 369 370 269)
4(369 470 471 370)
4(470 571 572 471)
4(571 672 673 572)
4(672 773 774 673)
4(773 874 875 774)
4(874 975 976 875)
4(975 1076 1077 976)
4(1076 1177 1178 1077)
4(1177 1278 1279 1178)
4(1278 1379 1380 1279)
4(1379 1480 1481 1380)
4(1480 1581 1582 1481)
4(1581 1682 1683 1582)
4(1682 1783 1784 1683)
4(1783 1884 1885 1784)
4(1884 1985 1986 1885)
4(1985 2086 2087 1986)
4(2086 2187 2188 2087)
4(2187 2288 2289 2188)
4(2288 2386 2387 2289)
4(2386 2482 2483 2387)
4(2482 2578 2579 2483)
4(2578 2674 2675 2579)
4(2674 2772 2773 2675)
4(2772 2873 2874 2773)
4(2873 2974 2975 2874)
4(2974 3075 3076 2975)
4(3075 3176 3177 3076)
4(3176 3277 3278 3177)
4(3277 3378 3379 3278)
4(3378 3479 3480 3379)
4(3479 3580 3581 3480)
4(3580 3681 3682 3581)
4(3681 3782 3783 3682)
4(3782 3883 3884 3783)
4(3883 3984 3985 3884)
4(3984 4085 4086 3985)
4(4085 4186 4187 4086)
4(4186 4287 4288 4187)
4(4287 4388 4389 4288)
4(4388 4489 4490 4389)
4(4489 4590 4591 4490)
4(4590 4691 4692 4591)
4(4691 4792 4793 4692)
4(4792 4893 4894 4793)
4(4893 4994 4995 4894)
4(4994 5095 5096 4995)
4(67 168 169 68)
4(168 269 270 169)
4(269 370 371 270)
4(370 471 472 371)
4(471 572 573 472)
4(572 673 674 573)
4(673 774 775 674)
4(774 875 876 775)
4(875 976 977 876)
4(976 1077 1078 977)
4(1077 1178 1179 1078)
4(1178 1279 1280 1179)
4(1279 1380 1381 1280)
4(1380 1481 1482 1381)
4(1481 1582 1583 1482)
4(1582 1683 1684 1583)
4(1683 1784 1785 1684)
4(1784 1885 1886 1785)
4(1885 1986 1987 1886)
4(1986 2087 2088 1987)
4(2087 2188 2189 2088)
4(2188 2289 2290 2189)
4(2289 2387 2388 2290)
4(2387 2483 2484 2388)
4(2483 2579 2580 2484)
4(2579 2675 2676 2580)
4(2675 2773 2774 2676)
4(2773 2874 2875 2774)
4(2874 2975 2976 2875)
4(2975 3076 3077 2976)
4(3076 3177 3178 3077)
4(3177 3278 3279 3178)
4(3278 3379 3380 3279)
4(3379 3480 3481 3380)
4(3480 3581 3582 3481)
4(3581 3682 3683 3582)
4(3682 3783 3784 3683)
4(3783 3884 3885 3784)
4(3884 3985 3986 3885)
4(3985 4086 4087 3986)
4(4086 4187 4188 4087)
4(4187 4288 4289 4188)
4(4288 4389 4390 4289)
4(4389 4490 4491 4390)
4(4490 4591 4592 4491)
4(4591 4692 4693 4592)
4(4692 4793 4794 4693)
4(4793 4894 4895 4794)
4(4894 4995 4996 4895)
4(4995 5096 5097 4996)
4(68 169 170 69)
4(169 270 271 170)
4(270 371 372 271)
4(371 472 473 372)
4(472 573 574 473)
4(573 674 675 574)
4(674 775 776 675)
4(775 876 877 776)
4(876 977 978 877)
4(977 1078 1079 978)
4(1078 1179 1180 1079)
4(1179 1280 1281 1180)
4(1280 1381 1382 1281)
4(1381 1482 1483 1382)
4(1482 1583 1584 1483)
4(1583 1684 1685 1584)
4(1684 1785 1786 1685)
4(1785 1886 1887 1786)
4(1886 1987 1988 1887)
4(1987 2088 2089 1988)
4(2088 2189 2190 2089)
4(2189 2290 2291 2190)
4(2290 2388 2389 2291)
4(2388 2484 2485 2389)
4(2484 2580 2581 2485)
4(2580 2676 2677 2581)
4(2676 2774 2775 2677)
4(2774 2875 2876 2775)
4(2875 2976 2977 2876)
4(2976 3077 3078 2977)
4(3077 3178 3179 3078)
4(3178 3279 3280 3179)
4(3279 3380 3381 3280)
4(3380 3481 3482 3381)
4(3481 3582 3583 3482)
4(3582 3683 3684 3583)
4(3683 3784 3785 3684)
4(3784 3885 3886 3785)
4(3885 3986 3987 3886)
4(3986 4087 4088 3987)
4(4087 4188 4189 4088)
4(4188 4289 4290 4189)
4(4289 4390 4391 4290)
4(4390 4491 4492 4391)
4(4491 4592 4593 4492)
4(4592 4693 4694 4593)
4(4693 4794 4795 4694)
4(4794 4895 4896 4795)
4(4895 4996 4997 4896)
4(4996 5097 5098 4997)
4(69 170 171 70)
4(170 271 272 171)
4(271 372 373 272)
4(372 473 474 373)
4(473 574 575 474)
4(574 675 676 575)
4(675 776 777 676)
4(776 877 878 777)
4(877 978 979 878)
4(978 1079 1080 979)
4(1079 1180 1181 1080)
4(1180 1281 1282 1181)
4(1281 1382 1383 1282)
4(1382 1483 1484 1383)
4(1483 1584 1585 1484)
4(1584 1685 1686 1585)
4(1685 1786 1787 1686)
4(1786 1887 1888 1787)
4(1887 1988 1989 1888)
4(1988 2089 2090 1989)
4(2089 2190 2191 2090)
4(2190 2291 2292 2191)
4(2291 2389 2390 2292)
4(2389 2485 2486 2390)
4(2485 2581 2582 2486)
4(2581 2677 2678 2582)
4(2677 2775 2776 2678)
4(2775 2876 2877 2776)
4(2876 2977 2978 2877)
4(2977 3078 3079 2978)
4(3078 3179 3180 3079)
4(3179 3280 3281 3180)
4(3280 3381 3382 3281)
4(3381 3482 3483 3382)
4(3482 3583 3584 3483)
4(3583 3684 3685 3584)
4(3684 3785 3786 3685)
4(3785 3886 3887 3786)
4(3886 3987 3988 3887)
4(3987 4088 4089 3988)
4(4088 4189 4190 4089)
4(4189 4290 4291 4190)
4(4290 4391 4392 4291)
4(4391 4492 4493 4392)
4(4492 4593 4594 4493)
4(4593 4694 4695 4594)
4(4694 4795 4796 4695)
4(4795 4896 4897 4796)
4(4896 4997 4998 4897)
4(4997 5098 5099 4998)
4(70 171 172 71)
4(171 272 273 172)
4(272 373 374 273)
4(373 474 475 374)
4(474 575 576 475)
4(575 676 677 576)
4(676 777 778 677)
4(777 878 879 778)
4(878 979 980 879)
4(979 1080 1081 980)
4(1080 1181 1182 1081)
4(1181 1282 1283 1182)
4(1282 1383 1384 1283)
4(1383 1484 1485 1384)
4(1484 1585 1586 1485)
4(1585 1686 1687 1586)
4(1686 1787 1788 1687)
4(1787 1888 1889 1788)
4(1888 1989 1990 1889)
4(1989 2090 2091 1990)
4(2090 2191 2192 2091)
4(2191 2292 2293 2192)
4(2292 2390 2391 2293)
4(2390 2486 2487 2391)
4(2486 2582 2583 2487)
4(2582 2678 2679 2583)
4(2678 2776 2777 2679)
4(2776 2877 2878 2777)
4(2877 2978 2979 2878)
4(2978 3079 3080 2979)
4(3079 3180 3181 3080)
4(3180 3281 3282 3181)
4(3281 3382 3383 3282)
4(3382 3483 3484 3383)
4(3483 3584 3585 3484)
4(3584 3685 3686 3585)
4(3685 3786 3787 3686)
4(3786 3887 3888 3787)
4(3887 3988 3989 3888)
4(3988 4089 4090 3989)
4(4089 4190 4191 4090)
4(4190 4291 4292 4191)
4(4291 4392 4393 4292)
4(4392 4493 4494 4393)
4(4493 4594 4595 4494)
4(4594 4695 4696 4595)
4(4695 4796 4797 4696)
4(4796 4897 4898 4797)
4(4897 4998 4999 4898)
4(4998 5099 5100 4999)
4(71 172 173 72)
4(172 273 274 173)
4(273 374 375 274)
4(374 475 476 375)
4(475 576 577 476)
4(576 677 678 577)
4(677 778 779 678)
4(778 879 880 779)
4(879 980 981 880)
4(980 1081 1082 981)
4(1081 1182 1183 1082)
4(1182 1283 1284 1183)
4(1283 1384 1385 1284)
4(1384 1485 1486 1385)
4(1485 1586 1587 1486)
4(1586 1687 1688 1587)
4(1687 1788 1789 1688)
4(1788 1889 1890 1789)
4(1889 1990 1991 1890)
4(1990 2091 2092 1991)
4(2091 2192 2193 2092)
4(2192 2293 2294 2193)
4(2293 2391 2392 2294)
4(2391 2487 2488 2392)
4(2487 2583 2584 2488)
4(2583 2679 2680 2584)
4(2679 2777 2778 2680)
4(2777 2878 2879 2778)
4(2878 2979 2980 2879)
4(2979 3080 3081 2980)
4(3080 3181 3182 3081)
4(3181 3282 3283 3182)
4(3282 3383 3384 3283)
4(3383 3484 3485 3384)
4(3484 3585 3586 3485)
4(3585 3686 3687 3586)
4(3686 3787 3788 3687)
4(3787 3888 3889 3788)
4(3888 3989 3990 3889)
4(3989 4090 4091 3990)
4(4090 4191 4192 4091)
4(4191 4292 4293 4192)
4(4292 4393 4394 4293)
4(4393 4494 4495 4394)
4(4494 4595 4596 4495)
4(4595 4696 4697 4596)
4(4696 4797 4798 4697)
4(4797 4898 4899 4798)
4(4898 4999 5000 4899)
4(4999 5100 5101 5000)
4(72 173 174 73)
4(173 274 275 174)
4(274 375 376 275)
4(375 476 477 376)
4(476 577 578 477)
4(577 678 679 578)
4(678 779 780 679)
4(779 880 881 780)
4(880 981 982 881)
4(981 1082 1083 982)
4(1082 1183 1184 1083)
4(1183 1284 1285 1184)
4(1284 1385 1386 1285)
4(1385 1486 1487 1386)
4(1486 1587 1588 1487)
4(1587 1688 1689 1588)
4(1688 1789 1790 1689)
4(1789 1890 1891 1790)
4(1890 1991 1992 1891)
4(1991 2092 2093 1992)
4(2092 2193 2194 2093)
4(2193 2294 2295 2194)
4(2294 2392 2393 2295)
4(2392 2488 2489 2393)
4(2488 2584 2585 2489)
4(2584 2680 2681 2585)
4(2680 2778 2779 2681)
4(2778 2879 2880 2779)
4(2879 2980 2981 2880)
4(2980 3081 3082 2981)
4(3081 3182 3183 3082)
4(3182 3283 3284 3183)
4(3283 3384 3385 3284)
4(3384 3485 3486 3385)
4(3485 3586 3587 3486)
4(3586 3687 3688 3587)
4(3687 3788 3789 3688)
4(3788 3889 3890 3789)
4(3889 3990 3991 3890)
4(3990 4091 4092 3991)
4(4091 4192 4193 4092)
4(4192 4293 4294 4193)
4(4293 4394 4395 4294)
4(4394 4495 4496 4395)
4(4495 4596 4597 4496)
4(4596 4697 4698 4597)
4(4697 4798 4799 4698)
4(4798 4899 4900 4799)
4(4899 5000 5001 4900)
4(5000 5101 5102 5001)
4(73 174 175 74)
4(174 275 276 175)
4(275 376 377 276)
4(376 477 478 377)
4(477 578 579 478)
4(578 679 680 579)
4(679 780 781 680)
4(780 881 882 781)
4(881 982 983 882)
4(982 1083 1084 983)
4(1083 1184 1185 1084)
4(1184 1285 1286 1185)
4(1285 1386 1387 1286)
4(1386 1487 1488 1387)
4(1487 1588 1589 1488)
4(1588 1689 1690 1589)
4(1689 1790 1791 1690)
4(1790 1891 1892 1791)
4(1891 1992 1993 1892)
4(1992 2093 2094 1993)
4(2093 2194 2195 2094)
4(2194 2295 2296 2195)
4(2295 2393 2394 2296)
4(2393 2489 2490 2394)
4(2489 2585 2586 2490)
4(2585 2681 2682 2586)
4(2681 2779 2780 2682)
4(2779 2880 2881 2780)
4(2880 2981 2982 2881)
4(2981 3082 3083 2982)
4(3082 3183 3184 3083)
4(3183 3284 3285 3184)
4(3284 3385 3386 3285)
4(3385 3486 3487 3386)
4(3486 3587 3588 3487)
4(3587 3688 3689 3588)
4(3688 3789 3790 3689)
4(3789 3890 3891 3790)
4(3890 3991 3992 3891)
4(3991 4092 4093 3992)
4(4092 4193 4194 4093)
4(4193 4294 4295 4194)
4(4294 4395 4396 4295)
4(4395 4496 4497 4396)
4(4496 4597 4598 4497)
4(4597 4698 4699 4598)
4(4698 4799 4800 4699)
4(4799 4900 4901 4800)
4(4900 5001 5002 4901)
4(5001 5102 5103 5002)
4(74 175 176 75)
4(175 276 277 176)
4(276 377 378 277)
4(377 478 479 378)
4(478 579 580 479)
4(579 680 681 580)
4(680 781 782 681)
4(781 882 883 782)
4(882 983 984 883)
4(983 1084 1085 984)
4(1084 1185 1186 1085)
4(1185 1286 1287 1186)
4(1286 1387 1388 1287)
4(1387 1488 1489 1388)
4(1488 1589 1590 1489)
4(1589 1690 1691 1590)
4(1690 1791 1792 1691)
4(1791 1892 1893 1792)
4(1892 1993 1994 1893)
4(1993 2094 2095 1994)
4(2094 2195 2196 2095)
4(2195 2296 2297 2196)
4(2296 2394 2395 2297)
4(2394 2490 2491 2395)
4(2490 2586 2587 2491)
4(2586 2682 2683 2587)
4(2682 2780 2781 2683)
4(2780 2881 2882 2781)
4(2881 2982 2983 2882)
4(2982 3083 3084 2983)
4(3083 3184 3185 3084)
4(3184 3285 3286 3185)
4(3285 3386 3387 3286)
4(3386 3487 3488 3387)
4(3487 3588 3589 3488)
4(3588 3689 3690 3589)
4(3689 3790 3791 3690)
4(3790 3891 3892 3791)
4(3891 3992 3993 3892)
4(3992 4093 4094 3993)
4(4093 4194 4195 4094)
4(4194 4295 4296 4195)
4(4295 4396 4397 4296)
4(4396 4497 4498 4397)
4(4497 4598 4599 4498)
4(4598 4699 4700 4599)
4(4699 4800 4801 4700)
4(4800 4901 4902 4801)
4(4901 5002 5003 4902)
4(5002 5103 5104 5003)
4(75 176 177 76)
4(176 277 278 177)
4(277 378 379 278)
4(378 479 480 379)
4(479 580 581 480)
4(580 681 682 581)
4(681 782 783 682)
4(782 883 884 783)
4(883 984 985 884)
4(984 1085 1086 985)
4(1085 1186 1187 1086)
4(1186 1287 1288 1187)
4(1287 1388 1389 1288)
4(1388 1489 1490 1389)
4(1489 1590 1591 1490)
4(1590 1691 1692 1591)
4(1691 1792 1793 1692)
4(1792 1893 1894 1793)
4(1893 1994 1995 1894)
4(1994 2095 2096 1995)
4(2095 2196 2197 2096)
4(2196 2297 2298 2197)
4(2297 2395 2396 2298)
4(2395 2491 2492 2396)
4(2491 2587 2588 2492)
4(2587 2683 2684 2588)
4(2683 2781 2782 2684)
4(2781 2882 2883 2782)
4(2882 2983 2984 2883)
4(2983 3084 3085 2984)
4(3084 3185 3186 3085)
4(3185 3286 3287 3186)
4(3286 3387 3388 3287)
4(3387 3488 3489 3388)
4(3488 3589 3590 3489)
4(3589 3690 3691 3590)
4(3690 3791 3792 3691)
4(3791 3892 3893 3792)
4(3892 3993 3994 3893)
4(3993 4094 4095 3994)
4(4094 4195 4196 4095)
4(4195 4296 4297 4196)
4(4296 4397 4398 4297)
4(4397 4498 4499 4398)
4(4498 4599 4600 4499)
4(4599 4700 4701 4600)
4(4700 4801 4802 4701)
4(4801 4902 4903 4802)
4(4902 5003 5004 4903)
4(5003 5104 5105 5004)
4(76 177 178 77)
4(177 278 279 178)
4(278 379 380 279)
4(379 480 481 380)
4(480 581 582 481)
4(581 682 683 582)
4(682 783 784 683)
4(783 884 885 784)
4(884 985 986 885)
4(985 1086 1087 986)
4(1086 1187 1188 1087)
4(1187 1288 1289 1188)
4(1288 1389 1390 1289)
4(1389 1490 1491 1390)
4(1490 1591 1592 1491)
4(1591 1692 1693 1592)
4(1692 1793 1794 1693)
4(1793 1894 1895 1794)
4(1894 1995 1996 1895)
4(1995 2096 2097 1996)
4(2096 2197 2198 2097)
4(2197 2298 2299 2198)
4(2298 2396 2397 2299)
4(2396 2492 2493 2397)
4(2492 2588 2589 2493)
4(2588 2684 2685 2589)
4(2684 2782 2783 2685)
4(2782 2883 2884 2783)
4(2883 2984 2985 2884)
4(2984 3085 3086 2985)
4(3085 3186 3187 3086)
4(3186 3287 3288 3187)
4(3287 3388 3389 3288)
4(3388 3489 3490 3389)
4(3489 3590 3591 3490)
4(3590 3691 3692 3591)
4(3691 3792 3793 3692)
4(3792 3893 3894 3793)
4(3893 3994 3995 3894)
4(3994 4095 4096 3995)
4(4095 4196 4197 4096)
4(4196 4297 4298 4197)
4(4297 4398 4399 4298)
4(4398 4499 4500 4399)
4(4499 4600 4601 4500)
4(4600 4701 4702 4601)
4(4701 4802 4803 4702)
4(4802 4903 4904 4803)
4(4903 5004 5005 4904)
4(5004 5105 5106 5005)
4(77 178 179 78)
4(178 279 280 179)
4(279 380 381 280)
4(380 481 482 381)
4(481 582 583 482)
4(582 683 684 583)
4(683 784 785 684)
4(784 885 886 785)
4(885 986 987 886)
4(986 1087 1088 987)
4(1087 1188 1189 1088)
4(1188 1289 1290 1189)
4(1289 1390 1391 1290)
4(1390 1491 1492 1391)
4(1491 1592 1593 1492)
4(1592 1693 1694 1593)
4(1693 1794 1795 1694)
4(1794 1895 1896 1795)
4(1895 1996 1997 1896)
4(1996 2097 2098 1997)
4(2097 2198 2199 2098)
4(2198 2299 2300 2199)
4(2299 2397 2398 2300)
4(2397 2493 2494 2398)
4(2493 2589 2590 2494)
4(2589 2685 2686 2590)
4(2685 2783 2784 2686)
4(2783 2884 2885 2784)
4(2884 2985 2986 2885)
4(2985 3086 3087 2986)
4(3086 3187 3188 3087)
4(3187 3288 3289 3188)
4(3288 3389 3390 3289)
4(3389 3490 3491 3390)
4(3490 3591 3592 3491)
4(3591 3692 3693 3592)
4(3692 3793 3794 3693)
4(3793 3894 3895 3794)
4(3894 3995 3996 3895)
4(3995 4096 4097 3996)
4(4096 4197 4198 4097)
4(4197 4298 4299 4198)
4(4298 4399 4400 4299)
4(4399 4500 4501 4400)
4(4500 4601 4602 4501)
4(4601 4702 4703 4602)
4(4702 4803 4804 4703)
4(4803 4904 4905 4804)
4(4904 5005 5006 4905)
4(5005 5106 5107 5006)
4(78 179 180 79)
4(179 280 281 180)
4(280 381 382 281)
4(381 482 483 382)
4(482 583 584 483)
4(583 684 685 584)
4(684 785 786 685)
4(785 886 887 786)
4(886 987 988 887)
4(987 1088 1089 988)
4(1088 1189 1190 1089)
4(1189 1290 1291 1190)
4(1290 1391 1392 1291)
4(1391 1492 1493 1392)
4(1492 1593 1594 1493)
4(1593 1694 1695 1594)
4(1694 1795 1796 1695)
4(1795 1896 1897 1796)
4(1896 1997 1998 1897)
4(1997 2098 2099 1998)
4(2098 2199 2200 2099)
4(2199 2300 2301 2200)
4(2300 2398 2399 2301)
4(2398 2494 2495 2399)
4(2494 2590 2591 2495)
4(2590 2686 2687 2591)
4(2686 2784 2785 2687)
4(2784 2885 2886 2785)
4(2885 2986 2987 2886)
4(2986 3087 3088 2987)
4(3087 3188 3189 3088)
4(3188 3289 3290 3189)
4(3289 3390 3391 3290)
4(3390 3491 3492 3391)
4(3491 3592 3593 3492)
4(3592 3693 3694 3593)
4(3693 3794 3795 3694)
4(3794 3895 3896 3795)
4(3895 3996 3997 3896)
4(3996 4097 4098 3997)
4(4097 4198 4199 4098)
4(4198 4299 4300 4199)
4(4299 4400 4401 4300)
4(4400 4501 4502 4401)
4(4501 4602 4603 4502)
4(4602 4703 4704 4603)
4(4703 4804 4805 4704)
4(4804 4905 4906 4805)
4(4905 5006 5007 4906)
4(5006 5107 5108 5007)
4(79 180 181 80)
4(180 281 282 181)
4(281 382 383 282)
4(382 483 484 383)
4(483 584 585 484)
4(584 685 686 585)
4(685 786 787 686)
4(786 887 888 787)
4(887 988 989 888)
4(988 1089 1090 989)
4(1089 1190 1191 1090)
4(1190 1291 1292 1191)
4(1291 1392 1393 1292)
4(1392 1493 1494 1393)
4(1493 1594 1595 1494)
4(1594 1695 1696 1595)
4(1695 1796 1797 1696)
4(1796 1897 1898 1797)
4(1897 1998 1999 1898)
4(1998 2099 2100 1999)
4(2099 2200 2201 2100)
4(2200 2301 2302 2201)
4(2301 2399 2400 2302)
4(2399 2495 2496 2400)
4(2495 2591 2592 2496)
4(2591 2687 2688 2592)
4(2687 2785 2786 2688)
4(2785 2886 2887 2786)
4(2886 2987 2988 2887)
4(2987 3088 3089 2988)
4(3088 3189 3190 3089)
4(3189 3290 3291 3190)
4(3290 3391 3392 3291)
4(3391 3492 3493 3392)
4(3492 3593 3594 3493)
4(3593 3694 3695 3594)
4(3694 3795 3796 3695)
4(3795 3896 3897 3796)
4(3896 3997 3998 3897)
4(3997 4098 4099 3998)
4(4098 4199 4200 4099)
4(4199 4300 4301 4200)
4(4300 4401 4402 4301)
4(4401 4502 4503 4402)
4(4502 4603 4604 4503)
4(4603 4704 4705 4604)
4(4704 4805 4806 4705)
4(4805 4906 4907 4806)
4(4906 5007 5008 4907)
4(5007 5108 5109 5008)
4(80 181 182 81)
4(181 282 283 182)
4(282 383 384 283)
4(383 484 485 384)
4(484 585 586 485)
4(585 686 687 586)
4(686 787 788 687)
4(787 888 889 788)
4(888 989 990 889)
4(989 1090 1091 990)
4(1090 1191 1192 1091)
4(1191 1292 1293 1192)
4(1292 1393 1394 1293)
4(1393 1494 1495 1394)
4(1494 1595 1596 1495)
4(1595 1696 1697 1596)
4(1696 1797 1798 1697)
4(1797 1898 1899 1798)
4(1898 1999 2000 1899)
4(1999 2100 2101 2000)
4(2100 2201 2202 2101)
4(2201 2302 2303 2202)
4(2302 2400 2401 2303)
4(2400 2496 2497 2401)
4(2496 2592 2593 2497)
4(2592 2688 2689 2593)
4(2688 2786 2787 2689)
4(2786 2887 2888 2787)
4(2887 2988 2989 2888)
4(2988 3089 3090 2989)
4(3089 3190 3191 3090)
4(3190 3291 3292 3191)
4(3291 3392 3393 3292)
4(3392 3493 3494 3393)
4(3493 3594 3595 3494)
4(3594 3695 3696 3595)
4(3695 3796 3797 3696)
4(3796 3897 3898 3797)
4(3897 3998 3999 3898)
4(3998 4099 4100 3999)
4(4099 4200 4201 4100)
4(4200 4301 4302 4201)
4(4301 4402 4403 4302)
4(4402 4503 4504 4403)
4(4503 4604 4605 4504)
4(4604 4705 4706 4605)
4(4705 4806 4807 4706)
4(4806 4907 4908 4807)
4(4907 5008 5009 4908)
4(5008 5109 5110 5009)
4(81 182 183 82)
4(182 283 284 183)
4(283 384 385 284)
4(384 485 486 385)
4(485 586 587 486)
4(586 687 688 587)
4(687 788 789 688)
4(788 889 890 789)
4(889 990 991 890)
4(990 1091 1092 991)
4(1091 1192 1193 1092)
4(1192 1293 1294 1193)
4(1293 1394 1395 1294)
4(1394 1495 1496 1395)
4(1495 1596 1597 1496)
4(1596 1697 1698 1597)
4(1697 1798 1799 1698)
4(1798 1899 1900 1799)
4(1899 2000 2001 1900)
4(2000 2101 2102 2001)
4(2101 2202 2203 2102)
4(2202 2303 2304 2203)
4(2303 2401 2402 2304)
4(2401 2497 2498 2402)
4(2497 2593 2594 2498)
4(2593 2689 2690 2594)
4(2689 2787 2788 2690)
4(2787 2888 2889 2788)
4(2888 2989 2990 2889)
4(2989 3090 3091 2990)
4(3090 3191 3192 3091)
4(3191 3292 3293 3192)
4(3292 3393 3394 3293)
4(3393 3494 3495 3394)
4(3494 3595 3596 3495)
4(3595 3696 3697 3596)
4(3696 3797 3798 3697)
4(3797 3898 3899 3798)
4(3898 3999 4000 3899)
4(3999 4100 4101 4000)
4(4100 4201 4202 4101)
4(4201 4302 4303 4202)
4(4302 4403 4404 4303)
4(4403 4504 4505 4404)
4(4504 4605 4606 4505)
4(4605 4706 4707 4606)
4(4706 4807 4808 4707)
4(4807 4908 4909 4808)
4(4908 5009 5010 4909)
4(5009 5110 5111 5010)
4(82 183 184 83)
4(183 284 285 184)
4(284 385 386 285)
4(385 486 487 386)
4(486 587 588 487)
4(587 688 689 588)
4(688 789 790 689)
4(789 890 891 790)
4(890 991 992 891)
4(991 1092 1093 992)
4(1092 1193 1194 1093)
4(1193 1294 1295 1194)
4(1294 1395 1396 1295)
4(1395 1496 1497 1396)
4(1496 1597 1598 1497)
4(1597 1698 1699 1598)
4(1698 1799 1800 1699)
4(1799 1900 1901 1800)
4(1900 2001 2002 1901)
4(2001 2102 2103 2002)
4(2102 2203 2204 2103)
4(2203 2304 2305 2204)
4(2304 2402 2403 2305)
4(2402 2498 2499 2403)
4(2498 2594 2595 2499)
4(2594 2690 2691 2595)
4(2690 2788 2789 2691)
4(2788 2889 2890 2789)
4(2889 2990 2991 2890)
4(2990 3091 3092 2991)
4(3091 3192 3193 3092)
4(3192 3293 3294 3193)
4(3293 3394 3395 3294)
4(3394 3495 3496 3395)
4(3495 3596 3597 3496)
4(3596 3697 3698 3597)
4(3697 3798 3799 3698)
4(3798 3899 3900 3799)
4(3899 4000 4001 3900)
4(4000 4101 4102 4001)
4(4101 4202 4203 4102)
4(4202 4303 4304 4203)
4(4303 4404 4405 4304)
4(4404 4505 4506 4405)
4(4505 4606 4607 4506)
4(4606 4707 4708 4607)
4(4707 4808 4809 4708)
4(4808 4909 4910 4809)
4(4909 5010 5011 4910)
4(5010 5111 5112 5011)
4(83 184 185 84)
4(184 285 286 185)
4(285 386 387 286)
4(386 487 488 387)
4(487 588 589 488)
4(588 689 690 589)
4(689 790 791 690)
4(790 891 892 791)
4(891 992 993 892)
4(992 1093 1094 993)
4(1093 1194 1195 1094)
4(1194 1295 1296 1195)
4(1295 1396 1397 1296)
4(1396 1497 1498 1397)
4(1497 1598 1599 1498)
4(1598 1699 1700 1599)
4(1699 1800 1801 1700)
4(1800 1901 1902 1801)
4(1901 2002 2003 1902)
4(2002 2103 2104 2003)
4(2103 2204 2205 2104)
4(2204 2305 2306 2205)
4(2305 2403 2404 2306)
4(2403 2499 2500 2404)
4(2499 2595 2596 2500)
4(2595 2691 2692 2596)
4(2691 2789 2790 2692)
4(2789 2890 2891 2790)
4(2890 2991 2992 2891)
4(2991 3092 3093 2992)
4(3092 3193 3194 3093)
4(3193 3294 3295 3194)
4(3294 3395 3396 3295)
4(3395 3496 3497 3396)
4(3496 3597 3598 3497)
4(3597 3698 3699 3598)
4(3698 3799 3800 3699)
4(3799 3900 3901 3800)
4(3900 4001 4002 3901)
4(4001 4102 4103 4002)
4(4102 4203 4204 4103)
4(4203 4304 4305 4204)
4(4304 4405 4406 4305)
4(4405 4506 4507 4406)
4(4506 4607 4608 4507)
4(4607 4708 4709 4608)
4(4708 4809 4810 4709)
4(4809 4910 4911 4810)
4(4910 5011 5012 4911)
4(5011 5112 5113 5012)
4(84 185 186 85)
4(185 286 287 186)
4(286 387 388 287)
4(387 488 489 388)
4(488 589 590 489)
4(589 690 691 590)
4(690 791 792 691)
4(791 892 893 792)
4(892 993 994 893)
4(993 1094 1095 994)
4(1094 1195 1196 1095)
4(1195 1296 1297 1196)
4(1296 1397 1398 1297)
4(1397 1498 1499 1398)
4(1498 1599 1600 1499)
4(1599 1700 1701 1600)
4(1700 1801 1802 1701)
4(1801 1902 1903 1802)
4(1902 2003 2004 1903)
4(2003 2104 2105 2004)
4(2104 2205 2206 2105)
4(2205 2306 2307 2206)
4(2306 2404 2405 2307)
4(2404 2500 2501 2405)
4(2500 2596 2597 2501)
4(2596 2692 2693 2597)
4(2692 2790 2791 2693)
4(2790 2891 2892 2791)
4(2891 2992 2993 2892)
4(2992 3093 3094 2993)
4(3093 3194 3195 3094)
4(3194 3295 3296 3195)
4(3295 3396 3397 3296)
4(3396 3497 3498 3397)
4(3497 3598 3599 3498)
4(3598 3699 3700 3599)
4(3699 3800 3801 3700)
4(3800 3901 3902 3801)
4(3901 4002 4003 3902)
4(4002 4103 4104 4003)
4(4103 4204 4205 4104)
4(4204 4305 4306 4205)
4(4305 4406 4407 4306)
4(4406 4507 4508 4407)
4(4507 4608 4609 4508)
4(4608 4709 4710 4609)
4(4709 4810 4811 4710)
4(4810 4911 4912 4811)
4(4911 5012 5013 4912)
4(5012 5113 5114 5013)
4(85 186 187 86)
4(186 287 288 187)
4(287 388 389 288)
4(388 489 490 389)
4(489 590 591 490)
4(590 691 692 591)
4(691 792 793 692)
4(792 893 894 793)
4(893 994 995 894)
4(994 1095 1096 995)
4(1095 1196 1197 1096)
4(1196 1297 1298 1197)
4(1297 1398 1399 1298)
4(1398 1499 1500 1399)
4(1499 1600 1601 1500)
4(1600 1701 1702 1601)
4(1701 1802 1803 1702)
4(1802 1903 1904 1803)
4(1903 2004 2005 1904)
4(2004 2105 2106 2005)
4(2105 2206 2207 2106)
4(2206 2307 2308 2207)
4(2307 2405 2406 2308)
4(2405 2501 2502 2406)
4(2501 2597 2598 2502)
4(2597 2693 2694 2598)
4(2693 2791 2792 2694)
4(2791 2892 2893 2792)
4(2892 2993 2994 2893)
4(2993 3094 3095 2994)
4(3094 3195 3196 3095)
4(3195 3296 3297 3196)
4(3296 3397 3398 3297)
4(3397 3498 3499 3398)
4(3498 3599 3600 3499)
4(3599 3700 3701 3600)
4(3700 3801 3802 3701)
4(3801 3902 3903 3802)
4(3902 4003 4004 3903)
4(4003 4104 4105 4004)
4(4104 4205 4206 4105)
4(4205 4306 4307 4206)
4(4306 4407 4408 4307)
4(4407 4508 4509 4408)
4(4508 4609 4610 4509)
4(4609 4710 4711 4610)
4(4710 4811 4812 4711)
4(4811 4912 4913 4812)
4(4912 5013 5014 4913)
4(5013 5114 5115 5014)
4(86 187 188 87)
4(187 288 289 188)
4(288 389 390 289)
4(389 490 491 390)
4(490 591 592 491)
4(591 692 693 592)
4(692 793 794 693)
4(793 894 895 794)
4(894 995 996 895)
4(995 1096 1097 996)
4(1096 1197 1198 1097)
4(1197 1298 1299 1198)
4(1298 1399 1400 1299)
4(1399 1500 1501 1400)
4(1500 1601 1602 1501)
4(1601 1702 1703 1602)
4(1702 1803 1804 1703)
4(1803 1904 1905 1804)
4(1904 2005 2006 1905)
4(2005 2106 2107 2006)
4(2106 2207 2208 2107)
4(2207 2308 2309 2208)
4(2308 2406 2407 2309)
4(2406 2502 2503 2407)
4(2502 2598 2599 2503)
4(2598 2694 2695 2599)
4(2694 2792 2793 2695)
4(2792 2893 2894 2793)
4(2893 2994 2995 2894)
4(2994 3095 3096 2995)
4(3095 3196 3197 3096)
4(3196 3297 3298 3197)
4(3297 3398 3399 3298)
4(3398 3499 3500 3399)
4(3499 3600 3601 3500)
4(3600 3701 3702 3601)
4(3701 3802 3803 3702)
4(3802 3903 3904 3803)
4(3903 4004 4005 3904)
4(4004 4105 4106 4005)
4(4105 4206 4207 4106)
4(4206 4307 4308 4207)
4(4307 4408 4409 4308)
4(4408 4509 4510 4409)
4(4509 4610 4611 4510)
4(4610 4711 4712 4611)
4(4711 4812 4813 4712)
4(4812 4913 4914 4813)
4(4913 5014 5015 4914)
4(5014 5115 5116 5015)
4(87 188 189 88)
4(188 289 290 189)
4(289 390 391 290)
4(390 491 492 391)
4(491 592 593 492)
4(592 693 694 593)
4(693 794 795 694)
4(794 895 896 795)
4(895 996 997 896)
4(996 1097 1098 997)
4(1097 1198 1199 1098)
4(1198 1299 1300 1199)
4(1299 1400 1401 1300)
4(1400 1501 1502 1401)
4(1501 1602 1603 1502)
4(1602 1703 1704 1603)
4(1703 1804 1805 1704)
4(1804 1905 1906 1805)
4(1905 2006 2007 1906)
4(2006 2107 2108 2007)
4(2107 2208 2209 2108)
4(2208 2309 2310 2209)
4(2309 2407 2408 2310)
4(2407 2503 2504 2408)
4(2503 2599 2600 2504)
4(2599 2695 2696 2600)
4(2695 2793 2794 2696)
4(2793 2894 2895 2794)
4(2894 2995 2996 2895)
4(2995 3096 3097 2996)
4(3096 3197 3198 3097)
4(3197 3298 3299 3198)
4(3298 3399 3400 3299)
4(3399 3500 3501 3400)
4(3500 3601 3602 3501)
4(3601 3702 3703 3602)
4(3702 3803 3804 3703)
4(3803 3904 3905 3804)
4(3904 4005 4006 3905)
4(4005 4106 4107 4006)
4(4106 4207 4208 4107)
4(4207 4308 4309 4208)
4(4308 4409 4410 4309)
4(4409 4510 4511 4410)
4(4510 4611 4612 4511)
4(4611 4712 4713 4612)
4(4712 4813 4814 4713)
4(4813 4914 4915 4814)
4(4914 5015 5016 4915)
4(5015 5116 5117 5016)
4(88 189 190 89)
4(189 290 291 190)
4(290 391 392 291)
4(391 492 493 392)
4(492 593 594 493)
4(593 694 695 594)
4(694 795 796 695)
4(795 896 897 796)
4(896 997 998 897)
4(997 1098 1099 998)
4(1098 1199 1200 1099)
4(1199 1300 1301 1200)
4(1300 1401 1402 1301)
4(1401 1502 1503 1402)
4(1502 1603 1604 1503)
4(1603 1704 1705 1604)
4(1704 1805 1806 1705)
4(1805 1906 1907 1806)
4(1906 2007 2008 1907)
4(2007 2108 2109 2008)
4(2108 2209 2210 2109)
4(2209 2310 2311 2210)
4(2310 2408 2409 2311)
4(2408 2504 2505 2409)
4(2504 2600 2601 2505)
4(2600 2696 2697 2601)
4(2696 2794 2795 2697)
4(2794 2895 2896 2795)
4(2895 2996 2997 2896)
4(2996 3097 3098 2997)
4(3097 3198 3199 3098)
4(3198 3299 3300 3199)
4(3299 3400 3401 3300)
4(3400 3501 3502 3401)
4(3501 3602 3603 3502)
4(3602 3703 3704 3603)
4(3703 3804 3805 3704)
4(3804 3905 3906 3805)
4(3905 4006 4007 3906)
4(4006 4107 4108 4007)
4(4107 4208 4209 4108)
4(4208 4309 4310 4209)
4(4309 4410 4411 4310)
4(4410 4511 4512 4411)
4(4511 4612 4613 4512)
4(4612 4713 4714 4613)
4(4713 4814 4815 4714)
4(4814 4915 4916 4815)
4(4915 5016 5017 4916)
4(5016 5117 5118 5017)
4(89 190 191 90)
4(190 291 292 191)
4(291 392 393 292)
4(392 493 494 393)
4(493 594 595 494)
4(594 695 696 595)
4(695 796 797 696)
4(796 897 898 797)
4(897 998 999 898)
4(998 1099 1100 999)
4(1099 1200 1201 1100)
4(1200 1301 1302 1201)
4(1301 1402 1403 1302)
4(1402 1503 1504 1403)
4(1503 1604 1605 1504)
4(1604 1705 1706 1605)
4(1705 1806 1807 1706)
4(1806 1907 1908 1807)
4(1907 2008 2009 1908)
4(2008 2109 2110 2009)
4(2109 2210 2211 2110)
4(2210 2311 2312 2211)
4(2311 2409 2410 2312)
4(2409 2505 2506 2410)
4(2505 2601 2602 2506)
4(2601 2697 2698 2602)
4(2697 2795 2796 2698)
4(2795 2896 2897 2796)
4(2896 2997 2998 2897)
4(2997 3098 3099 2998)
4(3098 3199 3200 3099)
4(3199 3300 3301 3200)
4(3300 3401 3402 3301)
4(3401 3502 3503 3402)
4(3502 3603 3604 3503)
4(3603 3704 3705 3604)
4(3704 3805 3806 3705)
4(3805 3906 3907 3806)
4(3906 4007 4008 3907)
4(4007 4108 4109 4008)
4(4108 4209 4210 4109)
4(4209 4310 4311 4210)
4(4310 4411 4412 4311)
4(4411 4512 4513 4412)
4(4512 4613 4614 4513)
4(4613 4714 4715 4614)
4(4714 4815 4816 4715)
4(4815 4916 4917 4816)
4(4916 5017 5018 4917)
4(5017 5118 5119 5018)
4(90 191 192 91)
4(191 292 293 192)
4(292 393 394 293)
4(393 494 495 394)
4(494 595 596 495)
4(595 696 697 596)
4(696 797 798 697)
4(797 898 899 798)
4(898 999 1000 899)
4(999 1100 1101 1000)
4(1100 1201 1202 1101)
4(1201 1302 1303 1202)
4(1302 1403 1404 1303)
4(1403 1504 1505 1404)
4(1504 1605 1606 1505)
4(1605 1706 1707 1606)
4(1706 1807 1808 1707)
4(1807 1908 1909 1808)
4(1908 2009 2010 1909)
4(2009 2110 2111 2010)
4(2110 2211 2212 2111)
4(2211 2312 2313 2212)
4(2312 2410 2411 2313)
4(2410 2506 2507 2411)
4(2506 2602 2603 2507)
4(2602 2698 2699 2603)
4(2698 2796 2797 2699)
4(2796 2897 2898 2797)
4(2897 2998 2999 2898)
4(2998 3099 3100 2999)
4(3099 3200 3201 3100)
4(3200 3301 3302 3201)
4(3301 3402 3403 3302)
4(3402 3503 3504 3403)
4(3503 3604 3605 3504)
4(3604 3705 3706 3605)
4(3705 3806 3807 3706)
4(3806 3907 3908 3807)
4(3907 4008 4009 3908)
4(4008 4109 4110 4009)
4(4109 4210 4211 4110)
4(4210 4311 4312 4211)
4(4311 4412 4413 4312)
4(4412 4513 4514 4413)
4(4513 4614 4615 4514)
4(4614 4715 4716 4615)
4(4715 4816 4817 4716)
4(4816 4917 4918 4817)
4(4917 5018 5019 4918)
4(5018 5119 5120 5019)
4(91 192 193 92)
4(192 293 294 193)
4(293 394 395 294)
4(394 495 496 395)
4(495 596 597 496)
4(596 697 698 597)
4(697 798 799 698)
4(798 899 900 799)
4(899 1000 1001 900)
4(1000 1101 1102 1001)
4(1101 1202 1203 1102)
4(1202 1303 1304 1203)
4(1303 1404 1405 1304)
4(1404 1505 1506 1405)
4(1505 1606 1607 1506)
4(1606 1707 1708 1607)
4(1707 1808 1809 1708)
4(1808 1909 1910 1809)
4(1909 2010 2011 1910)
4(2010 2111 2112 2011)
4(2111 2212 2213 2112)
4(2212 2313 2314 2213)
4(2313 2411 2412 2314)
4(2411 2507 2508 2412)
4(2507 2603 2604 2508)
4(2603 2699 2700 2604)
4(2699 2797 2798 2700)
4(2797 2898 2899 2798)
4(2898 2999 3000 2899)
4(2999 3100 3101 3000)
4(3100 3201 3202 3101)
4(3201 3302 3303 3202)
4(3302 3403 3404 3303)
4(3403 3504 3505 3404)
4(3504 3605 3606 3505)
4(3605 3706 3707 3606)
4(3706 3807 3808 3707)
4(3807 3908 3909 3808)
4(3908 4009 4010 3909)
4(4009 4110 4111 4010)
4(4110 4211 4212 4111)
4(4211 4312 4313 4212)
4(4312 4413 4414 4313)
4(4413 4514 4515 4414)
4(4514 4615 4616 4515)
4(4615 4716 4717 4616)
4(4716 4817 4818 4717)
4(4817 4918 4919 4818)
4(4918 5019 5020 4919)
4(5019 5120 5121 5020)
4(92 193 194 93)
4(193 294 295 194)
4(294 395 396 295)
4(395 496 497 396)
4(496 597 598 497)
4(597 698 699 598)
4(698 799 800 699)
4(799 900 901 800)
4(900 1001 1002 901)
4(1001 1102 1103 1002)
4(1102 1203 1204 1103)
4(1203 1304 1305 1204)
4(1304 1405 1406 1305)
4(1405 1506 1507 1406)
4(1506 1607 1608 1507)
4(1607 1708 1709 1608)
4(1708 1809 1810 1709)
4(1809 1910 1911 1810)
4(1910 2011 2012 1911)
4(2011 2112 2113 2012)
4(2112 2213 2214 2113)
4(2213 2314 2315 2214)
4(2314 2412 2413 2315)
4(2412 2508 2509 2413)
4(2508 2604 2605 2509)
4(2604 2700 2701 2605)
4(2700 2798 2799 2701)
4(2798 2899 2900 2799)
4(2899 3000 3001 2900)
4(3000 3101 3102 3001)
4(3101 3202 3203 3102)
4(3202 3303 3304 3203)
4(3303 3404 3405 3304)
4(3404 3505 3506 3405)
4(3505 3606 3607 3506)
4(3606 3707 3708 3607)
4(3707 3808 3809 3708)
4(3808 3909 3910 3809)
4(3909 4010 4011 3910)
4(4010 4111 4112 4011)
4(4111 4212 4213 4112)
4(4212 4313 4314 4213)
4(4313 4414 4415 4314)
4(4414 4515 4516 4415)
4(4515 4616 4617 4516)
4(4616 4717 4718 4617)
4(4717 4818 4819 4718)
4(4818 4919 4920 4819)
4(4919 5020 5021 4920)
4(5020 5121 5122 5021)
4(93 194 195 94)
4(194 295 296 195)
4(295 396 397 296)
4(396 497 498 397)
4(497 598 599 498)
4(598 699 700 599)
4(699 800 801 700)
4(800 901 902 801)
4(901 1002 1003 902)
4(1002 1103 1104 1003)
4(1103 1204 1205 1104)
4(1204 1305 1306 1205)
4(1305 1406 1407 1306)
4(1406 1507 1508 1407)
4(1507 1608 1609 1508)
4(1608 1709 1710 1609)
4(1709 1810 1811 1710)
4(1810 1911 1912 1811)
4(1911 2012 2013 1912)
4(2012 2113 2114 2013)
4(2113 2214 2215 2114)
4(2214 2315 2316 2215)
4(2315 2413 2414 2316)
4(2413 2509 2510 2414)
4(2509 2605 2606 2510)
4(2605 2701 2702 2606)
4(2701 2799 2800 2702)
4(2799 2900 2901 2800)
4(2900 3001 3002 2901)
4(3001 3102 3103 3002)
4(3102 3203 3204 3103)
4(3203 3304 3305 3204)
4(3304 3405 3406 3305)
4(3405 3506 3507 3406)
4(3506 3607 3608 3507)
4(3607 3708 3709 3608)
4(3708 3809 3810 3709)
4(3809 3910 3911 3810)
4(3910 4011 4012 3911)
4(4011 4112 4113 4012)
4(4112 4213 4214 4113)
4(4213 4314 4315 4214)
4(4314 4415 4416 4315)
4(4415 4516 4517 4416)
4(4516 4617 4618 4517)
4(4617 4718 4719 4618)
4(4718 4819 4820 4719)
4(4819 4920 4921 4820)
4(4920 5021 5022 4921)
4(5021 5122 5123 5022)
4(94 195 196 95)
4(195 296 297 196)
4(296 397 398 297)
4(397 498 499 398)
4(498 599 600 499)
4(599 700 701 600)
4(700 801 802 701)
4(801 902 903 802)
4(902 1003 1004 903)
4(1003 1104 1105 1004)
4(1104 1205 1206 1105)
4(1205 1306 1307 1206)
4(1306 1407 1408 1307)
4(1407 1508 1509 1408)
4(1508 1609 1610 1509)
4(1609 1710 1711 1610)
4(1710 1811 1812 1711)
4(1811 1912 1913 1812)
4(1912 2013 2014 1913)
4(2013 2114 2115 2014)
4(2114 2215 2216 2115)
4(2215 2316 2317 2216)
4(2316 2414 2415 2317)
4(2414 2510 2511 2415)
4(2510 2606 2607 2511)
4(2606 2702 2703 2607)
4(2702 2800 2801 2703)
4(2800 2901 2902 2801)
4(2901 3002 3003 2902)
4(3002 3103 3104 3003)
4(3103 3204 3205 3104)
4(3204 3305 3306 3205)
4(3305 3406 3407 3306)
4(3406 3507 3508 3407)
4(3507 3608 3609 3508)
4(3608 3709 3710 3609)
4(3709 3810 3811 3710)
4(3810 3911 3912 3811)
4(3911 4012 4013 3912)
4(4012 4113 4114 4013)
4(4113 4214 4215 4114)
4(4214 4315 4316 4215)
4(4315 4416 4417 4316)
4(4416 4517 4518 4417)
4(4517 4618 4619 4518)
4(4618 4719 4720 4619)
4(4719 4820 4821 4720)
4(4820 4921 4922 4821)
4(4921 5022 5023 4922)
4(5022 5123 5124 5023)
4(95 196 197 96)
4(196 297 298 197)
4(297 398 399 298)
4(398 499 500 399)
4(499 600 601 500)
4(600 701 702 601)
4(701 802 803 702)
4(802 903 904 803)
4(903 1004 1005 904)
4(1004 1105 1106 1005)
4(1105 1206 1207 1106)
4(1206 1307 1308 1207)
4(1307 1408 1409 1308)
4(1408 1509 1510 1409)
4(1509 1610 1611 1510)
4(1610 1711 1712 1611)
4(1711 1812 1813 1712)
4(1812 1913 1914 1813)
4(1913 2014 2015 1914)
4(2014 2115 2116 2015)
4(2115 2216 2217 2116)
4(2216 2317 2318 2217)
4(2317 2415 2416 2318)
4(2415 2511 2512 2416)
4(2511 2607 2608 2512)
4(2607 2703 2704 2608)
4(2703 2801 2802 2704)
4(2801 2902 2903 2802)
4(2902 3003 3004 2903)
4(3003 3104 3105 3004)
4(3104 3205 3206 3105)
4(3205 3306 3307 3206)
4(3306 3407 3408 3307)
4(3407 3508 3509 3408)
4(3508 3609 3610 3509)
4(3609 3710 3711 3610)
4(3710 3811 3812 3711)
4(3811 3912 3913 3812)
4(3912 4013 4014 3913)
4(4013 4114 4115 4014)
4(4114 4215 4216 4115)
4(4215 4316 4317 4216)
4(4316 4417 4418 4317)
4(4417 4518 4519 4418)
4(4518 4619 4620 4519)
4(4619 4720 4721 4620)
4(4720 4821 4822 4721)
4(4821 4922 4923 4822)
4(4922 5023 5024 4923)
4(5023 5124 5125 5024)
4(96 197 198 97)
4(197 298 299 198)
4(298 399 400 299)
4(399 500 501 400)
4(500 601 602 501)
4(601 702 703 602)
4(702 803 804 703)
4(803 904 905 804)
4(904 1005 1006 905)
4(1005 1106 1107 1006)
4(1106 1207 1208 1107)
4(1207 1308 1309 1208)
4(1308 1409 1410 1309)
4(1409 1510 1511 1410)
4(1510 1611 1612 1511)
4(1611 1712 1713 1612)
4(1712 1813 1814 1713)
4(1813 1914 1915 1814)
4(1914 2015 2016 1915)
4(2015 2116 2117 2016)
4(2116 2217 2218 2117)
4(2217 2318 2319 2218)
4(2318 2416 2417 2319)
4(2416 2512 2513 2417)
4(2512 2608 2609 2513)
4(2608 2704 2705 2609)
4(2704 2802 2803 2705)
4(2802 2903 2904 2803)
4(2903 3004 3005 2904)
4(3004 3105 3106 3005)
4(3105 3206 3207 3106)
4(3206 3307 3308 3207)
4(3307 3408 3409 3308)
4(3408 3509 3510 3409)
4(3509 3610 3611 3510)
4(3610 3711 3712 3611)
4(3711 3812 3813 3712)
4(3812 3913 3914 3813)
4(3913 4014 4015 3914)
4(4014 4115 4116 4015)
4(4115 4216 4217 4116)
4(4216 4317 4318 4217)
4(4317 4418 4419 4318)
4(4418 4519 4520 4419)
4(4519 4620 4621 4520)
4(4620 4721 4722 4621)
4(4721 4822 4823 4722)
4(4822 4923 4924 4823)
4(4923 5024 5025 4924)
4(5024 5125 5126 5025)
4(97 198 199 98)
4(198 299 300 199)
4(299 400 401 300)
4(400 501 502 401)
4(501 602 603 502)
4(602 703 704 603)
4(703 804 805 704)
4(804 905 906 805)
4(905 1006 1007 906)
4(1006 1107 1108 1007)
4(1107 1208 1209 1108)
4(1208 1309 1310 1209)
4(1309 1410 1411 1310)
4(1410 1511 1512 1411)
4(1511 1612 1613 1512)
4(1612 1713 1714 1613)
4(1713 1814 1815 1714)
4(1814 1915 1916 1815)
4(1915 2016 2017 1916)
4(2016 2117 2118 2017)
4(2117 2218 2219 2118)
4(2218 2319 2320 2219)
4(2319 2417 2418 2320)
4(2417 2513 2514 2418)
4(2513 2609 2610 2514)
4(2609 2705 2706 2610)
4(2705 2803 2804 2706)
4(2803 2904 2905 2804)
4(2904 3005 3006 2905)
4(3005 3106 3107 3006)
4(3106 3207 3208 3107)
4(3207 3308 3309 3208)
4(3308 3409 3410 3309)
4(3409 3510 3511 3410)
4(3510 3611 3612 3511)
4(3611 3712 3713 3612)
4(3712 3813 3814 3713)
4(3813 3914 3915 3814)
4(3914 4015 4016 3915)
4(4015 4116 4117 4016)
4(4116 4217 4218 4117)
4(4217 4318 4319 4218)
4(4318 4419 4420 4319)
4(4419 4520 4521 4420)
4(4520 4621 4622 4521)
4(4621 4722 4723 4622)
4(4722 4823 4824 4723)
4(4823 4924 4925 4824)
4(4924 5025 5026 4925)
4(5025 5126 5127 5026)
4(98 199 200 99)
4(199 300 301 200)
4(300 401 402 301)
4(401 502 503 402)
4(502 603 604 503)
4(603 704 705 604)
4(704 805 806 705)
4(805 906 907 806)
4(906 1007 1008 907)
4(1007 1108 1109 1008)
4(1108 1209 1210 1109)
4(1209 1310 1311 1210)
4(1310 1411 1412 1311)
4(1411 1512 1513 1412)
4(1512 1613 1614 1513)
4(1613 1714 1715 1614)
4(1714 1815 1816 1715)
4(1815 1916 1917 1816)
4(1916 2017 2018 1917)
4(2017 2118 2119 2018)
4(2118 2219 2220 2119)
4(2219 2320 2321 2220)
4(2320 2418 2419 2321)
4(2418 2514 2515 2419)
4(2514 2610 2611 2515)
4(2610 2706 2707 2611)
4(2706 2804 2805 2707)
4(2804 2905 2906 2805)
4(2905 3006 3007 2906)
4(3006 3107 3108 3007)
4(3107 3208 3209 3108)
4(3208 3309 3310 3209)
4(3309 3410 3411 3310)
4(3410 3511 3512 3411)
4(3511 3612 3613 3512)
4(3612 3713 3714 3613)
4(3713 3814 3815 3714)
4(3814 3915 3916 3815)
4(3915 4016 4017 3916)
4(4016 4117 4118 4017)
4(4117 4218 4219 4118)
4(4218 4319 4320 4219)
4(4319 4420 4421 4320)
4(4420 4521 4522 4421)
4(4521 4622 4623 4522)
4(4622 4723 4724 4623)
4(4723 4824 4825 4724)
4(4824 4925 4926 4825)
4(4925 5026 5027 4926)
4(5026 5127 5128 5027)
4(99 200 201 100)
4(200 301 302 201)
4(301 402 403 302)
4(402 503 504 403)
4(503 604 605 504)
4(604 705 706 605)
4(705 806 807 706)
4(806 907 908 807)
4(907 1008 1009 908)
4(1008 1109 1110 1009)
4(1109 1210 1211 1110)
4(1210 1311 1312 1211)
4(1311 1412 1413 1312)
4(1412 1513 1514 1413)
4(1513 1614 1615 1514)
4(1614 1715 1716 1615)
4(1715 1816 1817 1716)
4(1816 1917 1918 1817)
4(1917 2018 2019 1918)
4(2018 2119 2120 2019)
4(2119 2220 2221 2120)
4(2220 2321 2322 2221)
4(2321 2419 2420 2322)
4(2419 2515 2516 2420)
4(2515 2611 2612 2516)
4(2611 2707 2708 2612)
4(2707 2805 2806 2708)
4(2805 2906 2907 2806)
4(2906 3007 3008 2907)
4(3007 3108 3109 3008)
4(3108 3209 3210 3109)
4(3209 3310 3311 3210)
4(3310 3411 3412 3311)
4(3411 3512 3513 3412)
4(3512 3613 3614 3513)
4(3613 3714 3715 3614)
4(3714 3815 3816 3715)
4(3815 3916 3917 3816)
4(3916 4017 4018 3917)
4(4017 4118 4119 4018)
4(4118 4219 4220 4119)
4(4219 4320 4321 4220)
4(4320 4421 4422 4321)
4(4421 4522 4523 4422)
4(4522 4623 4624 4523)
4(4623 4724 4725 4624)
4(4724 4825 4826 4725)
4(4825 4926 4927 4826)
4(4926 5027 5028 4927)
4(5027 5128 5129 5028)
4(5130 5131 5232 5231)
4(5231 5232 5333 5332)
4(5332 5333 5434 5433)
4(5433 5434 5535 5534)
4(5534 5535 5636 5635)
4(5635 5636 5737 5736)
4(5736 5737 5838 5837)
4(5837 5838 5939 5938)
4(5938 5939 6040 6039)
4(6039 6040 6141 6140)
4(6140 6141 6242 6241)
4(6241 6242 6343 6342)
4(6342 6343 6444 6443)
4(6443 6444 6545 6544)
4(6544 6545 6646 6645)
4(6645 6646 6747 6746)
4(6746 6747 6848 6847)
4(6847 6848 6949 6948)
4(6948 6949 7050 7049)
4(7049 7050 7151 7150)
4(7150 7151 7252 7251)
4(7251 7252 7353 7352)
4(7352 7353 7454 7453)
4(7453 7454 7552 7551)
4(7551 7552 7648 7647)
4(7647 7648 7744 7743)
4(7743 7744 7840 7839)
4(7839 7840 7938 7937)
4(7937 7938 8039 8038)
4(8038 8039 8140 8139)
4(8139 8140 8241 8240)
4(8240 8241 8342 8341)
4(8341 8342 8443 8442)
4(8442 8443 8544 8543)
4(8543 8544 8645 8644)
4(8644 8645 8746 8745)
4(8745 8746 8847 8846)
4(8846 8847 8948 8947)
4(8947 8948 9049 9048)
4(9048 9049 9150 9149)
4(9149 9150 9251 9250)
4(9250 9251 9352 9351)
4(9351 9352 9453 9452)
4(9452 9453 9554 9553)
4(9553 9554 9655 9654)
4(9654 9655 9756 9755)
4(9755 9756 9857 9856)
4(9856 9857 9958 9957)
4(9957 9958 10059 10058)
4(10058 10059 10160 10159)
4(5131 5132 5233 5232)
4(5232 5233 5334 5333)
4(5333 5334 5435 5434)
4(5434 5435 5536 5535)
4(5535 5536 5637 5636)
4(5636 5637 5738 5737)
4(5737 5738 5839 5838)
4(5838 5839 5940 5939)
4(5939 5940 6041 6040)
4(6040 6041 6142 6141)
4(6141 6142 6243 6242)
4(6242 6243 6344 6343)
4(6343 6344 6445 6444)
4(6444 6445 6546 6545)
4(6545 6546 6647 6646)
4(6646 6647 6748 6747)
4(6747 6748 6849 6848)
4(6848 6849 6950 6949)
4(6949 6950 7051 7050)
4(7050 7051 7152 7151)
4(7151 7152 7253 7252)
4(7252 7253 7354 7353)
4(7353 7354 7455 7454)
4(7454 7455 7553 7552)
4(7552 7553 7649 7648)
4(7648 7649 7745 7744)
4(7744 7745 7841 7840)
4(7840 7841 7939 7938)
4(7938 7939 8040 8039)
4(8039 8040 8141 8140)
4(8140 8141 8242 8241)
4(8241 8242 8343 8342)
4(8342 8343 8444 8443)
4(8443 8444 8545 8544)
4(8544 8545 8646 8645)
4(8645 8646 8747 8746)
4(8746 8747 8848 8847)
4(8847 8848 8949 8948)
4(8948 8949 9050 9049)
4(9049 9050 9151 9150)
4(9150 9151 9252 9251)
4(9251 9252 9353 9352)
4(9352 9353 9454 9453)
4(9453 9454 9555 9554)
4(9554 9555 9656 9655)
4(9655 9656 9757 9756)
4(9756 9757 9858 9857)
4(9857 9858 9959 9958)
4(9958 9959 10060 10059)
4(10059 10060 10161 10160)
4(5132 5133 5234 5233)
4(5233 5234 5335 5334)
4(5334 5335 5436 5435)
4(5435 5436 5537 5536)
4(5536 5537 5638 5637)
4(5637 5638 5739 5738)
4(5738 5739 5840 5839)
4(5839 5840 5941 5940)
4(5940 5941 6042 6041)
4(6041 6042 6143 6142)
4(6142 6143 6244 6243)
4(6243 6244 6345 6344)
4(6344 6345 6446 6445)
4(6445 6446 6547 6546)
4(6546 6547 6648 6647)
4(6647 6648 6749 6748)
4(6748 6749 6850 6849)
4(6849 6850 6951 6950)
4(6950 6951 7052 7051)
4(7051 7052 7153 7152)
4(7152 7153 7254 7253)
4(7253 7254 7355 7354)
4(7354 7355 7456 7455)
4(7455 7456 7554 7553)
4(7553 7554 7650 7649)
4(7649 7650 7746 7745)
4(7745 7746 7842 7841)
4(7841 7842 7940 7939)
4(7939 7940 8041 8040)
4(8040 8041 8142 8141)
4(8141 8142 8243 8242)
4(8242 8243 8344 8343)
4(8343 8344 8445 8444)
4(8444 8445 8546 8545)
4(8545 8546 8647 8646)
4(8646 8647 8748 8747)
4(8747 8748 8849 8848)
4(8848 8849 8950 8949)
4(8949 8950 9051 9050)
4(9050 9051 9152 9151)
4(9151 9152 9253 9252)
4(9252 9253 9354 9353)
4(9353 9354 9455 9454)
4(9454 9455 9556 9555)
4(9555 9556 9657 9656)
4(9656 9657 9758 9757)
4(9757 9758 9859 9858)
4(9858 9859 9960 9959)
4(9959 9960 10061 10060)
4(10060 10061 10162 10161)
4(5133 5134 5235 5234)
4(5234 5235 5336 5335)
4(5335 5336 5437 5436)
4(5436 5437 5538 5537)
4(5537 5538 5639 5638)
4(5638 5639 5740 5739)
4(5739 5740 5841 5840)
4(5840 5841 5942 5941)
4(5941 5942 6043 6042)
4(6042 6043 6144 6143)
4(6143 6144 6245 6244)
4(6244 6245 6346 6345)
4(6345 6346 6447 6446)
4(6446 6447 6548 6547)
4(6547 6548 6649 6648)
4(6648 6649 6750 6749)
4(6749 6750 6851 6850)
4(6850 6851 6952 6951)
4(6951 6952 7053 7052)
4(7052 7053 7154 7153)
4(7153 7154 7255 7254)
4(7254 7255 7356 7355)
4(7355 7356 7457 7456)
4(7456 7457 7555 7554)
4(7554 7555 7651 7650)
4(7650 7651 7747 7746)
4(7746 7747 7843 7842)
4(7842 7843 7941 7940)
4(7940 7941 8042 8041)
4(8041 8042 8143 8142)
4(8142 8143 8244 8243)
4(8243 8244 8345 8344)
4(8344 8345 8446 8445)
4(8445 8446 8547 8546)
4(8546 8547 8648 8647)
4(8647 8648 8749 8748)
4(8748 8749 8850 8849)
4(8849 8850 8951 8950)
4(8950 8951 9052 9051)
4(9051 9052 9153 9152)
4(9152 9153 9254 9253)
4(9253 9254 9355 9354)
4(9354 9355 9456 9455)
4(9455 9456 9557 9556)
4(9556 9557 9658 9657)
4(9657 9658 9759 9758)
4(9758 9759 9860 9859)
4(9859 9860 9961 9960)
4(9960 9961 10062 10061)
4(10061 10062 10163 10162)
4(5134 5135 5236 5235)
4(5235 5236 5337 5336)
4(5336 5337 5438 5437)
4(5437 5438 5539 5538)
4(5538 5539 5640 5639)
4(5639 5640 5741 5740)
4(5740 5741 5842 5841)
4(5841 5842 5943 5942)
4(5942 5943 6044 6043)
4(6043 6044 6145 6144)
4(6144 6145 6246 6245)
4(6245 6246 6347 6346)
4(6346 6347 6448 6447)
4(6447 6448 6549 6548)
4(6548 6549 6650 6649)
4(6649 6650 6751 6750)
4(6750 6751 6852 6851)
4(6851 6852 6953 6952)
4(6952 6953 7054 7053)
4(7053 7054 7155 7154)
4(7154 7155 7256 7255)
4(7255 7256 7357 7356)
4(7356 7357 7458 7457)
4(7457 7458 7556 7555)
4(7555 7556 7652 7651)
4(7651 7652 7748 7747)
4(7747 7748 7844 7843)
4(7843 7844 7942 7941)
4(7941 7942 8043 8042)
4(8042 8043 8144 8143)
4(8143 8144 8245 8244)
4(8244 8245 8346 8345)
4(8345 8346 8447 8446)
4(8446 8447 8548 8547)
4(8547 8548 8649 8648)
4(8648 8649 8750 8749)
4(8749 8750 8851 8850)
4(8850 8851 8952 8951)
4(8951 8952 9053 9052)
4(9052 9053 9154 9153)
4(9153 9154 9255 9254)
4(9254 9255 9356 9355)
4(9355 9356 9457 9456)
4(9456 9457 9558 9557)
4(9557 9558 9659 9658)
4(9658 9659 9760 9759)
4(9759 9760 9861 9860)
4(9860 9861 9962 9961)
4(9961 9962 10063 10062)
4(10062 10063 10164 10163)
4(5135 5136 5237 5236)
4(5236 5237 5338 5337)
4(5337 5338 5439 5438)
4(5438 5439 5540 5539)
4(5539 5540 5641 5640)
4(5640 5641 5742 5741)
4(5741 5742 5843 5842)
4(5842 5843 5944 5943)
4(5943 5944 6045 6044)
4(6044 6045 6146 6145)
4(6145 6146 6247 6246)
4(6246 6247 6348 6347)
4(6347 6348 6449 6448)
4(6448 6449 6550 6549)
4(6549 6550 6651 6650)
4(6650 6651 6752 6751)
4(6751 6752 6853 6852)
4(6852 6853 6954 6953)
4(6953 6954 7055 7054)
4(7054 7055 7156 7155)
4(7155 7156 7257 7256)
4(7256 7257 7358 7357)
4(7357 7358 7459 7458)
4(7458 7459 7557 7556)
4(7556 7557 7653 7652)
4(7652 7653 7749 7748)
4(7748 7749 7845 7844)
4(7844 7845 7943 7942)
4(7942 7943 8044 8043)
4(8043 8044 8145 8144)
4(8144 8145 8246 8245)
4(8245 8246 8347 8346)
4(8346 8347 8448 8447)
4(8447 8448 8549 8548)
4(8548 8549 8650 8649)
4(8649 8650 8751 8750)
4(8750 8751 8852 8851)
4(8851 8852 8953 8952)
4(8952 8953 9054 9053)
4(9053 9054 9155 9154)
4(9154 9155 9256 9255)
4(9255 9256 9357 9356)
4(9356 9357 9458 9457)
4(9457 9458 9559 9558)
4(9558 9559 9660 9659)
4(9659 9660 9761 9760)
4(9760 9761 9862 9861)
4(9861 9862 9963 9962)
4(9962 9963 10064 10063)
4(10063 10064 10165 10164)
4(5136 5137 5238 5237)
4(5237 5238 5339 5338)
4(5338 5339 5440 5439)
4(5439 5440 5541 5540)
4(5540 5541 5642 5641)
4(5641 5642 5743 5742)
4(5742 5743 5844 5843)
4(5843 5844 5945 5944)
4(5944 5945 6046 6045)
4(6045 6046 6147 6146)
4(6146 6147 6248 6247)
4(6247 6248 6349 6348)
4(6348 6349 6450 6449)
4(6449 6450 6551 6550)
4(6550 6551 6652 6651)
4(6651 6652 6753 6752)
4(6752 6753 6854 6853)
4(6853 6854 6955 6954)
4(6954 6955 7056 7055)
4(7055 7056 7157 7156)
4(7156 7157 7258 7257)
4(7257 7258 7359 7358)
4(7358 7359 7460 7459)
4(7459 7460 7558 7557)
4(7557 7558 7654 7653)
4(7653 7654 7750 7749)
4(7749 7750 7846 7845)
4(7845 7846 7944 7943)
4(7943 7944 8045 8044)
4(8044 8045 8146 8145)
4(8145 8146 8247 8246)
4(8246 8247 8348 8347)
4(8347 8348 8449 8448)
4(8448 8449 8550 8549)
4(8549 8550 8651 8650)
4(8650 8651 8752 8751)
4(8751 8752 8853 8852)
4(8852 8853 8954 8953)
4(8953 8954 9055 9054)
4(9054 9055 9156 9155)
4(9155 9156 9257 9256)
4(9256 9257 9358 9357)
4(9357 9358 9459 9458)
4(9458 9459 9560 9559)
4(9559 9560 9661 9660)
4(9660 9661 9762 9761)
4(9761 9762 9863 9862)
4(9862 9863 9964 9963)
4(9963 9964 10065 10064)
4(10064 10065 10166 10165)
4(5137 5138 5239 5238)
4(5238 5239 5340 5339)
4(5339 5340 5441 5440)
4(5440 5441 5542 5541)
4(5541 5542 5643 5642)
4(5642 5643 5744 5743)
4(5743 5744 5845 5844)
4(5844 5845 5946 5945)
4(5945 5946 6047 6046)
4(6046 6047 6148 6147)
4(6147 6148 6249 6248)
4(6248 6249 6350 6349)
4(6349 6350 6451 6450)
4(6450 6451 6552 6551)
4(6551 6552 6653 6652)
4(6652 6653 6754 6753)
4(6753 6754 6855 6854)
4(6854 6855 6956 6955)
4(6955 6956 7057 7056)
4(7056 7057 7158 7157)
4(7157 7158 7259 7258)
4(7258 7259 7360 7359)
4(7359 7360 7461 7460)
4(7460 7461 7559 7558)
4(7558 7559 7655 7654)
4(7654 7655 7751 7750)
4(7750 7751 7847 7846)
4(7846 7847 7945 7944)
4(7944 7945 8046 8045)
4(8045 8046 8147 8146)
4(8146 8147 8248 8247)
4(8247 8248 8349 8348)
4(8348 8349 8450 8449)
4(8449 8450 8551 8550)
4(8550 8551 8652 8651)
4(8651 8652 8753 8752)
4(8752 8753 8854 8853)
4(8853 8854 8955 8954)
4(8954 8955 9056 9055)
4(9055 9056 9157 9156)
4(9156 9157 9258 9257)
4(9257 9258 9359 9358)
4(9358 9359 9460 9459)
4(9459 9460 9561 9560)
4(9560 9561 9662 9661)
4(9661 9662 9763 9762)
4(9762 9763 9864 9863)
4(9863 9864 9965 9964)
4(9964 9965 10066 10065)
4(10065 10066 10167 10166)
4(5138 5139 5240 5239)
4(5239 5240 5341 5340)
4(5340 5341 5442 5441)
4(5441 5442 5543 5542)
4(5542 5543 5644 5643)
4(5643 5644 5745 5744)
4(5744 5745 5846 5845)
4(5845 5846 5947 5946)
4(5946 5947 6048 6047)
4(6047 6048 6149 6148)
4(6148 6149 6250 6249)
4(6249 6250 6351 6350)
4(6350 6351 6452 6451)
4(6451 6452 6553 6552)
4(6552 6553 6654 6653)
4(6653 6654 6755 6754)
4(6754 6755 6856 6855)
4(6855 6856 6957 6956)
4(6956 6957 7058 7057)
4(7057 7058 7159 7158)
4(7158 7159 7260 7259)
4(7259 7260 7361 7360)
4(7360 7361 7462 7461)
4(7461 7462 7560 7559)
4(7559 7560 7656 7655)
4(7655 7656 7752 7751)
4(7751 7752 7848 7847)
4(7847 7848 7946 7945)
4(7945 7946 8047 8046)
4(8046 8047 8148 8147)
4(8147 8148 8249 8248)
4(8248 8249 8350 8349)
4(8349 8350 8451 8450)
4(8450 8451 8552 8551)
4(8551 8552 8653 8652)
4(8652 8653 8754 8753)
4(8753 8754 8855 8854)
4(8854 8855 8956 8955)
4(8955 8956 9057 9056)
4(9056 9057 9158 9157)
4(9157 9158 9259 9258)
4(9258 9259 9360 9359)
4(9359 9360 9461 9460)
4(9460 9461 9562 9561)
4(9561 9562 9663 9662)
4(9662 9663 9764 9763)
4(9763 9764 9865 9864)
4(9864 9865 9966 9965)
4(9965 9966 10067 10066)
4(10066 10067 10168 10167)
4(5139 5140 5241 5240)
4(5240 5241 5342 5341)
4(5341 5342 5443 5442)
4(5442 5443 5544 5543)
4(5543 5544 5645 5644)
4(5644 5645 5746 5745)
4(5745 5746 5847 5846)
4(5846 5847 5948 5947)
4(5947 5948 6049 6048)
4(6048 6049 6150 6149)
4(6149 6150 6251 6250)
4(6250 6251 6352 6351)
4(6351 6352 6453 6452)
4(6452 6453 6554 6553)
4(6553 6554 6655 6654)
4(6654 6655 6756 6755)
4(6755 6756 6857 6856)
4(6856 6857 6958 6957)
4(6957 6958 7059 7058)
4(7058 7059 7160 7159)
4(7159 7160 7261 7260)
4(7260 7261 7362 7361)
4(7361 7362 7463 7462)
4(7462 7463 7561 7560)
4(7560 7561 7657 7656)
4(7656 7657 7753 7752)
4(7752 7753 7849 7848)
4(7848 7849 7947 7946)
4(7946 7947 8048 8047)
4(8047 8048 8149 8148)
4(8148 8149 8250 8249)
4(8249 8250 8351 8350)
4(8350 8351 8452 8451)
4(8451 8452 8553 8552)
4(8552 8553 8654 8653)
4(8653 8654 8755 8754)
4(8754 8755 8856 8855)
4(8855 8856 8957 8956)
4(8956 8957 9058 9057)
4(9057 9058 9159 9158)
4(9158 9159 9260 9259)
4(9259 9260 9361 9360)
4(9360 9361 9462 9461)
4(9461 9462 9563 9562)
4(9562 9563 9664 9663)
4(9663 9664 9765 9764)
4(9764 9765 9866 9865)
4(9865 9866 9967 9966)
4(9966 9967 10068 10067)
4(10067 10068 10169 10168)
4(5140 5141 5242 5241)
4(5241 5242 5343 5342)
4(5342 5343 5444 5443)
4(5443 5444 5545 5544)
4(5544 5545 5646 5645)
4(5645 5646 5747 5746)
4(5746 5747 5848 5847)
4(5847 5848 5949 5948)
4(5948 5949 6050 6049)
4(6049 6050 6151 6150)
4(6150 6151 6252 6251)
4(6251 6252 6353 6352)
4(6352 6353 6454 6453)
4(6453 6454 6555 6554)
4(6554 6555 6656 6655)
4(6655 6656 6757 6756)
4(6756 6757 6858 6857)
4(6857 6858 6959 6958)
4(6958 6959 7060 7059)
4(7059 7060 7161 7160)
4(7160 7161 7262 7261)
4(7261 7262 7363 7362)
4(7362 7363 7464 7463)
4(7463 7464 7562 7561)
4(7561 7562 7658 7657)
4(7657 7658 7754 7753)
4(7753 7754 7850 7849)
4(7849 7850 7948 7947)
4(7947 7948 8049 8048)
4(8048 8049 8150 8149)
4(8149 8150 8251 8250)
4(8250 8251 8352 8351)
4(8351 8352 8453 8452)
4(8452 8453 8554 8553)
4(8553 8554 8655 8654)
4(8654 8655 8756 8755)
4(8755 8756 8857 8856)
4(8856 8857 8958 8957)
4(8957 8958 9059 9058)
4(9058 9059 9160 9159)
4(9159 9160 9261 9260)
4(9260 9261 9362 9361)
4(9361 9362 9463 9462)
4(9462 9463 9564 9563)
4(9563 9564 9665 9664)
4(9664 9665 9766 9765)
4(9765 9766 9867 9866)
4(9866 9867 9968 9967)
4(9967 9968 10069 10068)
4(10068 10069 10170 10169)
4(5141 5142 5243 5242)
4(5242 5243 5344 5343)
4(5343 5344 5445 5444)
4(5444 5445 5546 5545)
4(5545 5546 5647 5646)
4(5646 5647 5748 5747)
4(5747 5748 5849 5848)
4(5848 5849 5950 5949)
4(5949 5950 6051 6050)
4(6050 6051 6152 6151)
4(6151 6152 6253 6252)
4(6252 6253 6354 6353)
4(6353 6354 6455 6454)
4(6454 6455 6556 6555)
4(6555 6556 6657 6656)
4(6656 6657 6758 6757)
4(6757 6758 6859 6858)
4(6858 6859 6960 6959)
4(6959 6960 7061 7060)
4(7060 7061 7162 7161)
4(7161 7162 7263 7262)
4(7262 7263 7364 7363)
4(7363 7364 7465 7464)
4(7464 7465 7563 7562)
4(7562 7563 7659 7658)
4(7658 7659 7755 7754)
4(7754 7755 7851 7850)
4(7850 7851 7949 7948)
4(7948 7949 8050 8049)
4(8049 8050 8151 8150)
4(8150 8151 8252 8251)
4(8251 8252 8353 8352)
4(8352 8353 8454 8453)
4(8453 8454 8555 8554)
4(8554 8555 8656 8655)
4(8655 8656 8757 8756)
4(8756 8757 8858 8857)
4(8857 8858 8959 8958)
4(8958 8959 9060 9059)
4(9059 9060 9161 9160)
4(9160 9161 9262 9261)
4(9261 9262 9363 9362)
4(9362 9363 9464 9463)
4(9463 9464 9565 9564)
4(9564 9565 9666 9665)
4(9665 9666 9767 9766)
4(9766 9767 9868 9867)
4(9867 9868 9969 9968)
4(9968 9969 10070 10069)
4(10069 10070 10171 10170)
4(5142 5143 5244 5243)
4(5243 5244 5345 5344)
4(5344 5345 5446 5445)
4(5445 5446 5547 5546)
4(5546 5547 5648 5647)
4(5647 5648 5749 5748)
4(5748 5749 5850 5849)
4(5849 5850 5951 5950)
4(5950 5951 6052 6051)
4(6051 6052 6153 6152)
4(6152 6153 6254 6253)
4(6253 6254 6355 6354)
4(6354 6355 6456 6455)
4(6455 6456 6557 6556)
4(6556 6557 6658 6657)
4(6657 6658 6759 6758)
4(6758 6759 6860 6859)
4(6859 6860 6961 6960)
4(6960 6961 7062 7061)
4(7061 7062 7163 7162)
4(7162 7163 7264 7263)
4(7263 7264 7365 7364)
4(7364 7365 7466 7465)
4(7465 7466 7564 7563)
4(7563 7564 7660 7659)
4(7659 7660 7756 7755)
4(7755 7756 7852 7851)
4(7851 7852 7950 7949)
4(7949 7950 8051 8050)
4(8050 8051 8152 8151)
4(8151 8152 8253 8252)
4(8252 8253 8354 8353)
4(8353 8354 8455 8454)
4(8454 8455 8556 8555)
4(8555 8556 8657 8656)
4(8656 8657 8758 8757)
4(8757 8758 8859 8858)
4(8858 8859 8960 8959)
4(8959 8960 9061 9060)
4(9060 9061 9162 9161)
4(9161 9162 9263 9262)
4(9262 9263 9364 9363)
4(9363 9364 9465 9464)
4(9464 9465 9566 9565)
4(9565 9566 9667 9666)
4(9666 9667 9768 9767)
4(9767 9768 9869 9868)
4(9868 9869 9970 9969)
4(9969 9970 10071 10070)
4(10070 10071 10172 10171)
4(5143 5144 5245 5244)
4(5244 5245 5346 5345)
4(5345 5346 5447 5446)
4(5446 5447 5548 5547)
4(5547 5548 5649 5648)
4(5648 5649 5750 5749)
4(5749 5750 5851 5850)
4(5850 5851 5952 5951)
4(5951 5952 6053 6052)
4(6052 6053 6154 6153)
4(6153 6154 6255 6254)
4(6254 6255 6356 6355)
4(6355 6356 6457 6456)
4(6456 6457 6558 6557)
4(6557 6558 6659 6658)
4(6658 6659 6760 6759)
4(6759 6760 6861 6860)
4(6860 6861 6962 6961)
4(6961 6962 7063 7062)
4(7062 7063 7164 7163)
4(7163 7164 7265 7264)
4(7264 7265 7366 7365)
4(7365 7366 7467 7466)
4(7466 7467 7565 7564)
4(7564 7565 7661 7660)
4(7660 7661 7757 7756)
4(7756 7757 7853 7852)
4(7852 7853 7951 7950)
4(7950 7951 8052 8051)
4(8051 8052 8153 8152)
4(8152 8153 8254 8253)
4(8253 8254 8355 8354)
4(8354 8355 8456 8455)
4(8455 8456 8557 8556)
4(8556 8557 8658 8657)
4(8657 8658 8759 8758)
4(8758 8759 8860 8859)
4(8859 8860 8961 8960)
4(8960 8961 9062 9061)
4(9061 9062 9163 9162)
4(9162 9163 9264 9263)
4(9263 9264 9365 9364)
4(9364 9365 9466 9465)
4(9465 9466 9567 9566)
4(9566 9567 9668 9667)
4(9667 9668 9769 9768)
4(9768 9769 9870 9869)
4(9869 9870 9971 9970)
4(9970 9971 10072 10071)
4(10071 10072 10173 10172)
4(5144 5145 5246 5245)
4(5245 5246 5347 5346)
4(5346 5347 5448 5447)
4(5447 5448 5549 5548)
4(5548 5549 5650 5649)
4(5649 5650 5751 5750)
4(5750 5751 5852 5851)
4(5851 5852 5953 5952)
4(5952 5953 6054 6053)
4(6053 6054 6155 6154)
4(6154 6155 6256 6255)
4(6255 6256 6357 6356)
4(6356 6357 6458 6457)
4(6457 6458 6559 6558)
4(6558 6559 6660 6659)
4(6659 6660 6761 6760)
4(6760 6761 6862 6861)
4(6861 6862 6963 6962)
4(6962 6963 7064 7063)
4(7063 7064 7165 7164)
4(7164 7165 7266 7265)
4(7265 7266 7367 7366)
4(7366 7367 7468 7467)
4(7467 7468 7566 7565)
4(7565 7566 7662 7661)
4(7661 7662 7758 7757)
4(7757 7758 7854 7853)
4(7853 7854 7952 7951)
4(7951 7952 8053 8052)
4(8052 8053 8154 8153)
4(8153 8154 8255 8254)
4(8254 8255 8356 8355)
4(8355 8356 8457 8456)
4(8456 8457 8558 8557)
4(8557 8558 8659 8658)
4(8658 8659 8760 8759)
4(8759 8760 8861 8860)
4(8860 8861 8962 8961)
4(8961 8962 9063 9062)
4(9062 9063 9164 9163)
4(9163 9164 9265 9264)
4(9264 9265 9366 9365)
4(9365 9366 9467 9466)
4(9466 9467 9568 9567)
4(9567 9568 9669 9668)
4(9668 9669 9770 9769)
4(9769 9770 9871 9870)
4(9870 9871 9972 9971)
4(9971 9972 10073 10072)
4(10072 10073 10174 10173)
4(5145 5146 5247 5246)
4(5246 5247 5348 5347)
4(5347 5348 5449 5448)
4(5448 5449 5550 5549)
4(5549 5550 5651 5650)
4(5650 5651 5752 5751)
4(5751 5752 5853 5852)
4(5852 5853 5954 5953)
4(5953 5954 6055 6054)
4(6054 6055 6156 6155)
4(6155 6156 6257 6256)
4(6256 6257 6358 6357)
4(6357 6358 6459 6458)
4(6458 6459 6560 6559)
4(6559 6560 6661 6660)
4(6660 6661 6762 6761)
4(6761 6762 6863 6862)
4(6862 6863 6964 6963)
4(6963 6964 7065 7064)
4(7064 7065 7166 7165)
4(7165 7166 7267 7266)
4(7266 7267 7368 7367)
4(7367 7368 7469 7468)
4(7468 7469 7567 7566)
4(7566 7567 7663 7662)
4(7662 7663 7759 7758)
4(7758 7759 7855 7854)
4(7854 7855 7953 7952)
4(7952 7953 8054 8053)
4(8053 8054 8155 8154)
4(8154 8155 8256 8255)
4(8255 8256 8357 8356)
4(8356 8357 8458 8457)
4(8457 8458 8559 8558)
4(8558 8559 8660 8659)
4(8659 8660 8761 8760)
4(8760 8761 8862 8861)
4(8861 8862 8963 8962)
4(8962 8963 9064 9063)
4(9063 9064 9165 9164)
4(9164 9165 9266 9265)
4(9265 9266 9367 9366)
4(9366 9367 9468 9467)
4(9467 9468 9569 9568)
4(9568 9569 9670 9669)
4(9669 9670 9771 9770)
4(9770 9771 9872 9871)
4(9871 9872 9973 9972)
4(9972 9973 10074 10073)
4(10073 10074 10175 10174)
4(5146 5147 5248 5247)
4(5247 5248 5349 5348)
4(5348 5349 5450 5449)
4(5449 5450 5551 5550)
4(5550 5551 5652 5651)
4(5651 5652 5753 5752)
4(5752 5753 5854 5853)
4(5853 5854 5955 5954)
4(5954 5955 6056 6055)
4(6055 6056 6157 6156)
4(6156 6157 6258 6257)
4(6257 6258 6359 6358)
4(6358 6359 6460 6459)
4(6459 6460 6561 6560)
4(6560 6561 6662 6661)
4(6661 6662 6763 6762)
4(6762 6763 6864 6863)
4(6863 6864 6965 6964)
4(6964 6965 7066 7065)
4(7065 7066 7167 7166)
4(7166 7167 7268 7267)
4(7267 7268 7369 7368)
4(7368 7369 7470 7469)
4(7469 7470 7568 7567)
4(7567 7568 7664 7663)
4(7663 7664 7760 7759)
4(7759 7760 7856 7855)
4(7855 7856 7954 7953)
4(7953 7954 8055 8054)
4(8054 8055 8156 8155)
4(8155 8156 8257 8256)
4(8256 8257 8358 8357)
4(8357 8358 8459 8458)
4(8458 8459 8560 8559)
4(8559 8560 8661 8660)
4(8660 8661 8762 8761)
4(8761 8762 8863 8862)
4(8862 8863 8964 8963)
4(8963 8964 9065 9064)
4(9064 9065 9166 9165)
4(9165 9166 9267 9266)
4(9266 9267 9368 9367)
4(9367 9368 9469 9468)
4(9468 9469 9570 9569)
4(9569 9570 9671 9670)
4(9670 9671 9772 9771)
4(9771 9772 9873 9872)
4(9872 9873 9974 9973)
4(9973 9974 10075 10074)
4(10074 10075 10176 10175)
4(5147 5148 5249 5248)
4(5248 5249 5350 5349)
4(5349 5350 5451 5450)
4(5450 5451 5552 5551)
4(5551 5552 5653 5652)
4(5652 5653 5754 5753)
4(5753 5754 5855 5854)
4(5854 5855 5956 5955)
4(5955 5956 6057 6056)
4(6056 6057 6158 6157)
4(6157 6158 6259 6258)
4(6258 6259 6360 6359)
4(6359 6360 6461 6460)
4(6460 6461 6562 6561)
4(6561 6562 6663 6662)
4(6662 6663 6764 6763)
4(6763 6764 6865 6864)
4(6864 6865 6966 6965)
4(6965 6966 7067 7066)
4(7066 7067 7168 7167)
4(7167 7168 7269 7268)
4(7268 7269 7370 7369)
4(7369 7370 7471 7470)
4(7470 7471 7569 7568)
4(7568 7569 7665 7664)
4(7664 7665 7761 7760)
4(7760 7761 7857 7856)
4(7856 7857 7955 7954)
4(7954 7955 8056 8055)
4(8055 8056 8157 8156)
4(8156 8157 8258 8257)
4(8257 8258 8359 8358)
4(8358 8359 8460 8459)
4(8459 8460 8561 8560)
4(8560 8561 8662 8661)
4(8661 8662 8763 8762)
4(8762 8763 8864 8863)
4(8863 8864 8965 8964)
4(8964 8965 9066 9065)
4(9065 9066 9167 9166)
4(9166 9167 9268 9267)
4(9267 9268 9369 9368)
4(9368 9369 9470 9469)
4(9469 9470 9571 9570)
4(9570 9571 9672 9671)
4(9671 9672 9773 9772)
4(9772 9773 9874 9873)
4(9873 9874 9975 9974)
4(9974 9975 10076 10075)
4(10075 10076 10177 10176)
4(5148 5149 5250 5249)
4(5249 5250 5351 5350)
4(5350 5351 5452 5451)
4(5451 5452 5553 5552)
4(5552 5553 5654 5653)
4(5653 5654 5755 5754)
4(5754 5755 5856 5855)
4(5855 5856 5957 5956)
4(5956 5957 6058 6057)
4(6057 6058 6159 6158)
4(6158 6159 6260 6259)
4(6259 6260 6361 6360)
4(6360 6361 6462 6461)
4(6461 6462 6563 6562)
4(6562 6563 6664 6663)
4(6663 6664 6765 6764)
4(6764 6765 6866 6865)
4(6865 6866 6967 6966)
4(6966 6967 7068 7067)
4(7067 7068 7169 7168)
4(7168 7169 7270 7269)
4(7269 7270 7371 7370)
4(7370 7371 7472 7471)
4(7471 7472 7570 7569)
4(7569 7570 7666 7665)
4(7665 7666 7762 7761)
4(7761 7762 7858 7857)
4(7857 7858 7956 7955)
4(7955 7956 8057 8056)
4(8056 8057 8158 8157)
4(8157 8158 8259 8258)
4(8258 8259 8360 8359)
4(8359 8360 8461 8460)
4(8460 8461 8562 8561)
4(8561 8562 8663 8662)
4(8662 8663 8764 8763)
4(8763 8764 8865 8864)
4(8864 8865 8966 8965)
4(8965 8966 9067 9066)
4(9066 9067 9168 9167)
4(9167 9168 9269 9268)
4(9268 9269 9370 9369)
4(9369 9370 9471 9470)
4(9470 9471 9572 9571)
4(9571 9572 9673 9672)
4(9672 9673 9774 9773)
4(9773 9774 9875 9874)
4(9874 9875 9976 9975)
4(9975 9976 10077 10076)
4(10076 10077 10178 10177)
4(5149 5150 5251 5250)
4(5250 5251 5352 5351)
4(5351 5352 5453 5452)
4(5452 5453 5554 5553)
4(5553 5554 5655 5654)
4(5654 5655 5756 5755)
4(5755 5756 5857 5856)
4(5856 5857 5958 5957)
4(5957 5958 6059 6058)
4(6058 6059 6160 6159)
4(6159 6160 6261 6260)
4(6260 6261 6362 6361)
4(6361 6362 6463 6462)
4(6462 6463 6564 6563)
4(6563 6564 6665 6664)
4(6664 6665 6766 6765)
4(6765 6766 6867 6866)
4(6866 6867 6968 6967)
4(6967 6968 7069 7068)
4(7068 7069 7170 7169)
4(7169 7170 7271 7270)
4(7270 7271 7372 7371)
4(7371 7372 7473 7472)
4(7472 7473 7571 7570)
4(7570 7571 7667 7666)
4(7666 7667 7763 7762)
4(7762 7763 7859 7858)
4(7858 7859 7957 7956)
4(7956 7957 8058 8057)
4(8057 8058 8159 8158)
4(8158 8159 8260 8259)
4(8259 8260 8361 8360)
4(8360 8361 8462 8461)
4(8461 8462 8563 8562)
4(8562 8563 8664 8663)
4(8663 8664 8765 8764)
4(8764 8765 8866 8865)
4(8865 8866 8967 8966)
4(8966 8967 9068 9067)
4(9067 9068 9169 9168)
4(9168 9169 9270 9269)
4(9269 9270 9371 9370)
4(9370 9371 9472 9471)
4(9471 9472 9573 9572)
4(9572 9573 9674 9673)
4(9673 9674 9775 9774)
4(9774 9775 9876 9875)
4(9875 9876 9977 9976)
4(9976 9977 10078 10077)
4(10077 10078 10179 10178)
4(5150 5151 5252 5251)
4(5251 5252 5353 5352)
4(5352 5353 5454 5453)
4(5453 5454 5555 5554)
4(5554 5555 5656 5655)
4(5655 5656 5757 5756)
4(5756 5757 5858 5857)
4(5857 5858 5959 5958)
4(5958 5959 6060 6059)
4(6059 6060 6161 6160)
4(6160 6161 6262 6261)
4(6261 6262 6363 6362)
4(6362 6363 6464 6463)
4(6463 6464 6565 6564)
4(6564 6565 6666 6665)
4(6665 6666 6767 6766)
4(6766 6767 6868 6867)
4(6867 6868 6969 6968)
4(6968 6969 7070 7069)
4(7069 7070 7171 7170)
4(7170 7171 7272 7271)
4(7271 7272 7373 7372)
4(7372 7373 7474 7473)
5(7473 7474 11459 7572 7571)
5(7571 7572 10684 7668 7667)
5(7667 7668 10696 7764 7763)
5(7763 7764 11464 7860 7859)
4(7859 7860 7958 7957)
4(7957 7958 8059 8058)
4(8058 8059 8160 8159)
4(8159 8160 8261 8260)
4(8260 8261 8362 8361)
4(8361 8362 8463 8462)
4(8462 8463 8564 8563)
4(8563 8564 8665 8664)
4(8664 8665 8766 8765)
4(8765 8766 8867 8866)
4(8866 8867 8968 8967)
4(8967 8968 9069 9068)
4(9068 9069 9170 9169)
4(9169 9170 9271 9270)
4(9270 9271 9372 9371)
4(9371 9372 9473 9472)
4(9472 9473 9574 9573)
4(9573 9574 9675 9674)
4(9674 9675 9776 9775)
4(9775 9776 9877 9876)
4(9876 9877 9978 9977)
4(9977 9978 10079 10078)
4(10078 10079 10180 10179)
4(5151 5152 5253 5252)
4(5252 5253 5354 5353)
4(5353 5354 5455 5454)
4(5454 5455 5556 5555)
4(5555 5556 5657 5656)
4(5656 5657 5758 5757)
4(5757 5758 5859 5858)
4(5858 5859 5960 5959)
4(5959 5960 6061 6060)
4(6060 6061 6162 6161)
4(6161 6162 6263 6262)
4(6262 6263 6364 6363)
4(6363 6364 6465 6464)
4(6464 6465 6566 6565)
4(6565 6566 6667 6666)
4(6666 6667 6768 6767)
4(6767 6768 6869 6868)
4(6868 6869 6970 6969)
4(6969 6970 7071 7070)
4(7070 7071 7172 7171)
4(7171 7172 7273 7272)
4(7272 7273 7374 7373)
6(7373 7374 10658 7475 11458 7474)
4(7474 11458 11590 11459)
4(7572 10683 11328 10684)
4(7668 10695 11329 10696)
4(7764 10707 11591 11464)
6(7860 11468 7861 10717 7959 7958)
4(7958 7959 8060 8059)
4(8059 8060 8161 8160)
4(8160 8161 8262 8261)
4(8261 8262 8363 8362)
4(8362 8363 8464 8463)
4(8463 8464 8565 8564)
4(8564 8565 8666 8665)
4(8665 8666 8767 8766)
4(8766 8767 8868 8867)
4(8867 8868 8969 8968)
4(8968 8969 9070 9069)
4(9069 9070 9171 9170)
4(9170 9171 9272 9271)
4(9271 9272 9373 9372)
4(9372 9373 9474 9473)
4(9473 9474 9575 9574)
4(9574 9575 9676 9675)
4(9675 9676 9777 9776)
4(9776 9777 9878 9877)
4(9877 9878 9979 9978)
4(9978 9979 10080 10079)
4(10079 10080 10181 10180)
4(5152 5153 5254 5253)
4(5253 5254 5355 5354)
4(5354 5355 5456 5455)
4(5455 5456 5557 5556)
4(5556 5557 5658 5657)
4(5657 5658 5759 5758)
4(5758 5759 5860 5859)
4(5859 5860 5961 5960)
4(5960 5961 6062 6061)
4(6061 6062 6163 6162)
4(6162 6163 6264 6263)
4(6263 6264 6365 6364)
4(6364 6365 6466 6465)
4(6465 6466 6567 6566)
4(6566 6567 6668 6667)
4(6667 6668 6769 6768)
4(6768 6769 6870 6869)
4(6869 6870 6971 6970)
4(6970 6971 7072 7071)
4(7071 7072 7173 7172)
4(7172 7173 7274 7273)
6(7273 7274 11453 7375 10657 7374)
4(7374 10657 11330 10658)
6(7475 10353 10982 10448 11513 10354)
4(7573 10686 11331 10687)
4(7669 10699 11332 10700)
4(7765 10710 11592 11465)
4(7861 10375 11333 10717)
6(7959 10731 7960 11470 8061 8060)
4(8060 8061 8162 8161)
4(8161 8162 8263 8262)
4(8262 8263 8364 8363)
4(8363 8364 8465 8464)
4(8464 8465 8566 8565)
4(8565 8566 8667 8666)
4(8666 8667 8768 8767)
4(8767 8768 8869 8868)
4(8868 8869 8970 8969)
4(8969 8970 9071 9070)
4(9070 9071 9172 9171)
4(9171 9172 9273 9272)
4(9272 9273 9374 9373)
4(9373 9374 9475 9474)
4(9474 9475 9576 9575)
4(9575 9576 9677 9676)
4(9676 9677 9778 9777)
4(9777 9778 9879 9878)
4(9878 9879 9980 9979)
4(9979 9980 10081 10080)
4(10080 10081 10182 10181)
4(5153 5154 5255 5254)
4(5254 5255 5356 5355)
4(5355 5356 5457 5456)
4(5456 5457 5558 5557)
4(5557 5558 5659 5658)
4(5658 5659 5760 5759)
4(5759 5760 5861 5860)
4(5860 5861 5962 5961)
4(5961 5962 6063 6062)
4(6062 6063 6164 6163)
4(6163 6164 6265 6264)
4(6264 6265 6366 6365)
4(6365 6366 6467 6466)
4(6466 6467 6568 6567)
4(6567 6568 6669 6668)
4(6668 6669 6770 6769)
4(6769 6770 6871 6870)
4(6870 6871 6972 6971)
4(6971 6972 7073 7072)
4(7072 7073 7174 7173)
5(7173 7174 7275 11452 7274)
4(7274 11452 11593 11453)
6(7375 10344 11509 10452 10965 10345)
3(7476 10674 10675)
4(7862 10721 11334 10722)
4(7960 10384 11594 11470)
5(8061 11474 8062 8163 8162)
4(8162 8163 8264 8263)
4(8263 8264 8365 8364)
4(8364 8365 8466 8465)
4(8465 8466 8567 8566)
4(8566 8567 8668 8667)
4(8667 8668 8769 8768)
4(8768 8769 8870 8869)
4(8869 8870 8971 8970)
4(8970 8971 9072 9071)
4(9071 9072 9173 9172)
4(9172 9173 9274 9273)
4(9273 9274 9375 9374)
4(9374 9375 9476 9475)
4(9475 9476 9577 9576)
4(9576 9577 9678 9677)
4(9677 9678 9779 9778)
4(9778 9779 9880 9879)
4(9879 9880 9981 9980)
4(9980 9981 10082 10081)
4(10081 10082 10183 10182)
4(5154 5155 5256 5255)
4(5255 5256 5357 5356)
4(5356 5357 5458 5457)
4(5457 5458 5559 5558)
4(5558 5559 5660 5659)
4(5659 5660 5761 5760)
4(5760 5761 5862 5861)
4(5861 5862 5963 5962)
4(5962 5963 6064 6063)
4(6063 6064 6165 6164)
4(6164 6165 6266 6265)
4(6265 6266 6367 6366)
4(6366 6367 6468 6467)
4(6467 6468 6569 6568)
4(6568 6569 6670 6669)
4(6669 6670 6771 6770)
4(6770 6771 6872 6871)
4(6871 6872 6973 6972)
4(6972 6973 7074 7073)
4(7073 7074 7175 7174)
5(7174 7175 7276 10652 7275)
4(7275 10652 11335 10653)
4(7376 10660 11336 10661)
5(7961 10735 10385 11337 10732)
5(8062 10746 8063 8164 8163)
4(8163 8164 8265 8264)
4(8264 8265 8366 8365)
4(8365 8366 8467 8466)
4(8466 8467 8568 8567)
4(8567 8568 8669 8668)
4(8668 8669 8770 8769)
4(8769 8770 8871 8870)
4(8870 8871 8972 8971)
4(8971 8972 9073 9072)
4(9072 9073 9174 9173)
4(9173 9174 9275 9274)
4(9274 9275 9376 9375)
4(9375 9376 9477 9476)
4(9476 9477 9578 9577)
4(9577 9578 9679 9678)
4(9678 9679 9780 9779)
4(9779 9780 9881 9880)
4(9880 9881 9982 9981)
4(9981 9982 10083 10082)
4(10082 10083 10184 10183)
4(5155 5156 5257 5256)
4(5256 5257 5358 5357)
4(5357 5358 5459 5458)
4(5458 5459 5560 5559)
4(5559 5560 5661 5660)
4(5660 5661 5762 5761)
4(5761 5762 5863 5862)
4(5862 5863 5964 5963)
4(5963 5964 6065 6064)
4(6064 6065 6166 6165)
4(6165 6166 6267 6266)
4(6266 6267 6368 6367)
4(6367 6368 6469 6468)
4(6468 6469 6570 6569)
4(6569 6570 6671 6670)
4(6670 6671 6772 6771)
4(6771 6772 6873 6872)
4(6872 6873 6974 6973)
4(6973 6974 7075 7074)
4(7074 7075 7176 7175)
5(7175 7176 7277 10654 7276)
4(7276 10654 11338 10655)
4(7377 10664 11339 10665)
5(7962 10740 10386 11340 10736)
5(8063 10747 8064 8165 8164)
4(8164 8165 8266 8265)
4(8265 8266 8367 8366)
4(8366 8367 8468 8467)
4(8467 8468 8569 8568)
4(8568 8569 8670 8669)
4(8669 8670 8771 8770)
4(8770 8771 8872 8871)
4(8871 8872 8973 8972)
4(8972 8973 9074 9073)
4(9073 9074 9175 9174)
4(9174 9175 9276 9275)
4(9275 9276 9377 9376)
4(9376 9377 9478 9477)
4(9477 9478 9579 9578)
4(9578 9579 9680 9679)
4(9679 9680 9781 9780)
4(9780 9781 9882 9881)
4(9881 9882 9983 9982)
4(9982 9983 10084 10083)
4(10083 10084 10185 10184)
4(5156 5157 5258 5257)
4(5257 5258 5359 5358)
4(5358 5359 5460 5459)
4(5459 5460 5561 5560)
4(5560 5561 5662 5661)
4(5661 5662 5763 5762)
4(5762 5763 5864 5863)
4(5863 5864 5965 5964)
4(5964 5965 6066 6065)
4(6065 6066 6167 6166)
4(6166 6167 6268 6267)
4(6267 6268 6369 6368)
4(6368 6369 6470 6469)
4(6469 6470 6571 6570)
4(6570 6571 6672 6671)
4(6671 6672 6773 6772)
4(6772 6773 6874 6873)
4(6873 6874 6975 6974)
4(6974 6975 7076 7075)
4(7075 7076 7177 7176)
5(7176 7177 7278 11454 7277)
4(7277 11454 11595 10656)
4(7378 11457 11596 10668)
5(7963 11472 10387 11597 10741)
5(8064 11475 8065 8166 8165)
4(8165 8166 8267 8266)
4(8266 8267 8368 8367)
4(8367 8368 8469 8468)
4(8468 8469 8570 8569)
4(8569 8570 8671 8670)
4(8670 8671 8772 8771)
4(8771 8772 8873 8872)
4(8872 8873 8974 8973)
4(8973 8974 9075 9074)
4(9074 9075 9176 9175)
4(9175 9176 9277 9276)
4(9276 9277 9378 9377)
4(9377 9378 9479 9478)
4(9478 9479 9580 9579)
4(9579 9580 9681 9680)
4(9680 9681 9782 9781)
4(9781 9782 9883 9882)
4(9882 9883 9984 9983)
4(9983 9984 10085 10084)
4(10084 10085 10186 10185)
4(5157 5158 5259 5258)
4(5258 5259 5360 5359)
4(5359 5360 5461 5460)
4(5460 5461 5562 5561)
4(5561 5562 5663 5662)
4(5662 5663 5764 5763)
4(5763 5764 5865 5864)
4(5864 5865 5966 5965)
4(5965 5966 6067 6066)
4(6066 6067 6168 6167)
4(6167 6168 6269 6268)
4(6268 6269 6370 6369)
4(6369 6370 6471 6470)
4(6470 6471 6572 6571)
4(6571 6572 6673 6672)
4(6672 6673 6774 6773)
4(6773 6774 6875 6874)
4(6874 6875 6976 6975)
4(6975 6976 7077 7076)
4(7076 7077 7178 7177)
4(7177 7178 7279 7278)
6(7278 7279 7380 10669 7379 11455)
4(7379 10669 11342 10352)
4(7477 10681 11343 10682)
6(7863 10728 10382 11345 10383 10729)
6(7964 10745 7965 8066 8065 11473)
4(8065 8066 8167 8166)
4(8166 8167 8268 8267)
4(8267 8268 8369 8368)
4(8368 8369 8470 8469)
4(8469 8470 8571 8570)
4(8570 8571 8672 8671)
4(8671 8672 8773 8772)
4(8772 8773 8874 8873)
4(8873 8874 8975 8974)
4(8974 8975 9076 9075)
4(9075 9076 9177 9176)
4(9176 9177 9278 9277)
4(9277 9278 9379 9378)
4(9378 9379 9480 9479)
4(9479 9480 9581 9580)
4(9580 9581 9682 9681)
4(9681 9682 9783 9782)
4(9782 9783 9884 9883)
4(9883 9884 9985 9984)
4(9984 9985 10086 10085)
4(10085 10086 10187 10186)
4(5158 5159 5260 5259)
4(5259 5260 5361 5360)
4(5360 5361 5462 5461)
4(5461 5462 5563 5562)
4(5562 5563 5664 5663)
4(5663 5664 5765 5764)
4(5764 5765 5866 5865)
4(5865 5866 5967 5966)
4(5966 5967 6068 6067)
4(6067 6068 6169 6168)
4(6168 6169 6270 6269)
4(6269 6270 6371 6370)
4(6370 6371 6472 6471)
4(6471 6472 6573 6572)
4(6572 6573 6674 6673)
4(6673 6674 6775 6774)
4(6774 6775 6876 6875)
4(6875 6876 6977 6976)
4(6976 6977 7078 7077)
4(7077 7078 7179 7178)
4(7178 7179 7280 7279)
4(7279 7280 7381 7380)
6(7380 7381 7479 11460 7478 10670)
4(7478 11460 11598 10360)
5(7574 10690 11346 10364 10693)
5(7670 10701 11347 10368 10705)
5(7766 10713 11599 10374 11466)
6(7864 11469 7865 7966 7965 10730)
4(7965 7966 8067 8066)
4(8066 8067 8168 8167)
4(8167 8168 8269 8268)
4(8268 8269 8370 8369)
4(8369 8370 8471 8470)
4(8470 8471 8572 8571)
4(8571 8572 8673 8672)
4(8672 8673 8774 8773)
4(8773 8774 8875 8874)
4(8874 8875 8976 8975)
4(8975 8976 9077 9076)
4(9076 9077 9178 9177)
4(9177 9178 9279 9278)
4(9278 9279 9380 9379)
4(9379 9380 9481 9480)
4(9480 9481 9582 9581)
4(9581 9582 9683 9682)
4(9682 9683 9784 9783)
4(9783 9784 9885 9884)
4(9884 9885 9986 9985)
4(9985 9986 10087 10086)
4(10086 10087 10188 10187)
4(5159 5160 5261 5260)
4(5260 5261 5362 5361)
4(5361 5362 5463 5462)
4(5462 5463 5564 5563)
4(5563 5564 5665 5664)
4(5664 5665 5766 5765)
4(5765 5766 5867 5866)
4(5866 5867 5968 5967)
4(5967 5968 6069 6068)
4(6068 6069 6170 6169)
4(6169 6170 6271 6270)
4(6270 6271 6372 6371)
4(6371 6372 6473 6472)
4(6472 6473 6574 6573)
4(6573 6574 6675 6674)
4(6674 6675 6776 6775)
4(6775 6776 6877 6876)
4(6876 6877 6978 6977)
4(6977 6978 7079 7078)
4(7078 7079 7180 7179)
4(7179 7180 7281 7280)
4(7280 7281 7382 7381)
4(7381 7382 7480 7479)
5(7479 7480 7576 7575 11461)
5(7575 7576 7672 7671 10694)
5(7671 7672 7768 7767 10706)
5(7767 7768 7866 7865 11467)
4(7865 7866 7967 7966)
4(7966 7967 8068 8067)
4(8067 8068 8169 8168)
4(8168 8169 8270 8269)
4(8269 8270 8371 8370)
4(8370 8371 8472 8471)
4(8471 8472 8573 8572)
4(8572 8573 8674 8673)
4(8673 8674 8775 8774)
4(8774 8775 8876 8875)
4(8875 8876 8977 8976)
4(8976 8977 9078 9077)
4(9077 9078 9179 9178)
4(9178 9179 9280 9279)
4(9279 9280 9381 9380)
4(9380 9381 9482 9481)
4(9481 9482 9583 9582)
4(9582 9583 9684 9683)
4(9683 9684 9785 9784)
4(9784 9785 9886 9885)
4(9885 9886 9987 9986)
4(9986 9987 10088 10087)
4(10087 10088 10189 10188)
4(5160 5161 5262 5261)
4(5261 5262 5363 5362)
4(5362 5363 5464 5463)
4(5463 5464 5565 5564)
4(5564 5565 5666 5665)
4(5665 5666 5767 5766)
4(5766 5767 5868 5867)
4(5867 5868 5969 5968)
4(5968 5969 6070 6069)
4(6069 6070 6171 6170)
4(6170 6171 6272 6271)
4(6271 6272 6373 6372)
4(6372 6373 6474 6473)
4(6473 6474 6575 6574)
4(6574 6575 6676 6675)
4(6675 6676 6777 6776)
4(6776 6777 6878 6877)
4(6877 6878 6979 6978)
4(6978 6979 7080 7079)
4(7079 7080 7181 7180)
4(7180 7181 7282 7281)
4(7281 7282 7383 7382)
4(7382 7383 7481 7480)
4(7480 7481 7577 7576)
4(7576 7577 7673 7672)
4(7672 7673 7769 7768)
4(7768 7769 7867 7866)
4(7866 7867 7968 7967)
4(7967 7968 8069 8068)
4(8068 8069 8170 8169)
4(8169 8170 8271 8270)
4(8270 8271 8372 8371)
4(8371 8372 8473 8472)
4(8472 8473 8574 8573)
4(8573 8574 8675 8674)
4(8674 8675 8776 8775)
4(8775 8776 8877 8876)
4(8876 8877 8978 8977)
4(8977 8978 9079 9078)
4(9078 9079 9180 9179)
4(9179 9180 9281 9280)
4(9280 9281 9382 9381)
4(9381 9382 9483 9482)
4(9482 9483 9584 9583)
4(9583 9584 9685 9684)
4(9684 9685 9786 9785)
4(9785 9786 9887 9886)
4(9886 9887 9988 9987)
4(9987 9988 10089 10088)
4(10088 10089 10190 10189)
4(5161 5162 5263 5262)
4(5262 5263 5364 5363)
4(5363 5364 5465 5464)
4(5464 5465 5566 5565)
4(5565 5566 5667 5666)
4(5666 5667 5768 5767)
4(5767 5768 5869 5868)
4(5868 5869 5970 5969)
4(5969 5970 6071 6070)
4(6070 6071 6172 6171)
4(6171 6172 6273 6272)
4(6272 6273 6374 6373)
4(6373 6374 6475 6474)
4(6474 6475 6576 6575)
4(6575 6576 6677 6676)
4(6676 6677 6778 6777)
4(6777 6778 6879 6878)
4(6878 6879 6980 6979)
4(6979 6980 7081 7080)
4(7080 7081 7182 7181)
4(7181 7182 7283 7282)
4(7282 7283 7384 7383)
4(7383 7384 7482 7481)
4(7481 7482 7578 7577)
4(7577 7578 7674 7673)
4(7673 7674 7770 7769)
4(7769 7770 7868 7867)
4(7867 7868 7969 7968)
4(7968 7969 8070 8069)
4(8069 8070 8171 8170)
4(8170 8171 8272 8271)
4(8271 8272 8373 8372)
4(8372 8373 8474 8473)
4(8473 8474 8575 8574)
4(8574 8575 8676 8675)
4(8675 8676 8777 8776)
4(8776 8777 8878 8877)
4(8877 8878 8979 8978)
4(8978 8979 9080 9079)
4(9079 9080 9181 9180)
4(9180 9181 9282 9281)
4(9281 9282 9383 9382)
4(9382 9383 9484 9483)
4(9483 9484 9585 9584)
4(9584 9585 9686 9685)
4(9685 9686 9787 9786)
4(9786 9787 9888 9887)
4(9887 9888 9989 9988)
4(9988 9989 10090 10089)
4(10089 10090 10191 10190)
4(5162 5163 5264 5263)
4(5263 5264 5365 5364)
4(5364 5365 5466 5465)
4(5465 5466 5567 5566)
4(5566 5567 5668 5667)
4(5667 5668 5769 5768)
4(5768 5769 5870 5869)
4(5869 5870 5971 5970)
4(5970 5971 6072 6071)
4(6071 6072 6173 6172)
4(6172 6173 6274 6273)
4(6273 6274 6375 6374)
4(6374 6375 6476 6475)
4(6475 6476 6577 6576)
4(6576 6577 6678 6677)
4(6677 6678 6779 6778)
4(6778 6779 6880 6879)
4(6879 6880 6981 6980)
4(6980 6981 7082 7081)
4(7081 7082 7183 7182)
4(7182 7183 7284 7283)
4(7283 7284 7385 7384)
4(7384 7385 7483 7482)
4(7482 7483 7579 7578)
4(7578 7579 7675 7674)
4(7674 7675 7771 7770)
4(7770 7771 7869 7868)
4(7868 7869 7970 7969)
4(7969 7970 8071 8070)
4(8070 8071 8172 8171)
4(8171 8172 8273 8272)
4(8272 8273 8374 8373)
4(8373 8374 8475 8474)
4(8474 8475 8576 8575)
4(8575 8576 8677 8676)
4(8676 8677 8778 8777)
4(8777 8778 8879 8878)
4(8878 8879 8980 8979)
4(8979 8980 9081 9080)
4(9080 9081 9182 9181)
4(9181 9182 9283 9282)
4(9282 9283 9384 9383)
4(9383 9384 9485 9484)
4(9484 9485 9586 9585)
4(9585 9586 9687 9686)
4(9686 9687 9788 9787)
4(9787 9788 9889 9888)
4(9888 9889 9990 9989)
4(9989 9990 10091 10090)
4(10090 10091 10192 10191)
4(5163 5164 5265 5264)
4(5264 5265 5366 5365)
4(5365 5366 5467 5466)
4(5466 5467 5568 5567)
4(5567 5568 5669 5668)
4(5668 5669 5770 5769)
4(5769 5770 5871 5870)
4(5870 5871 5972 5971)
4(5971 5972 6073 6072)
4(6072 6073 6174 6173)
4(6173 6174 6275 6274)
4(6274 6275 6376 6375)
4(6375 6376 6477 6476)
4(6476 6477 6578 6577)
4(6577 6578 6679 6678)
4(6678 6679 6780 6779)
4(6779 6780 6881 6880)
4(6880 6881 6982 6981)
4(6981 6982 7083 7082)
4(7082 7083 7184 7183)
4(7183 7184 7285 7284)
4(7284 7285 7386 7385)
4(7385 7386 7484 7483)
4(7483 7484 7580 7579)
4(7579 7580 7676 7675)
4(7675 7676 7772 7771)
4(7771 7772 7870 7869)
4(7869 7870 7971 7970)
4(7970 7971 8072 8071)
4(8071 8072 8173 8172)
4(8172 8173 8274 8273)
4(8273 8274 8375 8374)
4(8374 8375 8476 8475)
4(8475 8476 8577 8576)
4(8576 8577 8678 8677)
4(8677 8678 8779 8778)
4(8778 8779 8880 8879)
4(8879 8880 8981 8980)
4(8980 8981 9082 9081)
4(9081 9082 9183 9182)
4(9182 9183 9284 9283)
4(9283 9284 9385 9384)
4(9384 9385 9486 9485)
4(9485 9486 9587 9586)
4(9586 9587 9688 9687)
4(9687 9688 9789 9788)
4(9788 9789 9890 9889)
4(9889 9890 9991 9990)
4(9990 9991 10092 10091)
4(10091 10092 10193 10192)
4(5164 5165 5266 5265)
4(5265 5266 5367 5366)
4(5366 5367 5468 5467)
4(5467 5468 5569 5568)
4(5568 5569 5670 5669)
4(5669 5670 5771 5770)
4(5770 5771 5872 5871)
4(5871 5872 5973 5972)
4(5972 5973 6074 6073)
4(6073 6074 6175 6174)
4(6174 6175 6276 6275)
4(6275 6276 6377 6376)
4(6376 6377 6478 6477)
4(6477 6478 6579 6578)
4(6578 6579 6680 6679)
4(6679 6680 6781 6780)
4(6780 6781 6882 6881)
4(6881 6882 6983 6982)
4(6982 6983 7084 7083)
4(7083 7084 7185 7184)
4(7184 7185 7286 7285)
4(7285 7286 7387 7386)
4(7386 7387 7485 7484)
4(7484 7485 7581 7580)
4(7580 7581 7677 7676)
4(7676 7677 7773 7772)
4(7772 7773 7871 7870)
4(7870 7871 7972 7971)
4(7971 7972 8073 8072)
4(8072 8073 8174 8173)
4(8173 8174 8275 8274)
4(8274 8275 8376 8375)
4(8375 8376 8477 8476)
4(8476 8477 8578 8577)
4(8577 8578 8679 8678)
4(8678 8679 8780 8779)
4(8779 8780 8881 8880)
4(8880 8881 8982 8981)
4(8981 8982 9083 9082)
4(9082 9083 9184 9183)
4(9183 9184 9285 9284)
4(9284 9285 9386 9385)
4(9385 9386 9487 9486)
4(9486 9487 9588 9587)
4(9587 9588 9689 9688)
4(9688 9689 9790 9789)
4(9789 9790 9891 9890)
4(9890 9891 9992 9991)
4(9991 9992 10093 10092)
4(10092 10093 10194 10193)
4(5165 5166 5267 5266)
4(5266 5267 5368 5367)
4(5367 5368 5469 5468)
4(5468 5469 5570 5569)
4(5569 5570 5671 5670)
4(5670 5671 5772 5771)
4(5771 5772 5873 5872)
4(5872 5873 5974 5973)
4(5973 5974 6075 6074)
4(6074 6075 6176 6175)
4(6175 6176 6277 6276)
4(6276 6277 6378 6377)
4(6377 6378 6479 6478)
4(6478 6479 6580 6579)
4(6579 6580 6681 6680)
4(6680 6681 6782 6781)
4(6781 6782 6883 6882)
4(6882 6883 6984 6983)
4(6983 6984 7085 7084)
4(7084 7085 7186 7185)
4(7185 7186 7287 7286)
4(7286 7287 7388 7387)
4(7387 7388 7486 7485)
4(7485 7486 7582 7581)
4(7581 7582 7678 7677)
4(7677 7678 7774 7773)
4(7773 7774 7872 7871)
4(7871 7872 7973 7972)
4(7972 7973 8074 8073)
4(8073 8074 8175 8174)
4(8174 8175 8276 8275)
4(8275 8276 8377 8376)
4(8376 8377 8478 8477)
4(8477 8478 8579 8578)
4(8578 8579 8680 8679)
4(8679 8680 8781 8780)
4(8780 8781 8882 8881)
4(8881 8882 8983 8982)
4(8982 8983 9084 9083)
4(9083 9084 9185 9184)
4(9184 9185 9286 9285)
4(9285 9286 9387 9386)
4(9386 9387 9488 9487)
4(9487 9488 9589 9588)
4(9588 9589 9690 9689)
4(9689 9690 9791 9790)
4(9790 9791 9892 9891)
4(9891 9892 9993 9992)
4(9992 9993 10094 10093)
4(10093 10094 10195 10194)
4(5166 5167 5268 5267)
4(5267 5268 5369 5368)
4(5368 5369 5470 5469)
4(5469 5470 5571 5570)
4(5570 5571 5672 5671)
4(5671 5672 5773 5772)
4(5772 5773 5874 5873)
4(5873 5874 5975 5974)
4(5974 5975 6076 6075)
4(6075 6076 6177 6176)
4(6176 6177 6278 6277)
4(6277 6278 6379 6378)
4(6378 6379 6480 6479)
4(6479 6480 6581 6580)
4(6580 6581 6682 6681)
4(6681 6682 6783 6782)
4(6782 6783 6884 6883)
4(6883 6884 6985 6984)
4(6984 6985 7086 7085)
4(7085 7086 7187 7186)
4(7186 7187 7288 7287)
4(7287 7288 7389 7388)
4(7388 7389 7487 7486)
4(7486 7487 7583 7582)
4(7582 7583 7679 7678)
4(7678 7679 7775 7774)
4(7774 7775 7873 7872)
4(7872 7873 7974 7973)
4(7973 7974 8075 8074)
4(8074 8075 8176 8175)
4(8175 8176 8277 8276)
4(8276 8277 8378 8377)
4(8377 8378 8479 8478)
4(8478 8479 8580 8579)
4(8579 8580 8681 8680)
4(8680 8681 8782 8781)
4(8781 8782 8883 8882)
4(8882 8883 8984 8983)
4(8983 8984 9085 9084)
4(9084 9085 9186 9185)
4(9185 9186 9287 9286)
4(9286 9287 9388 9387)
4(9387 9388 9489 9488)
4(9488 9489 9590 9589)
4(9589 9590 9691 9690)
4(9690 9691 9792 9791)
4(9791 9792 9893 9892)
4(9892 9893 9994 9993)
4(9993 9994 10095 10094)
4(10094 10095 10196 10195)
4(5167 5168 5269 5268)
4(5268 5269 5370 5369)
4(5369 5370 5471 5470)
4(5470 5471 5572 5571)
4(5571 5572 5673 5672)
4(5672 5673 5774 5773)
4(5773 5774 5875 5874)
4(5874 5875 5976 5975)
4(5975 5976 6077 6076)
4(6076 6077 6178 6177)
4(6177 6178 6279 6278)
4(6278 6279 6380 6379)
4(6379 6380 6481 6480)
4(6480 6481 6582 6581)
4(6581 6582 6683 6682)
4(6682 6683 6784 6783)
4(6783 6784 6885 6884)
4(6884 6885 6986 6985)
4(6985 6986 7087 7086)
4(7086 7087 7188 7187)
4(7187 7188 7289 7288)
4(7288 7289 7390 7389)
4(7389 7390 7488 7487)
4(7487 7488 7584 7583)
4(7583 7584 7680 7679)
4(7679 7680 7776 7775)
4(7775 7776 7874 7873)
4(7873 7874 7975 7974)
4(7974 7975 8076 8075)
4(8075 8076 8177 8176)
4(8176 8177 8278 8277)
4(8277 8278 8379 8378)
4(8378 8379 8480 8479)
4(8479 8480 8581 8580)
4(8580 8581 8682 8681)
4(8681 8682 8783 8782)
4(8782 8783 8884 8883)
4(8883 8884 8985 8984)
4(8984 8985 9086 9085)
4(9085 9086 9187 9186)
4(9186 9187 9288 9287)
4(9287 9288 9389 9388)
4(9388 9389 9490 9489)
4(9489 9490 9591 9590)
4(9590 9591 9692 9691)
4(9691 9692 9793 9792)
4(9792 9793 9894 9893)
4(9893 9894 9995 9994)
4(9994 9995 10096 10095)
4(10095 10096 10197 10196)
4(5168 5169 5270 5269)
4(5269 5270 5371 5370)
4(5370 5371 5472 5471)
4(5471 5472 5573 5572)
4(5572 5573 5674 5673)
4(5673 5674 5775 5774)
4(5774 5775 5876 5875)
4(5875 5876 5977 5976)
4(5976 5977 6078 6077)
4(6077 6078 6179 6178)
4(6178 6179 6280 6279)
4(6279 6280 6381 6380)
4(6380 6381 6482 6481)
4(6481 6482 6583 6582)
4(6582 6583 6684 6683)
4(6683 6684 6785 6784)
4(6784 6785 6886 6885)
4(6885 6886 6987 6986)
4(6986 6987 7088 7087)
4(7087 7088 7189 7188)
4(7188 7189 7290 7289)
4(7289 7290 7391 7390)
4(7390 7391 7489 7488)
4(7488 7489 7585 7584)
4(7584 7585 7681 7680)
4(7680 7681 7777 7776)
4(7776 7777 7875 7874)
4(7874 7875 7976 7975)
4(7975 7976 8077 8076)
4(8076 8077 8178 8177)
4(8177 8178 8279 8278)
4(8278 8279 8380 8379)
4(8379 8380 8481 8480)
4(8480 8481 8582 8581)
4(8581 8582 8683 8682)
4(8682 8683 8784 8783)
4(8783 8784 8885 8884)
4(8884 8885 8986 8985)
4(8985 8986 9087 9086)
4(9086 9087 9188 9187)
4(9187 9188 9289 9288)
4(9288 9289 9390 9389)
4(9389 9390 9491 9490)
4(9490 9491 9592 9591)
4(9591 9592 9693 9692)
4(9692 9693 9794 9793)
4(9793 9794 9895 9894)
4(9894 9895 9996 9995)
4(9995 9996 10097 10096)
4(10096 10097 10198 10197)
4(5169 5170 5271 5270)
4(5270 5271 5372 5371)
4(5371 5372 5473 5472)
4(5472 5473 5574 5573)
4(5573 5574 5675 5674)
4(5674 5675 5776 5775)
4(5775 5776 5877 5876)
4(5876 5877 5978 5977)
4(5977 5978 6079 6078)
4(6078 6079 6180 6179)
4(6179 6180 6281 6280)
4(6280 6281 6382 6381)
4(6381 6382 6483 6482)
4(6482 6483 6584 6583)
4(6583 6584 6685 6684)
4(6684 6685 6786 6785)
4(6785 6786 6887 6886)
4(6886 6887 6988 6987)
4(6987 6988 7089 7088)
4(7088 7089 7190 7189)
4(7189 7190 7291 7290)
4(7290 7291 7392 7391)
4(7391 7392 7490 7489)
4(7489 7490 7586 7585)
4(7585 7586 7682 7681)
4(7681 7682 7778 7777)
4(7777 7778 7876 7875)
4(7875 7876 7977 7976)
4(7976 7977 8078 8077)
4(8077 8078 8179 8178)
4(8178 8179 8280 8279)
4(8279 8280 8381 8380)
4(8380 8381 8482 8481)
4(8481 8482 8583 8582)
4(8582 8583 8684 8683)
4(8683 8684 8785 8784)
4(8784 8785 8886 8885)
4(8885 8886 8987 8986)
4(8986 8987 9088 9087)
4(9087 9088 9189 9188)
4(9188 9189 9290 9289)
4(9289 9290 9391 9390)
4(9390 9391 9492 9491)
4(9491 9492 9593 9592)
4(9592 9593 9694 9693)
4(9693 9694 9795 9794)
4(9794 9795 9896 9895)
4(9895 9896 9997 9996)
4(9996 9997 10098 10097)
4(10097 10098 10199 10198)
4(5170 5171 5272 5271)
4(5271 5272 5373 5372)
4(5372 5373 5474 5473)
4(5473 5474 5575 5574)
4(5574 5575 5676 5675)
4(5675 5676 5777 5776)
4(5776 5777 5878 5877)
4(5877 5878 5979 5978)
4(5978 5979 6080 6079)
4(6079 6080 6181 6180)
4(6180 6181 6282 6281)
4(6281 6282 6383 6382)
4(6382 6383 6484 6483)
4(6483 6484 6585 6584)
4(6584 6585 6686 6685)
4(6685 6686 6787 6786)
4(6786 6787 6888 6887)
4(6887 6888 6989 6988)
4(6988 6989 7090 7089)
4(7089 7090 7191 7190)
4(7190 7191 7292 7291)
4(7291 7292 7393 7392)
4(7392 7393 7491 7490)
4(7490 7491 7587 7586)
4(7586 7587 7683 7682)
4(7682 7683 7779 7778)
4(7778 7779 7877 7876)
4(7876 7877 7978 7977)
4(7977 7978 8079 8078)
4(8078 8079 8180 8179)
4(8179 8180 8281 8280)
4(8280 8281 8382 8381)
4(8381 8382 8483 8482)
4(8482 8483 8584 8583)
4(8583 8584 8685 8684)
4(8684 8685 8786 8785)
4(8785 8786 8887 8886)
4(8886 8887 8988 8987)
4(8987 8988 9089 9088)
4(9088 9089 9190 9189)
4(9189 9190 9291 9290)
4(9290 9291 9392 9391)
4(9391 9392 9493 9492)
4(9492 9493 9594 9593)
4(9593 9594 9695 9694)
4(9694 9695 9796 9795)
4(9795 9796 9897 9896)
4(9896 9897 9998 9997)
4(9997 9998 10099 10098)
4(10098 10099 10200 10199)
4(5171 5172 5273 5272)
4(5272 5273 5374 5373)
4(5373 5374 5475 5474)
4(5474 5475 5576 5575)
4(5575 5576 5677 5676)
4(5676 5677 5778 5777)
4(5777 5778 5879 5878)
4(5878 5879 5980 5979)
4(5979 5980 6081 6080)
4(6080 6081 6182 6181)
4(6181 6182 6283 6282)
4(6282 6283 6384 6383)
4(6383 6384 6485 6484)
4(6484 6485 6586 6585)
4(6585 6586 6687 6686)
4(6686 6687 6788 6787)
4(6787 6788 6889 6888)
4(6888 6889 6990 6989)
4(6989 6990 7091 7090)
4(7090 7091 7192 7191)
4(7191 7192 7293 7292)
4(7292 7293 7394 7393)
4(7393 7394 7492 7491)
4(7491 7492 7588 7587)
4(7587 7588 7684 7683)
4(7683 7684 7780 7779)
4(7779 7780 7878 7877)
4(7877 7878 7979 7978)
4(7978 7979 8080 8079)
4(8079 8080 8181 8180)
4(8180 8181 8282 8281)
4(8281 8282 8383 8382)
4(8382 8383 8484 8483)
4(8483 8484 8585 8584)
4(8584 8585 8686 8685)
4(8685 8686 8787 8786)
4(8786 8787 8888 8887)
4(8887 8888 8989 8988)
4(8988 8989 9090 9089)
4(9089 9090 9191 9190)
4(9190 9191 9292 9291)
4(9291 9292 9393 9392)
4(9392 9393 9494 9493)
4(9493 9494 9595 9594)
4(9594 9595 9696 9695)
4(9695 9696 9797 9796)
4(9796 9797 9898 9897)
4(9897 9898 9999 9998)
4(9998 9999 10100 10099)
4(10099 10100 10201 10200)
4(5172 5173 5274 5273)
4(5273 5274 5375 5374)
4(5374 5375 5476 5475)
4(5475 5476 5577 5576)
4(5576 5577 5678 5677)
4(5677 5678 5779 5778)
4(5778 5779 5880 5879)
4(5879 5880 5981 5980)
4(5980 5981 6082 6081)
4(6081 6082 6183 6182)
4(6182 6183 6284 6283)
4(6283 6284 6385 6384)
4(6384 6385 6486 6485)
4(6485 6486 6587 6586)
4(6586 6587 6688 6687)
4(6687 6688 6789 6788)
4(6788 6789 6890 6889)
4(6889 6890 6991 6990)
4(6990 6991 7092 7091)
4(7091 7092 7193 7192)
4(7192 7193 7294 7293)
4(7293 7294 7395 7394)
4(7394 7395 7493 7492)
4(7492 7493 7589 7588)
4(7588 7589 7685 7684)
4(7684 7685 7781 7780)
4(7780 7781 7879 7878)
4(7878 7879 7980 7979)
4(7979 7980 8081 8080)
4(8080 8081 8182 8181)
4(8181 8182 8283 8282)
4(8282 8283 8384 8383)
4(8383 8384 8485 8484)
4(8484 8485 8586 8585)
4(8585 8586 8687 8686)
4(8686 8687 8788 8787)
4(8787 8788 8889 8888)
4(8888 8889 8990 8989)
4(8989 8990 9091 9090)
4(9090 9091 9192 9191)
4(9191 9192 9293 9292)
4(9292 9293 9394 9393)
4(9393 9394 9495 9494)
4(9494 9495 9596 9595)
4(9595 9596 9697 9696)
4(9696 9697 9798 9797)
4(9797 9798 9899 9898)
4(9898 9899 10000 9999)
4(9999 10000 10101 10100)
4(10100 10101 10202 10201)
4(5173 5174 5275 5274)
4(5274 5275 5376 5375)
4(5375 5376 5477 5476)
4(5476 5477 5578 5577)
4(5577 5578 5679 5678)
4(5678 5679 5780 5779)
4(5779 5780 5881 5880)
4(5880 5881 5982 5981)
4(5981 5982 6083 6082)
4(6082 6083 6184 6183)
4(6183 6184 6285 6284)
4(6284 6285 6386 6385)
4(6385 6386 6487 6486)
4(6486 6487 6588 6587)
4(6587 6588 6689 6688)
4(6688 6689 6790 6789)
4(6789 6790 6891 6890)
4(6890 6891 6992 6991)
4(6991 6992 7093 7092)
4(7092 7093 7194 7193)
4(7193 7194 7295 7294)
4(7294 7295 7396 7395)
4(7395 7396 7494 7493)
4(7493 7494 7590 7589)
4(7589 7590 7686 7685)
4(7685 7686 7782 7781)
4(7781 7782 7880 7879)
4(7879 7880 7981 7980)
4(7980 7981 8082 8081)
4(8081 8082 8183 8182)
4(8182 8183 8284 8283)
4(8283 8284 8385 8384)
4(8384 8385 8486 8485)
4(8485 8486 8587 8586)
4(8586 8587 8688 8687)
4(8687 8688 8789 8788)
4(8788 8789 8890 8889)
4(8889 8890 8991 8990)
4(8990 8991 9092 9091)
4(9091 9092 9193 9192)
4(9192 9193 9294 9293)
4(9293 9294 9395 9394)
4(9394 9395 9496 9495)
4(9495 9496 9597 9596)
4(9596 9597 9698 9697)
4(9697 9698 9799 9798)
4(9798 9799 9900 9899)
4(9899 9900 10001 10000)
4(10000 10001 10102 10101)
4(10101 10102 10203 10202)
4(5174 5175 5276 5275)
4(5275 5276 5377 5376)
4(5376 5377 5478 5477)
4(5477 5478 5579 5578)
4(5578 5579 5680 5679)
4(5679 5680 5781 5780)
4(5780 5781 5882 5881)
4(5881 5882 5983 5982)
4(5982 5983 6084 6083)
4(6083 6084 6185 6184)
4(6184 6185 6286 6285)
4(6285 6286 6387 6386)
4(6386 6387 6488 6487)
4(6487 6488 6589 6588)
4(6588 6589 6690 6689)
4(6689 6690 6791 6790)
4(6790 6791 6892 6891)
4(6891 6892 6993 6992)
4(6992 6993 7094 7093)
4(7093 7094 7195 7194)
4(7194 7195 7296 7295)
4(7295 7296 7397 7396)
4(7396 7397 7495 7494)
4(7494 7495 7591 7590)
4(7590 7591 7687 7686)
4(7686 7687 7783 7782)
4(7782 7783 7881 7880)
4(7880 7881 7982 7981)
4(7981 7982 8083 8082)
4(8082 8083 8184 8183)
4(8183 8184 8285 8284)
4(8284 8285 8386 8385)
4(8385 8386 8487 8486)
4(8486 8487 8588 8587)
4(8587 8588 8689 8688)
4(8688 8689 8790 8789)
4(8789 8790 8891 8890)
4(8890 8891 8992 8991)
4(8991 8992 9093 9092)
4(9092 9093 9194 9193)
4(9193 9194 9295 9294)
4(9294 9295 9396 9395)
4(9395 9396 9497 9496)
4(9496 9497 9598 9597)
4(9597 9598 9699 9698)
4(9698 9699 9800 9799)
4(9799 9800 9901 9900)
4(9900 9901 10002 10001)
4(10001 10002 10103 10102)
4(10102 10103 10204 10203)
4(5175 5176 5277 5276)
4(5276 5277 5378 5377)
4(5377 5378 5479 5478)
4(5478 5479 5580 5579)
4(5579 5580 5681 5680)
4(5680 5681 5782 5781)
4(5781 5782 5883 5882)
4(5882 5883 5984 5983)
4(5983 5984 6085 6084)
4(6084 6085 6186 6185)
4(6185 6186 6287 6286)
4(6286 6287 6388 6387)
4(6387 6388 6489 6488)
4(6488 6489 6590 6589)
4(6589 6590 6691 6690)
4(6690 6691 6792 6791)
4(6791 6792 6893 6892)
4(6892 6893 6994 6993)
4(6993 6994 7095 7094)
4(7094 7095 7196 7195)
4(7195 7196 7297 7296)
4(7296 7297 7398 7397)
4(7397 7398 7496 7495)
4(7495 7496 7592 7591)
4(7591 7592 7688 7687)
4(7687 7688 7784 7783)
4(7783 7784 7882 7881)
4(7881 7882 7983 7982)
4(7982 7983 8084 8083)
4(8083 8084 8185 8184)
4(8184 8185 8286 8285)
4(8285 8286 8387 8386)
4(8386 8387 8488 8487)
4(8487 8488 8589 8588)
4(8588 8589 8690 8689)
4(8689 8690 8791 8790)
4(8790 8791 8892 8891)
4(8891 8892 8993 8992)
4(8992 8993 9094 9093)
4(9093 9094 9195 9194)
4(9194 9195 9296 9295)
4(9295 9296 9397 9396)
4(9396 9397 9498 9497)
4(9497 9498 9599 9598)
4(9598 9599 9700 9699)
4(9699 9700 9801 9800)
4(9800 9801 9902 9901)
4(9901 9902 10003 10002)
4(10002 10003 10104 10103)
4(10103 10104 10205 10204)
4(5176 5177 5278 5277)
4(5277 5278 5379 5378)
4(5378 5379 5480 5479)
4(5479 5480 5581 5580)
4(5580 5581 5682 5681)
4(5681 5682 5783 5782)
4(5782 5783 5884 5883)
4(5883 5884 5985 5984)
4(5984 5985 6086 6085)
4(6085 6086 6187 6186)
4(6186 6187 6288 6287)
4(6287 6288 6389 6388)
4(6388 6389 6490 6489)
4(6489 6490 6591 6590)
4(6590 6591 6692 6691)
4(6691 6692 6793 6792)
4(6792 6793 6894 6893)
4(6893 6894 6995 6994)
4(6994 6995 7096 7095)
4(7095 7096 7197 7196)
4(7196 7197 7298 7297)
4(7297 7298 7399 7398)
4(7398 7399 7497 7496)
4(7496 7497 7593 7592)
4(7592 7593 7689 7688)
4(7688 7689 7785 7784)
4(7784 7785 7883 7882)
4(7882 7883 7984 7983)
4(7983 7984 8085 8084)
4(8084 8085 8186 8185)
4(8185 8186 8287 8286)
4(8286 8287 8388 8387)
4(8387 8388 8489 8488)
4(8488 8489 8590 8589)
4(8589 8590 8691 8690)
4(8690 8691 8792 8791)
4(8791 8792 8893 8892)
4(8892 8893 8994 8993)
4(8993 8994 9095 9094)
4(9094 9095 9196 9195)
4(9195 9196 9297 9296)
4(9296 9297 9398 9397)
4(9397 9398 9499 9498)
4(9498 9499 9600 9599)
4(9599 9600 9701 9700)
4(9700 9701 9802 9801)
4(9801 9802 9903 9902)
4(9902 9903 10004 10003)
4(10003 10004 10105 10104)
4(10104 10105 10206 10205)
4(5177 5178 5279 5278)
4(5278 5279 5380 5379)
4(5379 5380 5481 5480)
4(5480 5481 5582 5581)
4(5581 5582 5683 5682)
4(5682 5683 5784 5783)
4(5783 5784 5885 5884)
4(5884 5885 5986 5985)
4(5985 5986 6087 6086)
4(6086 6087 6188 6187)
4(6187 6188 6289 6288)
4(6288 6289 6390 6389)
4(6389 6390 6491 6490)
4(6490 6491 6592 6591)
4(6591 6592 6693 6692)
4(6692 6693 6794 6793)
4(6793 6794 6895 6894)
4(6894 6895 6996 6995)
4(6995 6996 7097 7096)
4(7096 7097 7198 7197)
4(7197 7198 7299 7298)
4(7298 7299 7400 7399)
4(7399 7400 7498 7497)
4(7497 7498 7594 7593)
4(7593 7594 7690 7689)
4(7689 7690 7786 7785)
4(7785 7786 7884 7883)
4(7883 7884 7985 7984)
4(7984 7985 8086 8085)
4(8085 8086 8187 8186)
4(8186 8187 8288 8287)
4(8287 8288 8389 8388)
4(8388 8389 8490 8489)
4(8489 8490 8591 8590)
4(8590 8591 8692 8691)
4(8691 8692 8793 8792)
4(8792 8793 8894 8893)
4(8893 8894 8995 8994)
4(8994 8995 9096 9095)
4(9095 9096 9197 9196)
4(9196 9197 9298 9297)
4(9297 9298 9399 9398)
4(9398 9399 9500 9499)
4(9499 9500 9601 9600)
4(9600 9601 9702 9701)
4(9701 9702 9803 9802)
4(9802 9803 9904 9903)
4(9903 9904 10005 10004)
4(10004 10005 10106 10105)
4(10105 10106 10207 10206)
4(5178 5179 5280 5279)
4(5279 5280 5381 5380)
4(5380 5381 5482 5481)
4(5481 5482 5583 5582)
4(5582 5583 5684 5683)
4(5683 5684 5785 5784)
4(5784 5785 5886 5885)
4(5885 5886 5987 5986)
4(5986 5987 6088 6087)
4(6087 6088 6189 6188)
4(6188 6189 6290 6289)
4(6289 6290 6391 6390)
4(6390 6391 6492 6491)
4(6491 6492 6593 6592)
4(6592 6593 6694 6693)
4(6693 6694 6795 6794)
4(6794 6795 6896 6895)
4(6895 6896 6997 6996)
4(6996 6997 7098 7097)
4(7097 7098 7199 7198)
4(7198 7199 7300 7299)
4(7299 7300 7401 7400)
4(7400 7401 7499 7498)
4(7498 7499 7595 7594)
4(7594 7595 7691 7690)
4(7690 7691 7787 7786)
4(7786 7787 7885 7884)
4(7884 7885 7986 7985)
4(7985 7986 8087 8086)
4(8086 8087 8188 8187)
4(8187 8188 8289 8288)
4(8288 8289 8390 8389)
4(8389 8390 8491 8490)
4(8490 8491 8592 8591)
4(8591 8592 8693 8692)
4(8692 8693 8794 8793)
4(8793 8794 8895 8894)
4(8894 8895 8996 8995)
4(8995 8996 9097 9096)
4(9096 9097 9198 9197)
4(9197 9198 9299 9298)
4(9298 9299 9400 9399)
4(9399 9400 9501 9500)
4(9500 9501 9602 9601)
4(9601 9602 9703 9702)
4(9702 9703 9804 9803)
4(9803 9804 9905 9904)
4(9904 9905 10006 10005)
4(10005 10006 10107 10106)
4(10106 10107 10208 10207)
4(5179 5180 5281 5280)
4(5280 5281 5382 5381)
4(5381 5382 5483 5482)
4(5482 5483 5584 5583)
4(5583 5584 5685 5684)
4(5684 5685 5786 5785)
4(5785 5786 5887 5886)
4(5886 5887 5988 5987)
4(5987 5988 6089 6088)
4(6088 6089 6190 6189)
4(6189 6190 6291 6290)
4(6290 6291 6392 6391)
4(6391 6392 6493 6492)
4(6492 6493 6594 6593)
4(6593 6594 6695 6694)
4(6694 6695 6796 6795)
4(6795 6796 6897 6896)
4(6896 6897 6998 6997)
4(6997 6998 7099 7098)
4(7098 7099 7200 7199)
4(7199 7200 7301 7300)
4(7300 7301 7402 7401)
4(7401 7402 7500 7499)
4(7499 7500 7596 7595)
4(7595 7596 7692 7691)
4(7691 7692 7788 7787)
4(7787 7788 7886 7885)
4(7885 7886 7987 7986)
4(7986 7987 8088 8087)
4(8087 8088 8189 8188)
4(8188 8189 8290 8289)
4(8289 8290 8391 8390)
4(8390 8391 8492 8491)
4(8491 8492 8593 8592)
4(8592 8593 8694 8693)
4(8693 8694 8795 8794)
4(8794 8795 8896 8895)
4(8895 8896 8997 8996)
4(8996 8997 9098 9097)
4(9097 9098 9199 9198)
4(9198 9199 9300 9299)
4(9299 9300 9401 9400)
4(9400 9401 9502 9501)
4(9501 9502 9603 9602)
4(9602 9603 9704 9703)
4(9703 9704 9805 9804)
4(9804 9805 9906 9905)
4(9905 9906 10007 10006)
4(10006 10007 10108 10107)
4(10107 10108 10209 10208)
4(5180 5181 5282 5281)
4(5281 5282 5383 5382)
4(5382 5383 5484 5483)
4(5483 5484 5585 5584)
4(5584 5585 5686 5685)
4(5685 5686 5787 5786)
4(5786 5787 5888 5887)
4(5887 5888 5989 5988)
4(5988 5989 6090 6089)
4(6089 6090 6191 6190)
4(6190 6191 6292 6291)
4(6291 6292 6393 6392)
4(6392 6393 6494 6493)
4(6493 6494 6595 6594)
4(6594 6595 6696 6695)
4(6695 6696 6797 6796)
4(6796 6797 6898 6897)
4(6897 6898 6999 6998)
4(6998 6999 7100 7099)
4(7099 7100 7201 7200)
4(7200 7201 7302 7301)
4(7301 7302 7403 7402)
4(7402 7403 7501 7500)
4(7500 7501 7597 7596)
4(7596 7597 7693 7692)
4(7692 7693 7789 7788)
4(7788 7789 7887 7886)
4(7886 7887 7988 7987)
4(7987 7988 8089 8088)
4(8088 8089 8190 8189)
4(8189 8190 8291 8290)
4(8290 8291 8392 8391)
4(8391 8392 8493 8492)
4(8492 8493 8594 8593)
4(8593 8594 8695 8694)
4(8694 8695 8796 8795)
4(8795 8796 8897 8896)
4(8896 8897 8998 8997)
4(8997 8998 9099 9098)
4(9098 9099 9200 9199)
4(9199 9200 9301 9300)
4(9300 9301 9402 9401)
4(9401 9402 9503 9502)
4(9502 9503 9604 9603)
4(9603 9604 9705 9704)
4(9704 9705 9806 9805)
4(9805 9806 9907 9906)
4(9906 9907 10008 10007)
4(10007 10008 10109 10108)
4(10108 10109 10210 10209)
4(5181 5182 5283 5282)
4(5282 5283 5384 5383)
4(5383 5384 5485 5484)
4(5484 5485 5586 5585)
4(5585 5586 5687 5686)
4(5686 5687 5788 5787)
4(5787 5788 5889 5888)
4(5888 5889 5990 5989)
4(5989 5990 6091 6090)
4(6090 6091 6192 6191)
4(6191 6192 6293 6292)
4(6292 6293 6394 6393)
4(6393 6394 6495 6494)
4(6494 6495 6596 6595)
4(6595 6596 6697 6696)
4(6696 6697 6798 6797)
4(6797 6798 6899 6898)
4(6898 6899 7000 6999)
4(6999 7000 7101 7100)
4(7100 7101 7202 7201)
4(7201 7202 7303 7302)
4(7302 7303 7404 7403)
4(7403 7404 7502 7501)
4(7501 7502 7598 7597)
4(7597 7598 7694 7693)
4(7693 7694 7790 7789)
4(7789 7790 7888 7887)
4(7887 7888 7989 7988)
4(7988 7989 8090 8089)
4(8089 8090 8191 8190)
4(8190 8191 8292 8291)
4(8291 8292 8393 8392)
4(8392 8393 8494 8493)
4(8493 8494 8595 8594)
4(8594 8595 8696 8695)
4(8695 8696 8797 8796)
4(8796 8797 8898 8897)
4(8897 8898 8999 8998)
4(8998 8999 9100 9099)
4(9099 9100 9201 9200)
4(9200 9201 9302 9301)
4(9301 9302 9403 9402)
4(9402 9403 9504 9503)
4(9503 9504 9605 9604)
4(9604 9605 9706 9705)
4(9705 9706 9807 9806)
4(9806 9807 9908 9907)
4(9907 9908 10009 10008)
4(10008 10009 10110 10109)
4(10109 10110 10211 10210)
4(5182 5183 5284 5283)
4(5283 5284 5385 5384)
4(5384 5385 5486 5485)
4(5485 5486 5587 5586)
4(5586 5587 5688 5687)
4(5687 5688 5789 5788)
4(5788 5789 5890 5889)
4(5889 5890 5991 5990)
4(5990 5991 6092 6091)
4(6091 6092 6193 6192)
4(6192 6193 6294 6293)
4(6293 6294 6395 6394)
4(6394 6395 6496 6495)
4(6495 6496 6597 6596)
4(6596 6597 6698 6697)
4(6697 6698 6799 6798)
4(6798 6799 6900 6899)
4(6899 6900 7001 7000)
4(7000 7001 7102 7101)
4(7101 7102 7203 7202)
4(7202 7203 7304 7303)
4(7303 7304 7405 7404)
4(7404 7405 7503 7502)
4(7502 7503 7599 7598)
4(7598 7599 7695 7694)
4(7694 7695 7791 7790)
4(7790 7791 7889 7888)
4(7888 7889 7990 7989)
4(7989 7990 8091 8090)
4(8090 8091 8192 8191)
4(8191 8192 8293 8292)
4(8292 8293 8394 8393)
4(8393 8394 8495 8494)
4(8494 8495 8596 8595)
4(8595 8596 8697 8696)
4(8696 8697 8798 8797)
4(8797 8798 8899 8898)
4(8898 8899 9000 8999)
4(8999 9000 9101 9100)
4(9100 9101 9202 9201)
4(9201 9202 9303 9302)
4(9302 9303 9404 9403)
4(9403 9404 9505 9504)
4(9504 9505 9606 9605)
4(9605 9606 9707 9706)
4(9706 9707 9808 9807)
4(9807 9808 9909 9908)
4(9908 9909 10010 10009)
4(10009 10010 10111 10110)
4(10110 10111 10212 10211)
4(5183 5184 5285 5284)
4(5284 5285 5386 5385)
4(5385 5386 5487 5486)
4(5486 5487 5588 5587)
4(5587 5588 5689 5688)
4(5688 5689 5790 5789)
4(5789 5790 5891 5890)
4(5890 5891 5992 5991)
4(5991 5992 6093 6092)
4(6092 6093 6194 6193)
4(6193 6194 6295 6294)
4(6294 6295 6396 6395)
4(6395 6396 6497 6496)
4(6496 6497 6598 6597)
4(6597 6598 6699 6698)
4(6698 6699 6800 6799)
4(6799 6800 6901 6900)
4(6900 6901 7002 7001)
4(7001 7002 7103 7102)
4(7102 7103 7204 7203)
4(7203 7204 7305 7304)
4(7304 7305 7406 7405)
4(7405 7406 7504 7503)
4(7503 7504 7600 7599)
4(7599 7600 7696 7695)
4(7695 7696 7792 7791)
4(7791 7792 7890 7889)
4(7889 7890 7991 7990)
4(7990 7991 8092 8091)
4(8091 8092 8193 8192)
4(8192 8193 8294 8293)
4(8293 8294 8395 8394)
4(8394 8395 8496 8495)
4(8495 8496 8597 8596)
4(8596 8597 8698 8697)
4(8697 8698 8799 8798)
4(8798 8799 8900 8899)
4(8899 8900 9001 9000)
4(9000 9001 9102 9101)
4(9101 9102 9203 9202)
4(9202 9203 9304 9303)
4(9303 9304 9405 9404)
4(9404 9405 9506 9505)
4(9505 9506 9607 9606)
4(9606 9607 9708 9707)
4(9707 9708 9809 9808)
4(9808 9809 9910 9909)
4(9909 9910 10011 10010)
4(10010 10011 10112 10111)
4(10111 10112 10213 10212)
4(5184 5185 5286 5285)
4(5285 5286 5387 5386)
4(5386 5387 5488 5487)
4(5487 5488 5589 5588)
4(5588 5589 5690 5689)
4(5689 5690 5791 5790)
4(5790 5791 5892 5891)
4(5891 5892 5993 5992)
4(5992 5993 6094 6093)
4(6093 6094 6195 6194)
4(6194 6195 6296 6295)
4(6295 6296 6397 6396)
4(6396 6397 6498 6497)
4(6497 6498 6599 6598)
4(6598 6599 6700 6699)
4(6699 6700 6801 6800)
4(6800 6801 6902 6901)
4(6901 6902 7003 7002)
4(7002 7003 7104 7103)
4(7103 7104 7205 7204)
4(7204 7205 7306 7305)
4(7305 7306 7407 7406)
4(7406 7407 7505 7504)
4(7504 7505 7601 7600)
4(7600 7601 7697 7696)
4(7696 7697 7793 7792)
4(7792 7793 7891 7890)
4(7890 7891 7992 7991)
4(7991 7992 8093 8092)
4(8092 8093 8194 8193)
4(8193 8194 8295 8294)
4(8294 8295 8396 8395)
4(8395 8396 8497 8496)
4(8496 8497 8598 8597)
4(8597 8598 8699 8698)
4(8698 8699 8800 8799)
4(8799 8800 8901 8900)
4(8900 8901 9002 9001)
4(9001 9002 9103 9102)
4(9102 9103 9204 9203)
4(9203 9204 9305 9304)
4(9304 9305 9406 9405)
4(9405 9406 9507 9506)
4(9506 9507 9608 9607)
4(9607 9608 9709 9708)
4(9708 9709 9810 9809)
4(9809 9810 9911 9910)
4(9910 9911 10012 10011)
4(10011 10012 10113 10112)
4(10112 10113 10214 10213)
4(5185 5186 5287 5286)
4(5286 5287 5388 5387)
4(5387 5388 5489 5488)
4(5488 5489 5590 5589)
4(5589 5590 5691 5690)
4(5690 5691 5792 5791)
4(5791 5792 5893 5892)
4(5892 5893 5994 5993)
4(5993 5994 6095 6094)
4(6094 6095 6196 6195)
4(6195 6196 6297 6296)
4(6296 6297 6398 6397)
4(6397 6398 6499 6498)
4(6498 6499 6600 6599)
4(6599 6600 6701 6700)
4(6700 6701 6802 6801)
4(6801 6802 6903 6902)
4(6902 6903 7004 7003)
4(7003 7004 7105 7104)
4(7104 7105 7206 7205)
4(7205 7206 7307 7306)
4(7306 7307 7408 7407)
4(7407 7408 7506 7505)
4(7505 7506 7602 7601)
4(7601 7602 7698 7697)
4(7697 7698 7794 7793)
4(7793 7794 7892 7891)
4(7891 7892 7993 7992)
4(7992 7993 8094 8093)
4(8093 8094 8195 8194)
4(8194 8195 8296 8295)
4(8295 8296 8397 8396)
4(8396 8397 8498 8497)
4(8497 8498 8599 8598)
4(8598 8599 8700 8699)
4(8699 8700 8801 8800)
4(8800 8801 8902 8901)
4(8901 8902 9003 9002)
4(9002 9003 9104 9103)
4(9103 9104 9205 9204)
4(9204 9205 9306 9305)
4(9305 9306 9407 9406)
4(9406 9407 9508 9507)
4(9507 9508 9609 9608)
4(9608 9609 9710 9709)
4(9709 9710 9811 9810)
4(9810 9811 9912 9911)
4(9911 9912 10013 10012)
4(10012 10013 10114 10113)
4(10113 10114 10215 10214)
4(5186 5187 5288 5287)
4(5287 5288 5389 5388)
4(5388 5389 5490 5489)
4(5489 5490 5591 5590)
4(5590 5591 5692 5691)
4(5691 5692 5793 5792)
4(5792 5793 5894 5893)
4(5893 5894 5995 5994)
4(5994 5995 6096 6095)
4(6095 6096 6197 6196)
4(6196 6197 6298 6297)
4(6297 6298 6399 6398)
4(6398 6399 6500 6499)
4(6499 6500 6601 6600)
4(6600 6601 6702 6701)
4(6701 6702 6803 6802)
4(6802 6803 6904 6903)
4(6903 6904 7005 7004)
4(7004 7005 7106 7105)
4(7105 7106 7207 7206)
4(7206 7207 7308 7307)
4(7307 7308 7409 7408)
4(7408 7409 7507 7506)
4(7506 7507 7603 7602)
4(7602 7603 7699 7698)
4(7698 7699 7795 7794)
4(7794 7795 7893 7892)
4(7892 7893 7994 7993)
4(7993 7994 8095 8094)
4(8094 8095 8196 8195)
4(8195 8196 8297 8296)
4(8296 8297 8398 8397)
4(8397 8398 8499 8498)
4(8498 8499 8600 8599)
4(8599 8600 8701 8700)
4(8700 8701 8802 8801)
4(8801 8802 8903 8902)
4(8902 8903 9004 9003)
4(9003 9004 9105 9104)
4(9104 9105 9206 9205)
4(9205 9206 9307 9306)
4(9306 9307 9408 9407)
4(9407 9408 9509 9508)
4(9508 9509 9610 9609)
4(9609 9610 9711 9710)
4(9710 9711 9812 9811)
4(9811 9812 9913 9912)
4(9912 9913 10014 10013)
4(10013 10014 10115 10114)
4(10114 10115 10216 10215)
4(5187 5188 5289 5288)
4(5288 5289 5390 5389)
4(5389 5390 5491 5490)
4(5490 5491 5592 5591)
4(5591 5592 5693 5692)
4(5692 5693 5794 5793)
4(5793 5794 5895 5894)
4(5894 5895 5996 5995)
4(5995 5996 6097 6096)
4(6096 6097 6198 6197)
4(6197 6198 6299 6298)
4(6298 6299 6400 6399)
4(6399 6400 6501 6500)
4(6500 6501 6602 6601)
4(6601 6602 6703 6702)
4(6702 6703 6804 6803)
4(6803 6804 6905 6904)
4(6904 6905 7006 7005)
4(7005 7006 7107 7106)
4(7106 7107 7208 7207)
4(7207 7208 7309 7308)
4(7308 7309 7410 7409)
4(7409 7410 7508 7507)
4(7507 7508 7604 7603)
4(7603 7604 7700 7699)
4(7699 7700 7796 7795)
4(7795 7796 7894 7893)
4(7893 7894 7995 7994)
4(7994 7995 8096 8095)
4(8095 8096 8197 8196)
4(8196 8197 8298 8297)
4(8297 8298 8399 8398)
4(8398 8399 8500 8499)
4(8499 8500 8601 8600)
4(8600 8601 8702 8701)
4(8701 8702 8803 8802)
4(8802 8803 8904 8903)
4(8903 8904 9005 9004)
4(9004 9005 9106 9105)
4(9105 9106 9207 9206)
4(9206 9207 9308 9307)
4(9307 9308 9409 9408)
4(9408 9409 9510 9509)
4(9509 9510 9611 9610)
4(9610 9611 9712 9711)
4(9711 9712 9813 9812)
4(9812 9813 9914 9913)
4(9913 9914 10015 10014)
4(10014 10015 10116 10115)
4(10115 10116 10217 10216)
4(5188 5189 5290 5289)
4(5289 5290 5391 5390)
4(5390 5391 5492 5491)
4(5491 5492 5593 5592)
4(5592 5593 5694 5693)
4(5693 5694 5795 5794)
4(5794 5795 5896 5895)
4(5895 5896 5997 5996)
4(5996 5997 6098 6097)
4(6097 6098 6199 6198)
4(6198 6199 6300 6299)
4(6299 6300 6401 6400)
4(6400 6401 6502 6501)
4(6501 6502 6603 6602)
4(6602 6603 6704 6703)
4(6703 6704 6805 6804)
4(6804 6805 6906 6905)
4(6905 6906 7007 7006)
4(7006 7007 7108 7107)
4(7107 7108 7209 7208)
4(7208 7209 7310 7309)
4(7309 7310 7411 7410)
4(7410 7411 7509 7508)
4(7508 7509 7605 7604)
4(7604 7605 7701 7700)
4(7700 7701 7797 7796)
4(7796 7797 7895 7894)
4(7894 7895 7996 7995)
4(7995 7996 8097 8096)
4(8096 8097 8198 8197)
4(8197 8198 8299 8298)
4(8298 8299 8400 8399)
4(8399 8400 8501 8500)
4(8500 8501 8602 8601)
4(8601 8602 8703 8702)
4(8702 8703 8804 8803)
4(8803 8804 8905 8904)
4(8904 8905 9006 9005)
4(9005 9006 9107 9106)
4(9106 9107 9208 9207)
4(9207 9208 9309 9308)
4(9308 9309 9410 9409)
4(9409 9410 9511 9510)
4(9510 9511 9612 9611)
4(9611 9612 9713 9712)
4(9712 9713 9814 9813)
4(9813 9814 9915 9914)
4(9914 9915 10016 10015)
4(10015 10016 10117 10116)
4(10116 10117 10218 10217)
4(5189 5190 5291 5290)
4(5290 5291 5392 5391)
4(5391 5392 5493 5492)
4(5492 5493 5594 5593)
4(5593 5594 5695 5694)
4(5694 5695 5796 5795)
4(5795 5796 5897 5896)
4(5896 5897 5998 5997)
4(5997 5998 6099 6098)
4(6098 6099 6200 6199)
4(6199 6200 6301 6300)
4(6300 6301 6402 6401)
4(6401 6402 6503 6502)
4(6502 6503 6604 6603)
4(6603 6604 6705 6704)
4(6704 6705 6806 6805)
4(6805 6806 6907 6906)
4(6906 6907 7008 7007)
4(7007 7008 7109 7108)
4(7108 7109 7210 7209)
4(7209 7210 7311 7310)
4(7310 7311 7412 7411)
4(7411 7412 7510 7509)
4(7509 7510 7606 7605)
4(7605 7606 7702 7701)
4(7701 7702 7798 7797)
4(7797 7798 7896 7895)
4(7895 7896 7997 7996)
4(7996 7997 8098 8097)
4(8097 8098 8199 8198)
4(8198 8199 8300 8299)
4(8299 8300 8401 8400)
4(8400 8401 8502 8501)
4(8501 8502 8603 8602)
4(8602 8603 8704 8703)
4(8703 8704 8805 8804)
4(8804 8805 8906 8905)
4(8905 8906 9007 9006)
4(9006 9007 9108 9107)
4(9107 9108 9209 9208)
4(9208 9209 9310 9309)
4(9309 9310 9411 9410)
4(9410 9411 9512 9511)
4(9511 9512 9613 9612)
4(9612 9613 9714 9713)
4(9713 9714 9815 9814)
4(9814 9815 9916 9915)
4(9915 9916 10017 10016)
4(10016 10017 10118 10117)
4(10117 10118 10219 10218)
4(5190 5191 5292 5291)
4(5291 5292 5393 5392)
4(5392 5393 5494 5493)
4(5493 5494 5595 5594)
4(5594 5595 5696 5695)
4(5695 5696 5797 5796)
4(5796 5797 5898 5897)
4(5897 5898 5999 5998)
4(5998 5999 6100 6099)
4(6099 6100 6201 6200)
4(6200 6201 6302 6301)
4(6301 6302 6403 6402)
4(6402 6403 6504 6503)
4(6503 6504 6605 6604)
4(6604 6605 6706 6705)
4(6705 6706 6807 6806)
4(6806 6807 6908 6907)
4(6907 6908 7009 7008)
4(7008 7009 7110 7109)
4(7109 7110 7211 7210)
4(7210 7211 7312 7311)
4(7311 7312 7413 7412)
4(7412 7413 7511 7510)
4(7510 7511 7607 7606)
4(7606 7607 7703 7702)
4(7702 7703 7799 7798)
4(7798 7799 7897 7896)
4(7896 7897 7998 7997)
4(7997 7998 8099 8098)
4(8098 8099 8200 8199)
4(8199 8200 8301 8300)
4(8300 8301 8402 8401)
4(8401 8402 8503 8502)
4(8502 8503 8604 8603)
4(8603 8604 8705 8704)
4(8704 8705 8806 8805)
4(8805 8806 8907 8906)
4(8906 8907 9008 9007)
4(9007 9008 9109 9108)
4(9108 9109 9210 9209)
4(9209 9210 9311 9310)
4(9310 9311 9412 9411)
4(9411 9412 9513 9512)
4(9512 9513 9614 9613)
4(9613 9614 9715 9714)
4(9714 9715 9816 9815)
4(9815 9816 9917 9916)
4(9916 9917 10018 10017)
4(10017 10018 10119 10118)
4(10118 10119 10220 10219)
4(5191 5192 5293 5292)
4(5292 5293 5394 5393)
4(5393 5394 5495 5494)
4(5494 5495 5596 5595)
4(5595 5596 5697 5696)
4(5696 5697 5798 5797)
4(5797 5798 5899 5898)
4(5898 5899 6000 5999)
4(5999 6000 6101 6100)
4(6100 6101 6202 6201)
4(6201 6202 6303 6302)
4(6302 6303 6404 6403)
4(6403 6404 6505 6504)
4(6504 6505 6606 6605)
4(6605 6606 6707 6706)
4(6706 6707 6808 6807)
4(6807 6808 6909 6908)
4(6908 6909 7010 7009)
4(7009 7010 7111 7110)
4(7110 7111 7212 7211)
4(7211 7212 7313 7312)
4(7312 7313 7414 7413)
4(7413 7414 7512 7511)
4(7511 7512 7608 7607)
4(7607 7608 7704 7703)
4(7703 7704 7800 7799)
4(7799 7800 7898 7897)
4(7897 7898 7999 7998)
4(7998 7999 8100 8099)
4(8099 8100 8201 8200)
4(8200 8201 8302 8301)
4(8301 8302 8403 8402)
4(8402 8403 8504 8503)
4(8503 8504 8605 8604)
4(8604 8605 8706 8705)
4(8705 8706 8807 8806)
4(8806 8807 8908 8907)
4(8907 8908 9009 9008)
4(9008 9009 9110 9109)
4(9109 9110 9211 9210)
4(9210 9211 9312 9311)
4(9311 9312 9413 9412)
4(9412 9413 9514 9513)
4(9513 9514 9615 9614)
4(9614 9615 9716 9715)
4(9715 9716 9817 9816)
4(9816 9817 9918 9917)
4(9917 9918 10019 10018)
4(10018 10019 10120 10119)
4(10119 10120 10221 10220)
4(5192 5193 5294 5293)
4(5293 5294 5395 5394)
4(5394 5395 5496 5495)
4(5495 5496 5597 5596)
4(5596 5597 5698 5697)
4(5697 5698 5799 5798)
4(5798 5799 5900 5899)
4(5899 5900 6001 6000)
4(6000 6001 6102 6101)
4(6101 6102 6203 6202)
4(6202 6203 6304 6303)
4(6303 6304 6405 6404)
4(6404 6405 6506 6505)
4(6505 6506 6607 6606)
4(6606 6607 6708 6707)
4(6707 6708 6809 6808)
4(6808 6809 6910 6909)
4(6909 6910 7011 7010)
4(7010 7011 7112 7111)
4(7111 7112 7213 7212)
4(7212 7213 7314 7313)
4(7313 7314 7415 7414)
4(7414 7415 7513 7512)
4(7512 7513 7609 7608)
4(7608 7609 7705 7704)
4(7704 7705 7801 7800)
4(7800 7801 7899 7898)
4(7898 7899 8000 7999)
4(7999 8000 8101 8100)
4(8100 8101 8202 8201)
4(8201 8202 8303 8302)
4(8302 8303 8404 8403)
4(8403 8404 8505 8504)
4(8504 8505 8606 8605)
4(8605 8606 8707 8706)
4(8706 8707 8808 8807)
4(8807 8808 8909 8908)
4(8908 8909 9010 9009)
4(9009 9010 9111 9110)
4(9110 9111 9212 9211)
4(9211 9212 9313 9312)
4(9312 9313 9414 9413)
4(9413 9414 9515 9514)
4(9514 9515 9616 9615)
4(9615 9616 9717 9716)
4(9716 9717 9818 9817)
4(9817 9818 9919 9918)
4(9918 9919 10020 10019)
4(10019 10020 10121 10120)
4(10120 10121 10222 10221)
4(5193 5194 5295 5294)
4(5294 5295 5396 5395)
4(5395 5396 5497 5496)
4(5496 5497 5598 5597)
4(5597 5598 5699 5698)
4(5698 5699 5800 5799)
4(5799 5800 5901 5900)
4(5900 5901 6002 6001)
4(6001 6002 6103 6102)
4(6102 6103 6204 6203)
4(6203 6204 6305 6304)
4(6304 6305 6406 6405)
4(6405 6406 6507 6506)
4(6506 6507 6608 6607)
4(6607 6608 6709 6708)
4(6708 6709 6810 6809)
4(6809 6810 6911 6910)
4(6910 6911 7012 7011)
4(7011 7012 7113 7112)
4(7112 7113 7214 7213)
4(7213 7214 7315 7314)
4(7314 7315 7416 7415)
4(7415 7416 7514 7513)
4(7513 7514 7610 7609)
4(7609 7610 7706 7705)
4(7705 7706 7802 7801)
4(7801 7802 7900 7899)
4(7899 7900 8001 8000)
4(8000 8001 8102 8101)
4(8101 8102 8203 8202)
4(8202 8203 8304 8303)
4(8303 8304 8405 8404)
4(8404 8405 8506 8505)
4(8505 8506 8607 8606)
4(8606 8607 8708 8707)
4(8707 8708 8809 8808)
4(8808 8809 8910 8909)
4(8909 8910 9011 9010)
4(9010 9011 9112 9111)
4(9111 9112 9213 9212)
4(9212 9213 9314 9313)
4(9313 9314 9415 9414)
4(9414 9415 9516 9515)
4(9515 9516 9617 9616)
4(9616 9617 9718 9717)
4(9717 9718 9819 9818)
4(9818 9819 9920 9919)
4(9919 9920 10021 10020)
4(10020 10021 10122 10121)
4(10121 10122 10223 10222)
4(5194 5195 5296 5295)
4(5295 5296 5397 5396)
4(5396 5397 5498 5497)
4(5497 5498 5599 5598)
4(5598 5599 5700 5699)
4(5699 5700 5801 5800)
4(5800 5801 5902 5901)
4(5901 5902 6003 6002)
4(6002 6003 6104 6103)
4(6103 6104 6205 6204)
4(6204 6205 6306 6305)
4(6305 6306 6407 6406)
4(6406 6407 6508 6507)
4(6507 6508 6609 6608)
4(6608 6609 6710 6709)
4(6709 6710 6811 6810)
4(6810 6811 6912 6911)
4(6911 6912 7013 7012)
4(7012 7013 7114 7113)
4(7113 7114 7215 7214)
4(7214 7215 7316 7315)
4(7315 7316 7417 7416)
4(7416 7417 7515 7514)
4(7514 7515 7611 7610)
4(7610 7611 7707 7706)
4(7706 7707 7803 7802)
4(7802 7803 7901 7900)
4(7900 7901 8002 8001)
4(8001 8002 8103 8102)
4(8102 8103 8204 8203)
4(8203 8204 8305 8304)
4(8304 8305 8406 8405)
4(8405 8406 8507 8506)
4(8506 8507 8608 8607)
4(8607 8608 8709 8708)
4(8708 8709 8810 8809)
4(8809 8810 8911 8910)
4(8910 8911 9012 9011)
4(9011 9012 9113 9112)
4(9112 9113 9214 9213)
4(9213 9214 9315 9314)
4(9314 9315 9416 9415)
4(9415 9416 9517 9516)
4(9516 9517 9618 9617)
4(9617 9618 9719 9718)
4(9718 9719 9820 9819)
4(9819 9820 9921 9920)
4(9920 9921 10022 10021)
4(10021 10022 10123 10122)
4(10122 10123 10224 10223)
4(5195 5196 5297 5296)
4(5296 5297 5398 5397)
4(5397 5398 5499 5498)
4(5498 5499 5600 5599)
4(5599 5600 5701 5700)
4(5700 5701 5802 5801)
4(5801 5802 5903 5902)
4(5902 5903 6004 6003)
4(6003 6004 6105 6104)
4(6104 6105 6206 6205)
4(6205 6206 6307 6306)
4(6306 6307 6408 6407)
4(6407 6408 6509 6508)
4(6508 6509 6610 6609)
4(6609 6610 6711 6710)
4(6710 6711 6812 6811)
4(6811 6812 6913 6912)
4(6912 6913 7014 7013)
4(7013 7014 7115 7114)
4(7114 7115 7216 7215)
4(7215 7216 7317 7316)
4(7316 7317 7418 7417)
4(7417 7418 7516 7515)
4(7515 7516 7612 7611)
4(7611 7612 7708 7707)
4(7707 7708 7804 7803)
4(7803 7804 7902 7901)
4(7901 7902 8003 8002)
4(8002 8003 8104 8103)
4(8103 8104 8205 8204)
4(8204 8205 8306 8305)
4(8305 8306 8407 8406)
4(8406 8407 8508 8507)
4(8507 8508 8609 8608)
4(8608 8609 8710 8709)
4(8709 8710 8811 8810)
4(8810 8811 8912 8911)
4(8911 8912 9013 9012)
4(9012 9013 9114 9113)
4(9113 9114 9215 9214)
4(9214 9215 9316 9315)
4(9315 9316 9417 9416)
4(9416 9417 9518 9517)
4(9517 9518 9619 9618)
4(9618 9619 9720 9719)
4(9719 9720 9821 9820)
4(9820 9821 9922 9921)
4(9921 9922 10023 10022)
4(10022 10023 10124 10123)
4(10123 10124 10225 10224)
4(5196 5197 5298 5297)
4(5297 5298 5399 5398)
4(5398 5399 5500 5499)
4(5499 5500 5601 5600)
4(5600 5601 5702 5701)
4(5701 5702 5803 5802)
4(5802 5803 5904 5903)
4(5903 5904 6005 6004)
4(6004 6005 6106 6105)
4(6105 6106 6207 6206)
4(6206 6207 6308 6307)
4(6307 6308 6409 6408)
4(6408 6409 6510 6509)
4(6509 6510 6611 6610)
4(6610 6611 6712 6711)
4(6711 6712 6813 6812)
4(6812 6813 6914 6913)
4(6913 6914 7015 7014)
4(7014 7015 7116 7115)
4(7115 7116 7217 7216)
4(7216 7217 7318 7317)
4(7317 7318 7419 7418)
4(7418 7419 7517 7516)
4(7516 7517 7613 7612)
4(7612 7613 7709 7708)
4(7708 7709 7805 7804)
4(7804 7805 7903 7902)
4(7902 7903 8004 8003)
4(8003 8004 8105 8104)
4(8104 8105 8206 8205)
4(8205 8206 8307 8306)
4(8306 8307 8408 8407)
4(8407 8408 8509 8508)
4(8508 8509 8610 8609)
4(8609 8610 8711 8710)
4(8710 8711 8812 8811)
4(8811 8812 8913 8912)
4(8912 8913 9014 9013)
4(9013 9014 9115 9114)
4(9114 9115 9216 9215)
4(9215 9216 9317 9316)
4(9316 9317 9418 9417)
4(9417 9418 9519 9518)
4(9518 9519 9620 9619)
4(9619 9620 9721 9720)
4(9720 9721 9822 9821)
4(9821 9822 9923 9922)
4(9922 9923 10024 10023)
4(10023 10024 10125 10124)
4(10124 10125 10226 10225)
4(5197 5198 5299 5298)
4(5298 5299 5400 5399)
4(5399 5400 5501 5500)
4(5500 5501 5602 5601)
4(5601 5602 5703 5702)
4(5702 5703 5804 5803)
4(5803 5804 5905 5904)
4(5904 5905 6006 6005)
4(6005 6006 6107 6106)
4(6106 6107 6208 6207)
4(6207 6208 6309 6308)
4(6308 6309 6410 6409)
4(6409 6410 6511 6510)
4(6510 6511 6612 6611)
4(6611 6612 6713 6712)
4(6712 6713 6814 6813)
4(6813 6814 6915 6914)
4(6914 6915 7016 7015)
4(7015 7016 7117 7116)
4(7116 7117 7218 7217)
4(7217 7218 7319 7318)
4(7318 7319 7420 7419)
4(7419 7420 7518 7517)
4(7517 7518 7614 7613)
4(7613 7614 7710 7709)
4(7709 7710 7806 7805)
4(7805 7806 7904 7903)
4(7903 7904 8005 8004)
4(8004 8005 8106 8105)
4(8105 8106 8207 8206)
4(8206 8207 8308 8307)
4(8307 8308 8409 8408)
4(8408 8409 8510 8509)
4(8509 8510 8611 8610)
4(8610 8611 8712 8711)
4(8711 8712 8813 8812)
4(8812 8813 8914 8913)
4(8913 8914 9015 9014)
4(9014 9015 9116 9115)
4(9115 9116 9217 9216)
4(9216 9217 9318 9317)
4(9317 9318 9419 9418)
4(9418 9419 9520 9519)
4(9519 9520 9621 9620)
4(9620 9621 9722 9721)
4(9721 9722 9823 9822)
4(9822 9823 9924 9923)
4(9923 9924 10025 10024)
4(10024 10025 10126 10125)
4(10125 10126 10227 10226)
4(5198 5199 5300 5299)
4(5299 5300 5401 5400)
4(5400 5401 5502 5501)
4(5501 5502 5603 5602)
4(5602 5603 5704 5703)
4(5703 5704 5805 5804)
4(5804 5805 5906 5905)
4(5905 5906 6007 6006)
4(6006 6007 6108 6107)
4(6107 6108 6209 6208)
4(6208 6209 6310 6309)
4(6309 6310 6411 6410)
4(6410 6411 6512 6511)
4(6511 6512 6613 6612)
4(6612 6613 6714 6713)
4(6713 6714 6815 6814)
4(6814 6815 6916 6915)
4(6915 6916 7017 7016)
4(7016 7017 7118 7117)
4(7117 7118 7219 7218)
4(7218 7219 7320 7319)
4(7319 7320 7421 7420)
4(7420 7421 7519 7518)
4(7518 7519 7615 7614)
4(7614 7615 7711 7710)
4(7710 7711 7807 7806)
4(7806 7807 7905 7904)
4(7904 7905 8006 8005)
4(8005 8006 8107 8106)
4(8106 8107 8208 8207)
4(8207 8208 8309 8308)
4(8308 8309 8410 8409)
4(8409 8410 8511 8510)
4(8510 8511 8612 8611)
4(8611 8612 8713 8712)
4(8712 8713 8814 8813)
4(8813 8814 8915 8914)
4(8914 8915 9016 9015)
4(9015 9016 9117 9116)
4(9116 9117 9218 9217)
4(9217 9218 9319 9318)
4(9318 9319 9420 9419)
4(9419 9420 9521 9520)
4(9520 9521 9622 9621)
4(9621 9622 9723 9722)
4(9722 9723 9824 9823)
4(9823 9824 9925 9924)
4(9924 9925 10026 10025)
4(10025 10026 10127 10126)
4(10126 10127 10228 10227)
4(5199 5200 5301 5300)
4(5300 5301 5402 5401)
4(5401 5402 5503 5502)
4(5502 5503 5604 5603)
4(5603 5604 5705 5704)
4(5704 5705 5806 5805)
4(5805 5806 5907 5906)
4(5906 5907 6008 6007)
4(6007 6008 6109 6108)
4(6108 6109 6210 6209)
4(6209 6210 6311 6310)
4(6310 6311 6412 6411)
4(6411 6412 6513 6512)
4(6512 6513 6614 6613)
4(6613 6614 6715 6714)
4(6714 6715 6816 6815)
4(6815 6816 6917 6916)
4(6916 6917 7018 7017)
4(7017 7018 7119 7118)
4(7118 7119 7220 7219)
4(7219 7220 7321 7320)
4(7320 7321 7422 7421)
4(7421 7422 7520 7519)
4(7519 7520 7616 7615)
4(7615 7616 7712 7711)
4(7711 7712 7808 7807)
4(7807 7808 7906 7905)
4(7905 7906 8007 8006)
4(8006 8007 8108 8107)
4(8107 8108 8209 8208)
4(8208 8209 8310 8309)
4(8309 8310 8411 8410)
4(8410 8411 8512 8511)
4(8511 8512 8613 8612)
4(8612 8613 8714 8713)
4(8713 8714 8815 8814)
4(8814 8815 8916 8915)
4(8915 8916 9017 9016)
4(9016 9017 9118 9117)
4(9117 9118 9219 9218)
4(9218 9219 9320 9319)
4(9319 9320 9421 9420)
4(9420 9421 9522 9521)
4(9521 9522 9623 9622)
4(9622 9623 9724 9723)
4(9723 9724 9825 9824)
4(9824 9825 9926 9925)
4(9925 9926 10027 10026)
4(10026 10027 10128 10127)
4(10127 10128 10229 10228)
4(5200 5201 5302 5301)
4(5301 5302 5403 5402)
4(5402 5403 5504 5503)
4(5503 5504 5605 5604)
4(5604 5605 5706 5705)
4(5705 5706 5807 5806)
4(5806 5807 5908 5907)
4(5907 5908 6009 6008)
4(6008 6009 6110 6109)
4(6109 6110 6211 6210)
4(6210 6211 6312 6311)
4(6311 6312 6413 6412)
4(6412 6413 6514 6513)
4(6513 6514 6615 6614)
4(6614 6615 6716 6715)
4(6715 6716 6817 6816)
4(6816 6817 6918 6917)
4(6917 6918 7019 7018)
4(7018 7019 7120 7119)
4(7119 7120 7221 7220)
4(7220 7221 7322 7321)
4(7321 7322 7423 7422)
4(7422 7423 7521 7520)
4(7520 7521 7617 7616)
4(7616 7617 7713 7712)
4(7712 7713 7809 7808)
4(7808 7809 7907 7906)
4(7906 7907 8008 8007)
4(8007 8008 8109 8108)
4(8108 8109 8210 8209)
4(8209 8210 8311 8310)
4(8310 8311 8412 8411)
4(8411 8412 8513 8512)
4(8512 8513 8614 8613)
4(8613 8614 8715 8714)
4(8714 8715 8816 8815)
4(8815 8816 8917 8916)
4(8916 8917 9018 9017)
4(9017 9018 9119 9118)
4(9118 9119 9220 9219)
4(9219 9220 9321 9320)
4(9320 9321 9422 9421)
4(9421 9422 9523 9522)
4(9522 9523 9624 9623)
4(9623 9624 9725 9724)
4(9724 9725 9826 9825)
4(9825 9826 9927 9926)
4(9926 9927 10028 10027)
4(10027 10028 10129 10128)
4(10128 10129 10230 10229)
4(5201 5202 5303 5302)
4(5302 5303 5404 5403)
4(5403 5404 5505 5504)
4(5504 5505 5606 5605)
4(5605 5606 5707 5706)
4(5706 5707 5808 5807)
4(5807 5808 5909 5908)
4(5908 5909 6010 6009)
4(6009 6010 6111 6110)
4(6110 6111 6212 6211)
4(6211 6212 6313 6312)
4(6312 6313 6414 6413)
4(6413 6414 6515 6514)
4(6514 6515 6616 6615)
4(6615 6616 6717 6716)
4(6716 6717 6818 6817)
4(6817 6818 6919 6918)
4(6918 6919 7020 7019)
4(7019 7020 7121 7120)
4(7120 7121 7222 7221)
4(7221 7222 7323 7322)
4(7322 7323 7424 7423)
4(7423 7424 7522 7521)
4(7521 7522 7618 7617)
4(7617 7618 7714 7713)
4(7713 7714 7810 7809)
4(7809 7810 7908 7907)
4(7907 7908 8009 8008)
4(8008 8009 8110 8109)
4(8109 8110 8211 8210)
4(8210 8211 8312 8311)
4(8311 8312 8413 8412)
4(8412 8413 8514 8513)
4(8513 8514 8615 8614)
4(8614 8615 8716 8715)
4(8715 8716 8817 8816)
4(8816 8817 8918 8917)
4(8917 8918 9019 9018)
4(9018 9019 9120 9119)
4(9119 9120 9221 9220)
4(9220 9221 9322 9321)
4(9321 9322 9423 9422)
4(9422 9423 9524 9523)
4(9523 9524 9625 9624)
4(9624 9625 9726 9725)
4(9725 9726 9827 9826)
4(9826 9827 9928 9927)
4(9927 9928 10029 10028)
4(10028 10029 10130 10129)
4(10129 10130 10231 10230)
4(5202 5203 5304 5303)
4(5303 5304 5405 5404)
4(5404 5405 5506 5505)
4(5505 5506 5607 5606)
4(5606 5607 5708 5707)
4(5707 5708 5809 5808)
4(5808 5809 5910 5909)
4(5909 5910 6011 6010)
4(6010 6011 6112 6111)
4(6111 6112 6213 6212)
4(6212 6213 6314 6313)
4(6313 6314 6415 6414)
4(6414 6415 6516 6515)
4(6515 6516 6617 6616)
4(6616 6617 6718 6717)
4(6717 6718 6819 6818)
4(6818 6819 6920 6919)
4(6919 6920 7021 7020)
4(7020 7021 7122 7121)
4(7121 7122 7223 7222)
4(7222 7223 7324 7323)
4(7323 7324 7425 7424)
4(7424 7425 7523 7522)
4(7522 7523 7619 7618)
4(7618 7619 7715 7714)
4(7714 7715 7811 7810)
4(7810 7811 7909 7908)
4(7908 7909 8010 8009)
4(8009 8010 8111 8110)
4(8110 8111 8212 8211)
4(8211 8212 8313 8312)
4(8312 8313 8414 8413)
4(8413 8414 8515 8514)
4(8514 8515 8616 8615)
4(8615 8616 8717 8716)
4(8716 8717 8818 8817)
4(8817 8818 8919 8918)
4(8918 8919 9020 9019)
4(9019 9020 9121 9120)
4(9120 9121 9222 9221)
4(9221 9222 9323 9322)
4(9322 9323 9424 9423)
4(9423 9424 9525 9524)
4(9524 9525 9626 9625)
4(9625 9626 9727 9726)
4(9726 9727 9828 9827)
4(9827 9828 9929 9928)
4(9928 9929 10030 10029)
4(10029 10030 10131 10130)
4(10130 10131 10232 10231)
4(5203 5204 5305 5304)
4(5304 5305 5406 5405)
4(5405 5406 5507 5506)
4(5506 5507 5608 5607)
4(5607 5608 5709 5708)
4(5708 5709 5810 5809)
4(5809 5810 5911 5910)
4(5910 5911 6012 6011)
4(6011 6012 6113 6112)
4(6112 6113 6214 6213)
4(6213 6214 6315 6314)
4(6314 6315 6416 6415)
4(6415 6416 6517 6516)
4(6516 6517 6618 6617)
4(6617 6618 6719 6718)
4(6718 6719 6820 6819)
4(6819 6820 6921 6920)
4(6920 6921 7022 7021)
4(7021 7022 7123 7122)
4(7122 7123 7224 7223)
4(7223 7224 7325 7324)
4(7324 7325 7426 7425)
4(7425 7426 7524 7523)
4(7523 7524 7620 7619)
4(7619 7620 7716 7715)
4(7715 7716 7812 7811)
4(7811 7812 7910 7909)
4(7909 7910 8011 8010)
4(8010 8011 8112 8111)
4(8111 8112 8213 8212)
4(8212 8213 8314 8313)
4(8313 8314 8415 8414)
4(8414 8415 8516 8515)
4(8515 8516 8617 8616)
4(8616 8617 8718 8717)
4(8717 8718 8819 8818)
4(8818 8819 8920 8919)
4(8919 8920 9021 9020)
4(9020 9021 9122 9121)
4(9121 9122 9223 9222)
4(9222 9223 9324 9323)
4(9323 9324 9425 9424)
4(9424 9425 9526 9525)
4(9525 9526 9627 9626)
4(9626 9627 9728 9727)
4(9727 9728 9829 9828)
4(9828 9829 9930 9929)
4(9929 9930 10031 10030)
4(10030 10031 10132 10131)
4(10131 10132 10233 10232)
4(5204 5205 5306 5305)
4(5305 5306 5407 5406)
4(5406 5407 5508 5507)
4(5507 5508 5609 5608)
4(5608 5609 5710 5709)
4(5709 5710 5811 5810)
4(5810 5811 5912 5911)
4(5911 5912 6013 6012)
4(6012 6013 6114 6113)
4(6113 6114 6215 6214)
4(6214 6215 6316 6315)
4(6315 6316 6417 6416)
4(6416 6417 6518 6517)
4(6517 6518 6619 6618)
4(6618 6619 6720 6719)
4(6719 6720 6821 6820)
4(6820 6821 6922 6921)
4(6921 6922 7023 7022)
4(7022 7023 7124 7123)
4(7123 7124 7225 7224)
4(7224 7225 7326 7325)
4(7325 7326 7427 7426)
4(7426 7427 7525 7524)
4(7524 7525 7621 7620)
4(7620 7621 7717 7716)
4(7716 7717 7813 7812)
4(7812 7813 7911 7910)
4(7910 7911 8012 8011)
4(8011 8012 8113 8112)
4(8112 8113 8214 8213)
4(8213 8214 8315 8314)
4(8314 8315 8416 8415)
4(8415 8416 8517 8516)
4(8516 8517 8618 8617)
4(8617 8618 8719 8718)
4(8718 8719 8820 8819)
4(8819 8820 8921 8920)
4(8920 8921 9022 9021)
4(9021 9022 9123 9122)
4(9122 9123 9224 9223)
4(9223 9224 9325 9324)
4(9324 9325 9426 9425)
4(9425 9426 9527 9526)
4(9526 9527 9628 9627)
4(9627 9628 9729 9728)
4(9728 9729 9830 9829)
4(9829 9830 9931 9930)
4(9930 9931 10032 10031)
4(10031 10032 10133 10132)
4(10132 10133 10234 10233)
4(5205 5206 5307 5306)
4(5306 5307 5408 5407)
4(5407 5408 5509 5508)
4(5508 5509 5610 5609)
4(5609 5610 5711 5710)
4(5710 5711 5812 5811)
4(5811 5812 5913 5912)
4(5912 5913 6014 6013)
4(6013 6014 6115 6114)
4(6114 6115 6216 6215)
4(6215 6216 6317 6316)
4(6316 6317 6418 6417)
4(6417 6418 6519 6518)
4(6518 6519 6620 6619)
4(6619 6620 6721 6720)
4(6720 6721 6822 6821)
4(6821 6822 6923 6922)
4(6922 6923 7024 7023)
4(7023 7024 7125 7124)
4(7124 7125 7226 7225)
4(7225 7226 7327 7326)
4(7326 7327 7428 7427)
4(7427 7428 7526 7525)
4(7525 7526 7622 7621)
4(7621 7622 7718 7717)
4(7717 7718 7814 7813)
4(7813 7814 7912 7911)
4(7911 7912 8013 8012)
4(8012 8013 8114 8113)
4(8113 8114 8215 8214)
4(8214 8215 8316 8315)
4(8315 8316 8417 8416)
4(8416 8417 8518 8517)
4(8517 8518 8619 8618)
4(8618 8619 8720 8719)
4(8719 8720 8821 8820)
4(8820 8821 8922 8921)
4(8921 8922 9023 9022)
4(9022 9023 9124 9123)
4(9123 9124 9225 9224)
4(9224 9225 9326 9325)
4(9325 9326 9427 9426)
4(9426 9427 9528 9527)
4(9527 9528 9629 9628)
4(9628 9629 9730 9729)
4(9729 9730 9831 9830)
4(9830 9831 9932 9931)
4(9931 9932 10033 10032)
4(10032 10033 10134 10133)
4(10133 10134 10235 10234)
4(5206 5207 5308 5307)
4(5307 5308 5409 5408)
4(5408 5409 5510 5509)
4(5509 5510 5611 5610)
4(5610 5611 5712 5711)
4(5711 5712 5813 5812)
4(5812 5813 5914 5913)
4(5913 5914 6015 6014)
4(6014 6015 6116 6115)
4(6115 6116 6217 6216)
4(6216 6217 6318 6317)
4(6317 6318 6419 6418)
4(6418 6419 6520 6519)
4(6519 6520 6621 6620)
4(6620 6621 6722 6721)
4(6721 6722 6823 6822)
4(6822 6823 6924 6923)
4(6923 6924 7025 7024)
4(7024 7025 7126 7125)
4(7125 7126 7227 7226)
4(7226 7227 7328 7327)
4(7327 7328 7429 7428)
4(7428 7429 7527 7526)
4(7526 7527 7623 7622)
4(7622 7623 7719 7718)
4(7718 7719 7815 7814)
4(7814 7815 7913 7912)
4(7912 7913 8014 8013)
4(8013 8014 8115 8114)
4(8114 8115 8216 8215)
4(8215 8216 8317 8316)
4(8316 8317 8418 8417)
4(8417 8418 8519 8518)
4(8518 8519 8620 8619)
4(8619 8620 8721 8720)
4(8720 8721 8822 8821)
4(8821 8822 8923 8922)
4(8922 8923 9024 9023)
4(9023 9024 9125 9124)
4(9124 9125 9226 9225)
4(9225 9226 9327 9326)
4(9326 9327 9428 9427)
4(9427 9428 9529 9528)
4(9528 9529 9630 9629)
4(9629 9630 9731 9730)
4(9730 9731 9832 9831)
4(9831 9832 9933 9932)
4(9932 9933 10034 10033)
4(10033 10034 10135 10134)
4(10134 10135 10236 10235)
4(5207 5208 5309 5308)
4(5308 5309 5410 5409)
4(5409 5410 5511 5510)
4(5510 5511 5612 5611)
4(5611 5612 5713 5712)
4(5712 5713 5814 5813)
4(5813 5814 5915 5914)
4(5914 5915 6016 6015)
4(6015 6016 6117 6116)
4(6116 6117 6218 6217)
4(6217 6218 6319 6318)
4(6318 6319 6420 6419)
4(6419 6420 6521 6520)
4(6520 6521 6622 6621)
4(6621 6622 6723 6722)
4(6722 6723 6824 6823)
4(6823 6824 6925 6924)
4(6924 6925 7026 7025)
4(7025 7026 7127 7126)
4(7126 7127 7228 7227)
4(7227 7228 7329 7328)
4(7328 7329 7430 7429)
4(7429 7430 7528 7527)
4(7527 7528 7624 7623)
4(7623 7624 7720 7719)
4(7719 7720 7816 7815)
4(7815 7816 7914 7913)
4(7913 7914 8015 8014)
4(8014 8015 8116 8115)
4(8115 8116 8217 8216)
4(8216 8217 8318 8317)
4(8317 8318 8419 8418)
4(8418 8419 8520 8519)
4(8519 8520 8621 8620)
4(8620 8621 8722 8721)
4(8721 8722 8823 8822)
4(8822 8823 8924 8923)
4(8923 8924 9025 9024)
4(9024 9025 9126 9125)
4(9125 9126 9227 9226)
4(9226 9227 9328 9327)
4(9327 9328 9429 9428)
4(9428 9429 9530 9529)
4(9529 9530 9631 9630)
4(9630 9631 9732 9731)
4(9731 9732 9833 9832)
4(9832 9833 9934 9933)
4(9933 9934 10035 10034)
4(10034 10035 10136 10135)
4(10135 10136 10237 10236)
4(5208 5209 5310 5309)
4(5309 5310 5411 5410)
4(5410 5411 5512 5511)
4(5511 5512 5613 5612)
4(5612 5613 5714 5713)
4(5713 5714 5815 5814)
4(5814 5815 5916 5915)
4(5915 5916 6017 6016)
4(6016 6017 6118 6117)
4(6117 6118 6219 6218)
4(6218 6219 6320 6319)
4(6319 6320 6421 6420)
4(6420 6421 6522 6521)
4(6521 6522 6623 6622)
4(6622 6623 6724 6723)
4(6723 6724 6825 6824)
4(6824 6825 6926 6925)
4(6925 6926 7027 7026)
4(7026 7027 7128 7127)
4(7127 7128 7229 7228)
4(7228 7229 7330 7329)
4(7329 7330 7431 7430)
4(7430 7431 7529 7528)
4(7528 7529 7625 7624)
4(7624 7625 7721 7720)
4(7720 7721 7817 7816)
4(7816 7817 7915 7914)
4(7914 7915 8016 8015)
4(8015 8016 8117 8116)
4(8116 8117 8218 8217)
4(8217 8218 8319 8318)
4(8318 8319 8420 8419)
4(8419 8420 8521 8520)
4(8520 8521 8622 8621)
4(8621 8622 8723 8722)
4(8722 8723 8824 8823)
4(8823 8824 8925 8924)
4(8924 8925 9026 9025)
4(9025 9026 9127 9126)
4(9126 9127 9228 9227)
4(9227 9228 9329 9328)
4(9328 9329 9430 9429)
4(9429 9430 9531 9530)
4(9530 9531 9632 9631)
4(9631 9632 9733 9732)
4(9732 9733 9834 9833)
4(9833 9834 9935 9934)
4(9934 9935 10036 10035)
4(10035 10036 10137 10136)
4(10136 10137 10238 10237)
4(5209 5210 5311 5310)
4(5310 5311 5412 5411)
4(5411 5412 5513 5512)
4(5512 5513 5614 5613)
4(5613 5614 5715 5714)
4(5714 5715 5816 5815)
4(5815 5816 5917 5916)
4(5916 5917 6018 6017)
4(6017 6018 6119 6118)
4(6118 6119 6220 6219)
4(6219 6220 6321 6320)
4(6320 6321 6422 6421)
4(6421 6422 6523 6522)
4(6522 6523 6624 6623)
4(6623 6624 6725 6724)
4(6724 6725 6826 6825)
4(6825 6826 6927 6926)
4(6926 6927 7028 7027)
4(7027 7028 7129 7128)
4(7128 7129 7230 7229)
4(7229 7230 7331 7330)
4(7330 7331 7432 7431)
4(7431 7432 7530 7529)
4(7529 7530 7626 7625)
4(7625 7626 7722 7721)
4(7721 7722 7818 7817)
4(7817 7818 7916 7915)
4(7915 7916 8017 8016)
4(8016 8017 8118 8117)
4(8117 8118 8219 8218)
4(8218 8219 8320 8319)
4(8319 8320 8421 8420)
4(8420 8421 8522 8521)
4(8521 8522 8623 8622)
4(8622 8623 8724 8723)
4(8723 8724 8825 8824)
4(8824 8825 8926 8925)
4(8925 8926 9027 9026)
4(9026 9027 9128 9127)
4(9127 9128 9229 9228)
4(9228 9229 9330 9329)
4(9329 9330 9431 9430)
4(9430 9431 9532 9531)
4(9531 9532 9633 9632)
4(9632 9633 9734 9733)
4(9733 9734 9835 9834)
4(9834 9835 9936 9935)
4(9935 9936 10037 10036)
4(10036 10037 10138 10137)
4(10137 10138 10239 10238)
4(5210 5211 5312 5311)
4(5311 5312 5413 5412)
4(5412 5413 5514 5513)
4(5513 5514 5615 5614)
4(5614 5615 5716 5715)
4(5715 5716 5817 5816)
4(5816 5817 5918 5917)
4(5917 5918 6019 6018)
4(6018 6019 6120 6119)
4(6119 6120 6221 6220)
4(6220 6221 6322 6321)
4(6321 6322 6423 6422)
4(6422 6423 6524 6523)
4(6523 6524 6625 6624)
4(6624 6625 6726 6725)
4(6725 6726 6827 6826)
4(6826 6827 6928 6927)
4(6927 6928 7029 7028)
4(7028 7029 7130 7129)
4(7129 7130 7231 7230)
4(7230 7231 7332 7331)
4(7331 7332 7433 7432)
4(7432 7433 7531 7530)
4(7530 7531 7627 7626)
4(7626 7627 7723 7722)
4(7722 7723 7819 7818)
4(7818 7819 7917 7916)
4(7916 7917 8018 8017)
4(8017 8018 8119 8118)
4(8118 8119 8220 8219)
4(8219 8220 8321 8320)
4(8320 8321 8422 8421)
4(8421 8422 8523 8522)
4(8522 8523 8624 8623)
4(8623 8624 8725 8724)
4(8724 8725 8826 8825)
4(8825 8826 8927 8926)
4(8926 8927 9028 9027)
4(9027 9028 9129 9128)
4(9128 9129 9230 9229)
4(9229 9230 9331 9330)
4(9330 9331 9432 9431)
4(9431 9432 9533 9532)
4(9532 9533 9634 9633)
4(9633 9634 9735 9734)
4(9734 9735 9836 9835)
4(9835 9836 9937 9936)
4(9936 9937 10038 10037)
4(10037 10038 10139 10138)
4(10138 10139 10240 10239)
4(5211 5212 5313 5312)
4(5312 5313 5414 5413)
4(5413 5414 5515 5514)
4(5514 5515 5616 5615)
4(5615 5616 5717 5716)
4(5716 5717 5818 5817)
4(5817 5818 5919 5918)
4(5918 5919 6020 6019)
4(6019 6020 6121 6120)
4(6120 6121 6222 6221)
4(6221 6222 6323 6322)
4(6322 6323 6424 6423)
4(6423 6424 6525 6524)
4(6524 6525 6626 6625)
4(6625 6626 6727 6726)
4(6726 6727 6828 6827)
4(6827 6828 6929 6928)
4(6928 6929 7030 7029)
4(7029 7030 7131 7130)
4(7130 7131 7232 7231)
4(7231 7232 7333 7332)
4(7332 7333 7434 7433)
4(7433 7434 7532 7531)
4(7531 7532 7628 7627)
4(7627 7628 7724 7723)
4(7723 7724 7820 7819)
4(7819 7820 7918 7917)
4(7917 7918 8019 8018)
4(8018 8019 8120 8119)
4(8119 8120 8221 8220)
4(8220 8221 8322 8321)
4(8321 8322 8423 8422)
4(8422 8423 8524 8523)
4(8523 8524 8625 8624)
4(8624 8625 8726 8725)
4(8725 8726 8827 8826)
4(8826 8827 8928 8927)
4(8927 8928 9029 9028)
4(9028 9029 9130 9129)
4(9129 9130 9231 9230)
4(9230 9231 9332 9331)
4(9331 9332 9433 9432)
4(9432 9433 9534 9533)
4(9533 9534 9635 9634)
4(9634 9635 9736 9735)
4(9735 9736 9837 9836)
4(9836 9837 9938 9937)
4(9937 9938 10039 10038)
4(10038 10039 10140 10139)
4(10139 10140 10241 10240)
4(5212 5213 5314 5313)
4(5313 5314 5415 5414)
4(5414 5415 5516 5515)
4(5515 5516 5617 5616)
4(5616 5617 5718 5717)
4(5717 5718 5819 5818)
4(5818 5819 5920 5919)
4(5919 5920 6021 6020)
4(6020 6021 6122 6121)
4(6121 6122 6223 6222)
4(6222 6223 6324 6323)
4(6323 6324 6425 6424)
4(6424 6425 6526 6525)
4(6525 6526 6627 6626)
4(6626 6627 6728 6727)
4(6727 6728 6829 6828)
4(6828 6829 6930 6929)
4(6929 6930 7031 7030)
4(7030 7031 7132 7131)
4(7131 7132 7233 7232)
4(7232 7233 7334 7333)
4(7333 7334 7435 7434)
4(7434 7435 7533 7532)
4(7532 7533 7629 7628)
4(7628 7629 7725 7724)
4(7724 7725 7821 7820)
4(7820 7821 7919 7918)
4(7918 7919 8020 8019)
4(8019 8020 8121 8120)
4(8120 8121 8222 8221)
4(8221 8222 8323 8322)
4(8322 8323 8424 8423)
4(8423 8424 8525 8524)
4(8524 8525 8626 8625)
4(8625 8626 8727 8726)
4(8726 8727 8828 8827)
4(8827 8828 8929 8928)
4(8928 8929 9030 9029)
4(9029 9030 9131 9130)
4(9130 9131 9232 9231)
4(9231 9232 9333 9332)
4(9332 9333 9434 9433)
4(9433 9434 9535 9534)
4(9534 9535 9636 9635)
4(9635 9636 9737 9736)
4(9736 9737 9838 9837)
4(9837 9838 9939 9938)
4(9938 9939 10040 10039)
4(10039 10040 10141 10140)
4(10140 10141 10242 10241)
4(5213 5214 5315 5314)
4(5314 5315 5416 5415)
4(5415 5416 5517 5516)
4(5516 5517 5618 5617)
4(5617 5618 5719 5718)
4(5718 5719 5820 5819)
4(5819 5820 5921 5920)
4(5920 5921 6022 6021)
4(6021 6022 6123 6122)
4(6122 6123 6224 6223)
4(6223 6224 6325 6324)
4(6324 6325 6426 6425)
4(6425 6426 6527 6526)
4(6526 6527 6628 6627)
4(6627 6628 6729 6728)
4(6728 6729 6830 6829)
4(6829 6830 6931 6930)
4(6930 6931 7032 7031)
4(7031 7032 7133 7132)
4(7132 7133 7234 7233)
4(7233 7234 7335 7334)
4(7334 7335 7436 7435)
4(7435 7436 7534 7533)
4(7533 7534 7630 7629)
4(7629 7630 7726 7725)
4(7725 7726 7822 7821)
4(7821 7822 7920 7919)
4(7919 7920 8021 8020)
4(8020 8021 8122 8121)
4(8121 8122 8223 8222)
4(8222 8223 8324 8323)
4(8323 8324 8425 8424)
4(8424 8425 8526 8525)
4(8525 8526 8627 8626)
4(8626 8627 8728 8727)
4(8727 8728 8829 8828)
4(8828 8829 8930 8929)
4(8929 8930 9031 9030)
4(9030 9031 9132 9131)
4(9131 9132 9233 9232)
4(9232 9233 9334 9333)
4(9333 9334 9435 9434)
4(9434 9435 9536 9535)
4(9535 9536 9637 9636)
4(9636 9637 9738 9737)
4(9737 9738 9839 9838)
4(9838 9839 9940 9939)
4(9939 9940 10041 10040)
4(10040 10041 10142 10141)
4(10141 10142 10243 10242)
4(5214 5215 5316 5315)
4(5315 5316 5417 5416)
4(5416 5417 5518 5517)
4(5517 5518 5619 5618)
4(5618 5619 5720 5719)
4(5719 5720 5821 5820)
4(5820 5821 5922 5921)
4(5921 5922 6023 6022)
4(6022 6023 6124 6123)
4(6123 6124 6225 6224)
4(6224 6225 6326 6325)
4(6325 6326 6427 6426)
4(6426 6427 6528 6527)
4(6527 6528 6629 6628)
4(6628 6629 6730 6729)
4(6729 6730 6831 6830)
4(6830 6831 6932 6931)
4(6931 6932 7033 7032)
4(7032 7033 7134 7133)
4(7133 7134 7235 7234)
4(7234 7235 7336 7335)
4(7335 7336 7437 7436)
4(7436 7437 7535 7534)
4(7534 7535 7631 7630)
4(7630 7631 7727 7726)
4(7726 7727 7823 7822)
4(7822 7823 7921 7920)
4(7920 7921 8022 8021)
4(8021 8022 8123 8122)
4(8122 8123 8224 8223)
4(8223 8224 8325 8324)
4(8324 8325 8426 8425)
4(8425 8426 8527 8526)
4(8526 8527 8628 8627)
4(8627 8628 8729 8728)
4(8728 8729 8830 8829)
4(8829 8830 8931 8930)
4(8930 8931 9032 9031)
4(9031 9032 9133 9132)
4(9132 9133 9234 9233)
4(9233 9234 9335 9334)
4(9334 9335 9436 9435)
4(9435 9436 9537 9536)
4(9536 9537 9638 9637)
4(9637 9638 9739 9738)
4(9738 9739 9840 9839)
4(9839 9840 9941 9940)
4(9940 9941 10042 10041)
4(10041 10042 10143 10142)
4(10142 10143 10244 10243)
4(5215 5216 5317 5316)
4(5316 5317 5418 5417)
4(5417 5418 5519 5518)
4(5518 5519 5620 5619)
4(5619 5620 5721 5720)
4(5720 5721 5822 5821)
4(5821 5822 5923 5922)
4(5922 5923 6024 6023)
4(6023 6024 6125 6124)
4(6124 6125 6226 6225)
4(6225 6226 6327 6326)
4(6326 6327 6428 6427)
4(6427 6428 6529 6528)
4(6528 6529 6630 6629)
4(6629 6630 6731 6730)
4(6730 6731 6832 6831)
4(6831 6832 6933 6932)
4(6932 6933 7034 7033)
4(7033 7034 7135 7134)
4(7134 7135 7236 7235)
4(7235 7236 7337 7336)
4(7336 7337 7438 7437)
4(7437 7438 7536 7535)
4(7535 7536 7632 7631)
4(7631 7632 7728 7727)
4(7727 7728 7824 7823)
4(7823 7824 7922 7921)
4(7921 7922 8023 8022)
4(8022 8023 8124 8123)
4(8123 8124 8225 8224)
4(8224 8225 8326 8325)
4(8325 8326 8427 8426)
4(8426 8427 8528 8527)
4(8527 8528 8629 8628)
4(8628 8629 8730 8729)
4(8729 8730 8831 8830)
4(8830 8831 8932 8931)
4(8931 8932 9033 9032)
4(9032 9033 9134 9133)
4(9133 9134 9235 9234)
4(9234 9235 9336 9335)
4(9335 9336 9437 9436)
4(9436 9437 9538 9537)
4(9537 9538 9639 9638)
4(9638 9639 9740 9739)
4(9739 9740 9841 9840)
4(9840 9841 9942 9941)
4(9941 9942 10043 10042)
4(10042 10043 10144 10143)
4(10143 10144 10245 10244)
4(5216 5217 5318 5317)
4(5317 5318 5419 5418)
4(5418 5419 5520 5519)
4(5519 5520 5621 5620)
4(5620 5621 5722 5721)
4(5721 5722 5823 5822)
4(5822 5823 5924 5923)
4(5923 5924 6025 6024)
4(6024 6025 6126 6125)
4(6125 6126 6227 6226)
4(6226 6227 6328 6327)
4(6327 6328 6429 6428)
4(6428 6429 6530 6529)
4(6529 6530 6631 6630)
4(6630 6631 6732 6731)
4(6731 6732 6833 6832)
4(6832 6833 6934 6933)
4(6933 6934 7035 7034)
4(7034 7035 7136 7135)
4(7135 7136 7237 7236)
4(7236 7237 7338 7337)
4(7337 7338 7439 7438)
4(7438 7439 7537 7536)
4(7536 7537 7633 7632)
4(7632 7633 7729 7728)
4(7728 7729 7825 7824)
4(7824 7825 7923 7922)
4(7922 7923 8024 8023)
4(8023 8024 8125 8124)
4(8124 8125 8226 8225)
4(8225 8226 8327 8326)
4(8326 8327 8428 8427)
4(8427 8428 8529 8528)
4(8528 8529 8630 8629)
4(8629 8630 8731 8730)
4(8730 8731 8832 8831)
4(8831 8832 8933 8932)
4(8932 8933 9034 9033)
4(9033 9034 9135 9134)
4(9134 9135 9236 9235)
4(9235 9236 9337 9336)
4(9336 9337 9438 9437)
4(9437 9438 9539 9538)
4(9538 9539 9640 9639)
4(9639 9640 9741 9740)
4(9740 9741 9842 9841)
4(9841 9842 9943 9942)
4(9942 9943 10044 10043)
4(10043 10044 10145 10144)
4(10144 10145 10246 10245)
4(5217 5218 5319 5318)
4(5318 5319 5420 5419)
4(5419 5420 5521 5520)
4(5520 5521 5622 5621)
4(5621 5622 5723 5722)
4(5722 5723 5824 5823)
4(5823 5824 5925 5924)
4(5924 5925 6026 6025)
4(6025 6026 6127 6126)
4(6126 6127 6228 6227)
4(6227 6228 6329 6328)
4(6328 6329 6430 6429)
4(6429 6430 6531 6530)
4(6530 6531 6632 6631)
4(6631 6632 6733 6732)
4(6732 6733 6834 6833)
4(6833 6834 6935 6934)
4(6934 6935 7036 7035)
4(7035 7036 7137 7136)
4(7136 7137 7238 7237)
4(7237 7238 7339 7338)
4(7338 7339 7440 7439)
4(7439 7440 7538 7537)
4(7537 7538 7634 7633)
4(7633 7634 7730 7729)
4(7729 7730 7826 7825)
4(7825 7826 7924 7923)
4(7923 7924 8025 8024)
4(8024 8025 8126 8125)
4(8125 8126 8227 8226)
4(8226 8227 8328 8327)
4(8327 8328 8429 8428)
4(8428 8429 8530 8529)
4(8529 8530 8631 8630)
4(8630 8631 8732 8731)
4(8731 8732 8833 8832)
4(8832 8833 8934 8933)
4(8933 8934 9035 9034)
4(9034 9035 9136 9135)
4(9135 9136 9237 9236)
4(9236 9237 9338 9337)
4(9337 9338 9439 9438)
4(9438 9439 9540 9539)
4(9539 9540 9641 9640)
4(9640 9641 9742 9741)
4(9741 9742 9843 9842)
4(9842 9843 9944 9943)
4(9943 9944 10045 10044)
4(10044 10045 10146 10145)
4(10145 10146 10247 10246)
4(5218 5219 5320 5319)
4(5319 5320 5421 5420)
4(5420 5421 5522 5521)
4(5521 5522 5623 5622)
4(5622 5623 5724 5723)
4(5723 5724 5825 5824)
4(5824 5825 5926 5925)
4(5925 5926 6027 6026)
4(6026 6027 6128 6127)
4(6127 6128 6229 6228)
4(6228 6229 6330 6329)
4(6329 6330 6431 6430)
4(6430 6431 6532 6531)
4(6531 6532 6633 6632)
4(6632 6633 6734 6733)
4(6733 6734 6835 6834)
4(6834 6835 6936 6935)
4(6935 6936 7037 7036)
4(7036 7037 7138 7137)
4(7137 7138 7239 7238)
4(7238 7239 7340 7339)
4(7339 7340 7441 7440)
4(7440 7441 7539 7538)
4(7538 7539 7635 7634)
4(7634 7635 7731 7730)
4(7730 7731 7827 7826)
4(7826 7827 7925 7924)
4(7924 7925 8026 8025)
4(8025 8026 8127 8126)
4(8126 8127 8228 8227)
4(8227 8228 8329 8328)
4(8328 8329 8430 8429)
4(8429 8430 8531 8530)
4(8530 8531 8632 8631)
4(8631 8632 8733 8732)
4(8732 8733 8834 8833)
4(8833 8834 8935 8934)
4(8934 8935 9036 9035)
4(9035 9036 9137 9136)
4(9136 9137 9238 9237)
4(9237 9238 9339 9338)
4(9338 9339 9440 9439)
4(9439 9440 9541 9540)
4(9540 9541 9642 9641)
4(9641 9642 9743 9742)
4(9742 9743 9844 9843)
4(9843 9844 9945 9944)
4(9944 9945 10046 10045)
4(10045 10046 10147 10146)
4(10146 10147 10248 10247)
4(5219 5220 5321 5320)
4(5320 5321 5422 5421)
4(5421 5422 5523 5522)
4(5522 5523 5624 5623)
4(5623 5624 5725 5724)
4(5724 5725 5826 5825)
4(5825 5826 5927 5926)
4(5926 5927 6028 6027)
4(6027 6028 6129 6128)
4(6128 6129 6230 6229)
4(6229 6230 6331 6330)
4(6330 6331 6432 6431)
4(6431 6432 6533 6532)
4(6532 6533 6634 6633)
4(6633 6634 6735 6734)
4(6734 6735 6836 6835)
4(6835 6836 6937 6936)
4(6936 6937 7038 7037)
4(7037 7038 7139 7138)
4(7138 7139 7240 7239)
4(7239 7240 7341 7340)
4(7340 7341 7442 7441)
4(7441 7442 7540 7539)
4(7539 7540 7636 7635)
4(7635 7636 7732 7731)
4(7731 7732 7828 7827)
4(7827 7828 7926 7925)
4(7925 7926 8027 8026)
4(8026 8027 8128 8127)
4(8127 8128 8229 8228)
4(8228 8229 8330 8329)
4(8329 8330 8431 8430)
4(8430 8431 8532 8531)
4(8531 8532 8633 8632)
4(8632 8633 8734 8733)
4(8733 8734 8835 8834)
4(8834 8835 8936 8935)
4(8935 8936 9037 9036)
4(9036 9037 9138 9137)
4(9137 9138 9239 9238)
4(9238 9239 9340 9339)
4(9339 9340 9441 9440)
4(9440 9441 9542 9541)
4(9541 9542 9643 9642)
4(9642 9643 9744 9743)
4(9743 9744 9845 9844)
4(9844 9845 9946 9945)
4(9945 9946 10047 10046)
4(10046 10047 10148 10147)
4(10147 10148 10249 10248)
4(5220 5221 5322 5321)
4(5321 5322 5423 5422)
4(5422 5423 5524 5523)
4(5523 5524 5625 5624)
4(5624 5625 5726 5725)
4(5725 5726 5827 5826)
4(5826 5827 5928 5927)
4(5927 5928 6029 6028)
4(6028 6029 6130 6129)
4(6129 6130 6231 6230)
4(6230 6231 6332 6331)
4(6331 6332 6433 6432)
4(6432 6433 6534 6533)
4(6533 6534 6635 6634)
4(6634 6635 6736 6735)
4(6735 6736 6837 6836)
4(6836 6837 6938 6937)
4(6937 6938 7039 7038)
4(7038 7039 7140 7139)
4(7139 7140 7241 7240)
4(7240 7241 7342 7341)
4(7341 7342 7443 7442)
4(7442 7443 7541 7540)
4(7540 7541 7637 7636)
4(7636 7637 7733 7732)
4(7732 7733 7829 7828)
4(7828 7829 7927 7926)
4(7926 7927 8028 8027)
4(8027 8028 8129 8128)
4(8128 8129 8230 8229)
4(8229 8230 8331 8330)
4(8330 8331 8432 8431)
4(8431 8432 8533 8532)
4(8532 8533 8634 8633)
4(8633 8634 8735 8734)
4(8734 8735 8836 8835)
4(8835 8836 8937 8936)
4(8936 8937 9038 9037)
4(9037 9038 9139 9138)
4(9138 9139 9240 9239)
4(9239 9240 9341 9340)
4(9340 9341 9442 9441)
4(9441 9442 9543 9542)
4(9542 9543 9644 9643)
4(9643 9644 9745 9744)
4(9744 9745 9846 9845)
4(9845 9846 9947 9946)
4(9946 9947 10048 10047)
4(10047 10048 10149 10148)
4(10148 10149 10250 10249)
4(5221 5222 5323 5322)
4(5322 5323 5424 5423)
4(5423 5424 5525 5524)
4(5524 5525 5626 5625)
4(5625 5626 5727 5726)
4(5726 5727 5828 5827)
4(5827 5828 5929 5928)
4(5928 5929 6030 6029)
4(6029 6030 6131 6130)
4(6130 6131 6232 6231)
4(6231 6232 6333 6332)
4(6332 6333 6434 6433)
4(6433 6434 6535 6534)
4(6534 6535 6636 6635)
4(6635 6636 6737 6736)
4(6736 6737 6838 6837)
4(6837 6838 6939 6938)
4(6938 6939 7040 7039)
4(7039 7040 7141 7140)
4(7140 7141 7242 7241)
4(7241 7242 7343 7342)
4(7342 7343 7444 7443)
4(7443 7444 7542 7541)
4(7541 7542 7638 7637)
4(7637 7638 7734 7733)
4(7733 7734 7830 7829)
4(7829 7830 7928 7927)
4(7927 7928 8029 8028)
4(8028 8029 8130 8129)
4(8129 8130 8231 8230)
4(8230 8231 8332 8331)
4(8331 8332 8433 8432)
4(8432 8433 8534 8533)
4(8533 8534 8635 8634)
4(8634 8635 8736 8735)
4(8735 8736 8837 8836)
4(8836 8837 8938 8937)
4(8937 8938 9039 9038)
4(9038 9039 9140 9139)
4(9139 9140 9241 9240)
4(9240 9241 9342 9341)
4(9341 9342 9443 9442)
4(9442 9443 9544 9543)
4(9543 9544 9645 9644)
4(9644 9645 9746 9745)
4(9745 9746 9847 9846)
4(9846 9847 9948 9947)
4(9947 9948 10049 10048)
4(10048 10049 10150 10149)
4(10149 10150 10251 10250)
4(5222 5223 5324 5323)
4(5323 5324 5425 5424)
4(5424 5425 5526 5525)
4(5525 5526 5627 5626)
4(5626 5627 5728 5727)
4(5727 5728 5829 5828)
4(5828 5829 5930 5929)
4(5929 5930 6031 6030)
4(6030 6031 6132 6131)
4(6131 6132 6233 6232)
4(6232 6233 6334 6333)
4(6333 6334 6435 6434)
4(6434 6435 6536 6535)
4(6535 6536 6637 6636)
4(6636 6637 6738 6737)
4(6737 6738 6839 6838)
4(6838 6839 6940 6939)
4(6939 6940 7041 7040)
4(7040 7041 7142 7141)
4(7141 7142 7243 7242)
4(7242 7243 7344 7343)
4(7343 7344 7445 7444)
4(7444 7445 7543 7542)
4(7542 7543 7639 7638)
4(7638 7639 7735 7734)
4(7734 7735 7831 7830)
4(7830 7831 7929 7928)
4(7928 7929 8030 8029)
4(8029 8030 8131 8130)
4(8130 8131 8232 8231)
4(8231 8232 8333 8332)
4(8332 8333 8434 8433)
4(8433 8434 8535 8534)
4(8534 8535 8636 8635)
4(8635 8636 8737 8736)
4(8736 8737 8838 8837)
4(8837 8838 8939 8938)
4(8938 8939 9040 9039)
4(9039 9040 9141 9140)
4(9140 9141 9242 9241)
4(9241 9242 9343 9342)
4(9342 9343 9444 9443)
4(9443 9444 9545 9544)
4(9544 9545 9646 9645)
4(9645 9646 9747 9746)
4(9746 9747 9848 9847)
4(9847 9848 9949 9948)
4(9948 9949 10050 10049)
4(10049 10050 10151 10150)
4(10150 10151 10252 10251)
4(5223 5224 5325 5324)
4(5324 5325 5426 5425)
4(5425 5426 5527 5526)
4(5526 5527 5628 5627)
4(5627 5628 5729 5728)
4(5728 5729 5830 5829)
4(5829 5830 5931 5930)
4(5930 5931 6032 6031)
4(6031 6032 6133 6132)
4(6132 6133 6234 6233)
4(6233 6234 6335 6334)
4(6334 6335 6436 6435)
4(6435 6436 6537 6536)
4(6536 6537 6638 6637)
4(6637 6638 6739 6738)
4(6738 6739 6840 6839)
4(6839 6840 6941 6940)
4(6940 6941 7042 7041)
4(7041 7042 7143 7142)
4(7142 7143 7244 7243)
4(7243 7244 7345 7344)
4(7344 7345 7446 7445)
4(7445 7446 7544 7543)
4(7543 7544 7640 7639)
4(7639 7640 7736 7735)
4(7735 7736 7832 7831)
4(7831 7832 7930 7929)
4(7929 7930 8031 8030)
4(8030 8031 8132 8131)
4(8131 8132 8233 8232)
4(8232 8233 8334 8333)
4(8333 8334 8435 8434)
4(8434 8435 8536 8535)
4(8535 8536 8637 8636)
4(8636 8637 8738 8737)
4(8737 8738 8839 8838)
4(8838 8839 8940 8939)
4(8939 8940 9041 9040)
4(9040 9041 9142 9141)
4(9141 9142 9243 9242)
4(9242 9243 9344 9343)
4(9343 9344 9445 9444)
4(9444 9445 9546 9545)
4(9545 9546 9647 9646)
4(9646 9647 9748 9747)
4(9747 9748 9849 9848)
4(9848 9849 9950 9949)
4(9949 9950 10051 10050)
4(10050 10051 10152 10151)
4(10151 10152 10253 10252)
4(5224 5225 5326 5325)
4(5325 5326 5427 5426)
4(5426 5427 5528 5527)
4(5527 5528 5629 5628)
4(5628 5629 5730 5729)
4(5729 5730 5831 5830)
4(5830 5831 5932 5931)
4(5931 5932 6033 6032)
4(6032 6033 6134 6133)
4(6133 6134 6235 6234)
4(6234 6235 6336 6335)
4(6335 6336 6437 6436)
4(6436 6437 6538 6537)
4(6537 6538 6639 6638)
4(6638 6639 6740 6739)
4(6739 6740 6841 6840)
4(6840 6841 6942 6941)
4(6941 6942 7043 7042)
4(7042 7043 7144 7143)
4(7143 7144 7245 7244)
4(7244 7245 7346 7345)
4(7345 7346 7447 7446)
4(7446 7447 7545 7544)
4(7544 7545 7641 7640)
4(7640 7641 7737 7736)
4(7736 7737 7833 7832)
4(7832 7833 7931 7930)
4(7930 7931 8032 8031)
4(8031 8032 8133 8132)
4(8132 8133 8234 8233)
4(8233 8234 8335 8334)
4(8334 8335 8436 8435)
4(8435 8436 8537 8536)
4(8536 8537 8638 8637)
4(8637 8638 8739 8738)
4(8738 8739 8840 8839)
4(8839 8840 8941 8940)
4(8940 8941 9042 9041)
4(9041 9042 9143 9142)
4(9142 9143 9244 9243)
4(9243 9244 9345 9344)
4(9344 9345 9446 9445)
4(9445 9446 9547 9546)
4(9546 9547 9648 9647)
4(9647 9648 9749 9748)
4(9748 9749 9850 9849)
4(9849 9850 9951 9950)
4(9950 9951 10052 10051)
4(10051 10052 10153 10152)
4(10152 10153 10254 10253)
4(5225 5226 5327 5326)
4(5326 5327 5428 5427)
4(5427 5428 5529 5528)
4(5528 5529 5630 5629)
4(5629 5630 5731 5730)
4(5730 5731 5832 5831)
4(5831 5832 5933 5932)
4(5932 5933 6034 6033)
4(6033 6034 6135 6134)
4(6134 6135 6236 6235)
4(6235 6236 6337 6336)
4(6336 6337 6438 6437)
4(6437 6438 6539 6538)
4(6538 6539 6640 6639)
4(6639 6640 6741 6740)
4(6740 6741 6842 6841)
4(6841 6842 6943 6942)
4(6942 6943 7044 7043)
4(7043 7044 7145 7144)
4(7144 7145 7246 7245)
4(7245 7246 7347 7346)
4(7346 7347 7448 7447)
4(7447 7448 7546 7545)
4(7545 7546 7642 7641)
4(7641 7642 7738 7737)
4(7737 7738 7834 7833)
4(7833 7834 7932 7931)
4(7931 7932 8033 8032)
4(8032 8033 8134 8133)
4(8133 8134 8235 8234)
4(8234 8235 8336 8335)
4(8335 8336 8437 8436)
4(8436 8437 8538 8537)
4(8537 8538 8639 8638)
4(8638 8639 8740 8739)
4(8739 8740 8841 8840)
4(8840 8841 8942 8941)
4(8941 8942 9043 9042)
4(9042 9043 9144 9143)
4(9143 9144 9245 9244)
4(9244 9245 9346 9345)
4(9345 9346 9447 9446)
4(9446 9447 9548 9547)
4(9547 9548 9649 9648)
4(9648 9649 9750 9749)
4(9749 9750 9851 9850)
4(9850 9851 9952 9951)
4(9951 9952 10053 10052)
4(10052 10053 10154 10153)
4(10153 10154 10255 10254)
4(5226 5227 5328 5327)
4(5327 5328 5429 5428)
4(5428 5429 5530 5529)
4(5529 5530 5631 5630)
4(5630 5631 5732 5731)
4(5731 5732 5833 5832)
4(5832 5833 5934 5933)
4(5933 5934 6035 6034)
4(6034 6035 6136 6135)
4(6135 6136 6237 6236)
4(6236 6237 6338 6337)
4(6337 6338 6439 6438)
4(6438 6439 6540 6539)
4(6539 6540 6641 6640)
4(6640 6641 6742 6741)
4(6741 6742 6843 6842)
4(6842 6843 6944 6943)
4(6943 6944 7045 7044)
4(7044 7045 7146 7145)
4(7145 7146 7247 7246)
4(7246 7247 7348 7347)
4(7347 7348 7449 7448)
4(7448 7449 7547 7546)
4(7546 7547 7643 7642)
4(7642 7643 7739 7738)
4(7738 7739 7835 7834)
4(7834 7835 7933 7932)
4(7932 7933 8034 8033)
4(8033 8034 8135 8134)
4(8134 8135 8236 8235)
4(8235 8236 8337 8336)
4(8336 8337 8438 8437)
4(8437 8438 8539 8538)
4(8538 8539 8640 8639)
4(8639 8640 8741 8740)
4(8740 8741 8842 8841)
4(8841 8842 8943 8942)
4(8942 8943 9044 9043)
4(9043 9044 9145 9144)
4(9144 9145 9246 9245)
4(9245 9246 9347 9346)
4(9346 9347 9448 9447)
4(9447 9448 9549 9548)
4(9548 9549 9650 9649)
4(9649 9650 9751 9750)
4(9750 9751 9852 9851)
4(9851 9852 9953 9952)
4(9952 9953 10054 10053)
4(10053 10054 10155 10154)
4(10154 10155 10256 10255)
4(5227 5228 5329 5328)
4(5328 5329 5430 5429)
4(5429 5430 5531 5530)
4(5530 5531 5632 5631)
4(5631 5632 5733 5732)
4(5732 5733 5834 5833)
4(5833 5834 5935 5934)
4(5934 5935 6036 6035)
4(6035 6036 6137 6136)
4(6136 6137 6238 6237)
4(6237 6238 6339 6338)
4(6338 6339 6440 6439)
4(6439 6440 6541 6540)
4(6540 6541 6642 6641)
4(6641 6642 6743 6742)
4(6742 6743 6844 6843)
4(6843 6844 6945 6944)
4(6944 6945 7046 7045)
4(7045 7046 7147 7146)
4(7146 7147 7248 7247)
4(7247 7248 7349 7348)
4(7348 7349 7450 7449)
4(7449 7450 7548 7547)
4(7547 7548 7644 7643)
4(7643 7644 7740 7739)
4(7739 7740 7836 7835)
4(7835 7836 7934 7933)
4(7933 7934 8035 8034)
4(8034 8035 8136 8135)
4(8135 8136 8237 8236)
4(8236 8237 8338 8337)
4(8337 8338 8439 8438)
4(8438 8439 8540 8539)
4(8539 8540 8641 8640)
4(8640 8641 8742 8741)
4(8741 8742 8843 8842)
4(8842 8843 8944 8943)
4(8943 8944 9045 9044)
4(9044 9045 9146 9145)
4(9145 9146 9247 9246)
4(9246 9247 9348 9347)
4(9347 9348 9449 9448)
4(9448 9449 9550 9549)
4(9549 9550 9651 9650)
4(9650 9651 9752 9751)
4(9751 9752 9853 9852)
4(9852 9853 9954 9953)
4(9953 9954 10055 10054)
4(10054 10055 10156 10155)
4(10155 10156 10257 10256)
4(5228 5229 5330 5329)
4(5329 5330 5431 5430)
4(5430 5431 5532 5531)
4(5531 5532 5633 5632)
4(5632 5633 5734 5733)
4(5733 5734 5835 5834)
4(5834 5835 5936 5935)
4(5935 5936 6037 6036)
4(6036 6037 6138 6137)
4(6137 6138 6239 6238)
4(6238 6239 6340 6339)
4(6339 6340 6441 6440)
4(6440 6441 6542 6541)
4(6541 6542 6643 6642)
4(6642 6643 6744 6743)
4(6743 6744 6845 6844)
4(6844 6845 6946 6945)
4(6945 6946 7047 7046)
4(7046 7047 7148 7147)
4(7147 7148 7249 7248)
4(7248 7249 7350 7349)
4(7349 7350 7451 7450)
4(7450 7451 7549 7548)
4(7548 7549 7645 7644)
4(7644 7645 7741 7740)
4(7740 7741 7837 7836)
4(7836 7837 7935 7934)
4(7934 7935 8036 8035)
4(8035 8036 8137 8136)
4(8136 8137 8238 8237)
4(8237 8238 8339 8338)
4(8338 8339 8440 8439)
4(8439 8440 8541 8540)
4(8540 8541 8642 8641)
4(8641 8642 8743 8742)
4(8742 8743 8844 8843)
4(8843 8844 8945 8944)
4(8944 8945 9046 9045)
4(9045 9046 9147 9146)
4(9146 9147 9248 9247)
4(9247 9248 9349 9348)
4(9348 9349 9450 9449)
4(9449 9450 9551 9550)
4(9550 9551 9652 9651)
4(9651 9652 9753 9752)
4(9752 9753 9854 9853)
4(9853 9854 9955 9954)
4(9954 9955 10056 10055)
4(10055 10056 10157 10156)
4(10156 10157 10258 10257)
4(5229 5230 5331 5330)
4(5330 5331 5432 5431)
4(5431 5432 5533 5532)
4(5532 5533 5634 5633)
4(5633 5634 5735 5734)
4(5734 5735 5836 5835)
4(5835 5836 5937 5936)
4(5936 5937 6038 6037)
4(6037 6038 6139 6138)
4(6138 6139 6240 6239)
4(6239 6240 6341 6340)
4(6340 6341 6442 6441)
4(6441 6442 6543 6542)
4(6542 6543 6644 6643)
4(6643 6644 6745 6744)
4(6744 6745 6846 6845)
4(6845 6846 6947 6946)
4(6946 6947 7048 7047)
4(7047 7048 7149 7148)
4(7148 7149 7250 7249)
4(7249 7250 7351 7350)
4(7350 7351 7452 7451)
4(7451 7452 7550 7549)
4(7549 7550 7646 7645)
4(7645 7646 7742 7741)
4(7741 7742 7838 7837)
4(7837 7838 7936 7935)
4(7935 7936 8037 8036)
4(8036 8037 8138 8137)
4(8137 8138 8239 8238)
4(8238 8239 8340 8339)
4(8339 8340 8441 8440)
4(8440 8441 8542 8541)
4(8541 8542 8643 8642)
4(8642 8643 8744 8743)
4(8743 8744 8845 8844)
4(8844 8845 8946 8945)
4(8945 8946 9047 9046)
4(9046 9047 9148 9147)
4(9147 9148 9249 9248)
4(9248 9249 9350 9349)
4(9349 9350 9451 9450)
4(9450 9451 9552 9551)
4(9551 9552 9653 9652)
4(9652 9653 9754 9753)
4(9753 9754 9855 9854)
4(9854 9855 9956 9955)
4(9955 9956 10057 10056)
4(10056 10057 10158 10157)
4(10157 10158 10259 10258)
4(2443 10580 11600 11434)
4(2346 10566 11349 10568)
4(2539 10595 11350 10594)
4(2635 10608 11351 10607)
6(2731 10331 10940 10435 11501 10326)
4(2732 10618 11352 10619)
4(2346 10567 11354 10565)
4(2246 11426 11601 10553)
3(2732 10620 10618)
6(2830 10340 11505 10437 10944 10333)
4(2831 10634 11602 11445)
4(2247 10555 11357 10557)
4(2831 10635 11358 10634)
4(2832 10638 11359 10639)
4(2248 10559 11360 10560)
4(2832 10640 11361 10638)
4(2833 10643 11362 10644)
4(2347 10572 11364 10573)
6(2249 10306 11495 10442 10896 10308)
3(2347 10573 10575)
3(2733 10625 10626)
4(2833 11446 11603 10643)
6(2834 10339 10959 10443 11507 10343)
4(2733 10626 11365 10628)
4(2444 11435 11604 10586)
6(2348 10314 10906 10444 11499 10316)
4(2540 10599 11367 10600)
4(2444 10586 11368 10587)
4(2636 10613 11369 10614)
4(2540 10600 11370 10601)
4(2733 10627 11371 10625)
6(2734 10330 11503 10447 10957 10338)
4(2636 10614 11605 11438)
4(7476 10675 11372 10673)
4(7573 11462 11606 10686)
4(7669 10698 11374 10699)
4(7765 10709 11375 10710)
4(7862 10720 11377 10719)
6(7861 10370 11517 10451 11024 10375)
4(7376 10661 11607 11456)
4(7476 10672 11379 10674)
3(7862 10719 10721)
4(7961 11471 11608 10734)
6(7960 10377 11028 10453 11521 10384)
4(7377 10665 11381 10663)
4(7962 10739 11382 10738)
4(7961 10734 11383 10735)
4(7378 10668 11384 10667)
4(7963 10744 11385 10743)
4(7962 10738 11386 10740)
6(7379 10352 10980 10458 11511 10350)
4(7477 10680 11387 10679)
3(7477 10682 10680)
3(7863 10727 10726)
4(7863 10729 11389 10727)
6(7964 10387 11523 10459 11043 10383)
4(7963 10743 11609 11472)
6(7478 10360 11515 10460 10990 10358)
4(7574 10692 11610 11463)
4(7574 10693 11391 10692)
4(7670 10704 11392 10703)
4(7670 10705 11393 10704)
4(7766 10716 11394 10715)
4(7766 11466 11611 10716)
6(7864 10382 11041 10463 11519 10374)
4(7863 10726 11395 10728)
4(2538 10590 11308 10577)
5(2539 10594 10318 11308 10590)
5(2443 10576 11308 10318 10581)
4(2634 10604 11309 10591)
5(2635 10607 10322 11309 10604)
5(2539 10590 11309 10322 10596)
4(2345 10309 11310 10549)
6(2346 10565 10301 11310 10309 10566)
4(2245 10548 11310 10301)
4(10318 10913 11311 10581)
4(10433 10911 11311 10913)
4(10317 10580 11311 10911)
4(10322 10923 11312 10596)
4(10434 10921 11312 10923)
4(10321 10595 11312 10921)
4(2829 10630 11313 10616)
4(2830 10333 11313 10630)
6(2732 10619 10331 11313 10333 10621)
4(10333 10944 11314 10621)
4(10437 10942 11314 10944)
4(10332 10620 11314 10942)
5(2246 10552 10302 11315 10541)
5(2247 10544 11315 10302 10555)
4(2146 10540 11315 10544)
4(10303 10886 11316 10553)
4(10438 10883 11316 10886)
4(10302 10552 11316 10883)
3(10334 10947 10622)
4(2932 10647 11317 10632)
4(2933 10636 11317 10647)
5(2832 10639 10341 11317 10636)
5(2247 10556 10304 11318 10544)
5(2248 10546 11318 10304 10559)
4(2147 10543 11318 10546)
4(10305 10891 11319 10557)
4(10440 10888 11319 10891)
4(10304 10556 11319 10888)
4(2933 10649 11320 10636)
4(2934 10641 11320 10649)
5(2833 10644 10342 11320 10641)
4(10337 10955 11321 10623)
4(10443 10952 11321 10955)
3(10336 11321 10952)
6(2347 10574 10314 11322 10308 10572)
4(2348 10562 11322 10314)
4(2250 10561 11322 10562)
4(10315 10908 11323 10575)
4(10444 10906 11323 10908)
4(10314 10574 11323 10906)
3(10319 10583 10916)
3(10329 10938 11324)
4(10447 10936 11324 10938)
4(10328 10610 11324 10936)
4(2834 10645 11325 10339)
4(2835 10629 11325 10645)
4(2734 10338 11325 10629)
5(2540 10597 11326 10320 10599)
4(2541 10588 11326 10597)
4(2445 10584 11326 10588)
5(2636 10611 11327 10324 10613)
4(2637 10602 11327 10611)
4(2541 10597 11327 10602)
5(7573 10687 10362 11328 10683)
5(7669 10695 11328 10362 10698)
4(7668 10684 11328 10695)
5(7669 10700 10366 11329 10695)
5(7765 10707 11329 10366 10709)
4(7764 10696 11329 10707)
4(7375 10345 11330 10657)
6(7476 10673 10353 11330 10345 10672)
4(7475 10658 11330 10353)
4(10361 10995 11331 10686)
4(10449 10997 11331 10995)
4(10362 10687 11331 10997)
4(10365 11005 11332 10699)
4(10450 11007 11332 11005)
4(10366 10700 11332 11007)
6(7862 10722 10377 11333 10375 10720)
4(7960 10731 11333 10377)
4(7959 10717 11333 10731)
4(10376 11026 11334 10721)
4(10453 11028 11334 11026)
4(10377 10722 11334 11028)
4(7276 10655 11335 10652)
5(7377 10663 10346 11335 10655)
5(7376 10653 11335 10346 10660)
4(10346 10967 11336 10660)
4(10454 10970 11336 10967)
4(10347 10661 11336 10970)
3(10378 10723 11031)
5(7962 10736 11337 10385 10739)
4(8063 10746 11337 10736)
4(8062 10732 11337 10746)
4(7277 10656 11338 10654)
5(7378 10667 10348 11338 10656)
5(7377 10655 11338 10348 10664)
4(10348 10972 11339 10664)
4(10456 10975 11339 10972)
4(10349 10665 11339 10975)
5(7963 10741 11340 10386 10744)
4(8064 10747 11340 10741)
4(8063 10736 11340 10747)
3(10380 11036 11341)
4(10459 11039 11341 11036)
4(10381 10724 11341 11039)
4(7380 10670 11342 10669)
4(7478 10358 11342 10670)
6(7477 10679 10352 11342 10358 10681)
4(10358 10990 11343 10681)
4(10460 10992 11343 10990)
4(10359 10682 11343 10992)
3(10363 11000 10689)
4(10372 11020 11344 10712)
4(10463 11022 11344 11020)
3(10373 11344 11022)
4(7864 10730 11345 10382)
4(7965 10745 11345 10730)
4(7964 10383 11345 10745)
4(7575 10694 11346 10690)
4(7671 10701 11346 10694)
5(7670 10703 10364 11346 10701)
4(7671 10706 11347 10701)
4(7767 10713 11347 10706)
5(7766 10715 10368 11347 10713)
3(10312 10902 11348)
4(10432 10910 11348 10902)
4(10317 10582 11348 10910)
4(10309 10898 11349 10566)
4(10432 10902 11349 10898)
4(10312 10568 11349 10902)
4(10321 10920 11350 10595)
4(10433 10913 11350 10920)
4(10318 10594 11350 10913)
3(10317 10911 10582)
4(10325 10930 11351 10608)
4(10434 10923 11351 10930)
4(10322 10607 11351 10923)
3(10325 10609 10930)
4(10327 10933 11352 10618)
4(10435 10940 11352 10933)
4(10331 10619 11352 10940)
4(10325 10931 11353 10609)
4(10435 10933 11353 10931)
3(10327 11353 10933)
4(10311 10900 11354 10567)
4(10436 10881 11354 10900)
4(10301 10565 11354 10881)
4(10303 10885 11355 10569)
4(10436 10900 11355 10885)
3(10311 11355 10900)
3(10332 10942 11356)
4(10437 10946 11356 10942)
4(10334 10622 11356 10946)
3(10303 10569 10886)
4(10302 10883 11357 10555)
4(10438 10890 11357 10883)
4(10305 10557 11357 10890)
4(10341 10961 11358 10635)
4(10439 10947 11358 10961)
4(10334 10634 11358 10947)
4(10335 10949 11359 10638)
4(10439 10961 11359 10949)
4(10341 10639 11359 10961)
3(10307 10893 10570)
4(10304 10888 11360 10559)
4(10440 10893 11360 10888)
4(10307 10560 11360 10893)
4(10342 10963 11361 10640)
4(10441 10950 11361 10963)
4(10335 10638 11361 10950)
4(10337 10954 11362 10643)
4(10441 10963 11362 10954)
4(10342 10644 11362 10963)
3(10337 10623 10954)
3(10313 10904 11363)
4(10442 10894 11363 10904)
4(10307 10570 11363 10894)
4(10308 10896 11364 10572)
4(10442 10904 11364 10896)
4(10313 10573 11364 10904)
4(10336 10952 11365 10626)
4(10443 10959 11365 10952)
4(10339 10628 11365 10959)
4(10319 10915 11366 10583)
4(10444 10908 11366 10915)
3(10315 11366 10908)
4(10320 10918 11367 10599)
4(10445 10925 11367 10918)
4(10323 10600 11367 10925)
4(10319 10916 11368 10586)
4(10445 10918 11368 10916)
4(10320 10587 11368 10918)
3(10328 10935 10610)
4(10324 10928 11369 10613)
4(10446 10935 11369 10928)
4(10328 10614 11369 10935)
4(10323 10926 11370 10600)
4(10446 10928 11370 10926)
4(10324 10601 11370 10928)
4(10338 10957 11371 10627)
4(10447 10938 11371 10957)
4(10329 10625 11371 10938)
4(10356 10986 11372 10675)
4(10448 10982 11372 10986)
4(10353 10673 11372 10982)
4(10361 10994 11373 10688)
4(10448 10986 11373 10994)
3(10356 11373 10986)
3(10361 10688 10995)
4(10362 10997 11374 10698)
4(10449 11004 11374 10997)
4(10365 10699 11374 11004)
3(10369 11014 10711)
4(10366 11007 11375 10709)
4(10450 11014 11375 11007)
4(10369 10710 11375 11014)
3(10371 11017 11376)
4(10451 11015 11376 11017)
4(10369 10711 11376 11015)
4(10375 11024 11377 10720)
4(10451 11017 11377 11024)
4(10371 10719 11377 11017)
3(10355 10984 11378)
4(10452 10969 11378 10984)
4(10347 10676 11378 10969)
4(10345 10965 11379 10672)
4(10452 10984 11379 10965)
4(10355 10674 11379 10984)
4(10378 11030 11380 10723)
4(10453 11026 11380 11030)
3(10376 11380 11026)
4(10349 10974 11381 10665)
4(10454 10967 11381 10974)
4(10346 10663 11381 10967)
3(10347 10970 10676)
4(10385 11045 11382 10739)
4(10455 11033 11382 11045)
4(10379 10738 11382 11033)
4(10378 11031 11383 10734)
4(10455 11045 11383 11031)
4(10385 10735 11383 11045)
4(10351 10977 11384 10668)
4(10456 10972 11384 10977)
4(10348 10667 11384 10972)
3(10351 10677 10977)
3(10381 11038 10724)
4(10386 11047 11385 10744)
4(10457 11038 11385 11047)
4(10381 10743 11385 11038)
4(10379 11034 11386 10738)
4(10457 11047 11386 11034)
4(10386 10740 11386 11047)
4(10357 10988 11387 10680)
4(10458 10980 11387 10988)
4(10352 10679 11387 10980)
4(10351 10978 11388 10677)
4(10458 10988 11388 10978)
3(10357 11388 10988)
4(10383 11043 11389 10729)
4(10459 11036 11389 11043)
4(10380 10727 11389 11036)
3(10359 10992 11390)
4(10460 10999 11390 10992)
4(10363 10689 11390 10999)
4(10364 11002 11391 10693)
4(10461 11000 11391 11002)
4(10363 10692 11391 11000)
4(10367 11009 11392 10704)
4(10461 11002 11392 11009)
4(10364 10703 11392 11002)
4(10368 11012 11393 10705)
4(10462 11010 11393 11012)
4(10367 10704 11393 11010)
4(10372 11019 11394 10716)
4(10462 11012 11394 11019)
4(10368 10715 11394 11012)
3(10372 10712 11019)
4(10373 11022 11395 10726)
4(10463 11041 11395 11022)
4(10382 10728 11395 11041)
4(2442 10576 11580 11429)
5(2443 11434 10310 11580 10576)
4(2345 11428 11580 10310)
4(2730 11440 11581 11436)
4(2731 10326 11581 11440)
5(2635 10604 11581 10326 11437)
4(10326 11501 11582 11437)
4(10435 10931 11582 11501)
4(10325 10608 11582 10931)
4(2245 10300 11583 11421)
5(2246 10541 11583 10300 11426)
4(2145 11420 11583 10541)
4(2931 11448 11584 11444)
4(2932 10632 11584 11448)
5(2831 11445 10340 11584 10632)
5(2248 11427 10306 11585 10546)
4(2249 11424 11585 10306)
4(2148 11423 11585 11424)
4(10307 10894 11586 10560)
4(10442 11495 11586 10894)
4(10306 11427 11586 11495)
4(2934 11450 11587 10641)
4(2935 11447 11587 11450)
4(2834 10343 11587 11447)
5(2444 10584 11588 10316 11435)
4(2445 11432 11588 10584)
4(2349 11431 11588 11432)
4(2734 11442 11589 10330)
4(2735 11439 11589 11442)
4(2637 10611 11589 11439)
4(7475 10354 11590 11458)
5(7573 10683 11590 10354 11462)
4(7572 11459 11590 10683)
5(7765 11465 10370 11591 10707)
4(7861 11468 11591 10370)
4(7860 11464 11591 11468)
4(10369 11015 11592 10710)
4(10451 11517 11592 11015)
4(10370 11465 11592 11517)
4(7275 10653 11593 11452)
5(7376 11456 10344 11593 10653)
4(7375 11453 11593 10344)
5(7961 10732 11594 10384 11471)
4(8062 11474 11594 10732)
4(8061 11470 11594 11474)
4(7278 11455 11595 11454)
4(7379 10350 11595 11455)
5(7378 10656 11595 10350 11457)
4(10350 11511 11596 11457)
4(10458 10978 11596 11511)
4(10351 10668 11596 10978)
4(7964 11473 11597 10387)
4(8065 11475 11597 11473)
4(8064 10741 11597 11475)
4(7479 11461 11598 11460)
4(7575 10690 11598 11461)
5(7574 11463 10360 11598 10690)
4(7767 11467 11599 10713)
4(7865 11469 11599 11467)
4(7864 10374 11599 11469)
4(10317 10910 11600 10580)
4(10432 11497 11600 10910)
4(10310 11434 11600 11497)
4(10300 11493 11601 11426)
4(10436 10885 11601 11493)
4(10303 10553 11601 10885)
4(10334 10946 11602 10634)
4(10437 11505 11602 10946)
4(10340 11445 11602 11505)
4(10343 11507 11603 11446)
4(10443 10955 11603 11507)
4(10337 10643 11603 10955)
4(10316 11499 11604 11435)
4(10444 10915 11604 11499)
4(10319 10586 11604 10915)
4(10328 10936 11605 10614)
4(10447 11503 11605 10936)
4(10330 11438 11605 11503)
4(10354 11513 11606 11462)
4(10448 10994 11606 11513)
4(10361 10686 11606 10994)
4(10347 10969 11607 10661)
4(10452 11509 11607 10969)
4(10344 11456 11607 11509)
4(10384 11521 11608 11471)
4(10453 11030 11608 11521)
4(10378 10734 11608 11030)
4(10381 11039 11609 10743)
4(10459 11523 11609 11039)
4(10387 11472 11609 11523)
4(10363 10999 11610 10692)
4(10460 11515 11610 10999)
4(10360 11463 11610 11515)
4(10374 11519 11611 11466)
4(10463 11020 11611 11519)
4(10372 10716 11611 11020)
4(11086 10567 10568 11087)
4(10674 11179 11211 10675)
4(10573 11199 11088 10575)
4(11203 10680 10682 11215)
4(11261 10618 10620 11140)
4(10719 11265 11266 10721)
4(10625 11267 11268 10626)
4(11269 10726 10727 11270)
4(10261 10756 11071 10754)
4(10438 10886 11071 10756)
4(10262 10761 11075 10759)
4(10305 10889 11075 10891)
4(10396 10759 11075 10889)
4(10440 10891 11075 10761)
4(10837 11086 11087 10838)
4(10315 10575 11088 10907)
4(10404 10907 11088 10844)
4(10266 10778 11100 10781)
4(10433 10781 11100 10911)
4(10268 10788 11118 10791)
4(10321 10921 11118 10919)
4(10408 10919 11118 10788)
4(10434 10791 11118 10921)
4(10329 11324 10477 10937)
4(10332 10941 11140 10620)
4(10418 10865 11140 10941)
4(10336 10951 10480 11321)
4(10420 11150 10480 10951)
4(10395 11173 10485 10899)
4(10355 10983 11179 10674)
4(10395 10837 11179 10983)
4(10261 10755 11181 10756)
4(10305 10890 11181 10889)
4(10396 10889 11181 10755)
4(10438 10756 11181 10890)
4(10261 10754 11184 10757)
4(10454 10757 11184 10970)
4(10261 10757 11185 10755)
4(10349 10973 11185 10974)
4(10396 10755 11185 10973)
4(10454 10974 11185 10757)
4(11184 11180 10676 10970)
4(10262 10760 11187 10761)
4(10440 10761 11187 10893)
4(10262 10759 11191 10762)
4(10349 10975 11191 10973)
4(10396 10973 11191 10759)
4(10456 10762 11191 10975)
4(10262 10762 11192 10760)
4(10456 10977 11192 10762)
4(11192 10977 10677 11194)
4(10313 10903 11199 10573)
4(10399 10842 11199 10903)
4(10357 10987 10496 11388)
4(10399 11197 10496 10987)
4(10357 10680 11203 10987)
4(10399 10987 11203 10842)
4(10402 10901 10499 11207)
4(10356 10675 11211 10985)
4(10402 10985 11211 10838)
4(10356 10985 10501 11373)
4(11179 10837 10838 11211)
4(11199 10842 10844 11088)
4(11203 11215 10844 10842)
4(10911 11100 11208 10582)
4(10266 10781 11224 10780)
4(10321 10919 11224 10920)
4(10408 10780 11224 10919)
4(10433 10920 11224 10781)
4(10266 10782 11226 10778)
4(10449 10995 11226 10782)
4(10266 10780 11228 10782)
4(10365 11004 11228 11003)
4(10408 11003 11228 10780)
4(10449 10782 11228 11004)
4(11000 11235 11222 10689)
4(10268 10791 11239 10790)
4(10434 10930 11239 10791)
4(10268 10792 11242 10788)
4(10365 11003 11242 11005)
4(10408 10788 11242 11003)
4(10450 11005 11242 10792)
4(10268 10790 11244 10792)
4(10450 10792 11244 11014)
4(11254 11019 10712 11255)
4(10327 10618 11261 10932)
4(10416 10932 11261 10863)
4(10371 11376 10521 11016)
4(10416 11016 10521 11258)
4(10371 11016 11265 10719)
4(10416 10863 11265 11016)
4(11140 10865 10863 11261)
4(11265 10863 10865 11266)
4(11267 10869 10870 11268)
4(11269 11270 10870 10869)
4(11293 10954 10623 11147)
4(11038 11299 11300 10724)
4(11103 11104 10916 10583)
4(11130 10477 11324 10610)
4(11144 10622 10947 11145)
4(11321 10480 11147 10623)
4(11355 10485 11174 10569)
4(10485 11355 10311 10899)
4(11180 10487 11378 10676)
4(11378 10487 10983 10355)
4(11174 11071 10886 10569)
4(11189 10570 10893 11187)
4(11189 10494 11363 10570)
4(11363 10494 10903 10313)
4(11388 10496 11194 10677)
4(11348 10499 10901 10312)
4(11208 10499 11348 10582)
4(11373 10501 11214 10688)
4(10502 11366 10315 10907)
4(11366 10502 11103 10583)
4(11390 10504 10991 10359)
4(11222 10504 11390 10689)
4(11214 11226 10995 10688)
4(11241 11239 10930 10609)
4(11246 10711 11014 11244)
4(11130 10610 10935 11249)
4(11353 10519 11241 10609)
4(11246 10521 11376 10711)
4(11344 10524 11255 10712)
4(10524 11344 10373 11021)
4(11144 10526 11356 10622)
4(10528 11380 10376 11025)
4(11380 10528 11282 10723)
4(11282 11289 11031 10723)
4(11341 10538 11035 10380)
4(11300 10538 11341 10724)
4(10311 10567 11086 10899)
4(10312 10901 11087 10568)
4(10395 10899 11086 10837)
4(10402 10838 11087 10901)
4(10783 11104 11103 10848)
4(10267 10786 11104 10783)
4(10445 10916 11104 10786)
4(10269 10796 11121 10793)
4(10323 10924 11121 10926)
4(10410 10793 11121 10924)
4(10446 10926 11121 10796)
4(10327 10932 10519 11353)
4(10416 11258 10519 10932)
4(11133 10477 11130 10860)
4(11133 10419 10937 10477)
4(11145 10813 10867 11144)
4(10273 10813 11145 10816)
4(10439 10816 11145 10947)
4(10274 10818 11146 10821)
4(10335 10950 11146 10948)
4(10426 10948 11146 10818)
4(10441 10821 11146 10950)
4(11150 10868 11147 10480)
4(11174 10485 11173 10839)
4(11180 10839 11173 10487)
4(11173 10395 10983 10487)
4(10754 11071 11174 10839)
4(11184 10754 10839 11180)
4(11187 10760 10840 11189)
4(10760 11192 11194 10840)
4(11197 10494 11189 10840)
4(11197 10399 10903 10494)
4(11194 10496 11197 10840)
4(11208 10847 11207 10499)
4(11207 10501 10985 10402)
4(11207 10847 11214 10501)
4(10359 10991 11215 10682)
4(10404 10844 11215 10991)
4(11217 10502 10907 10404)
4(11217 10848 11103 10502)
4(10504 11217 10404 10991)
4(11222 10848 11217 10504)
4(11100 10778 10847 11208)
4(10778 11226 11214 10847)
4(10267 10785 11232 10786)
4(10323 10925 11232 10924)
4(10410 10924 11232 10785)
4(10445 10786 11232 10925)
4(11235 10783 10848 11222)
4(10267 10783 11235 10787)
4(10461 10787 11235 11000)
4(10267 10787 11237 10785)
4(10367 11008 11237 11009)
4(10410 10785 11237 11008)
4(10461 11009 11237 10787)
4(10790 11239 11241 10859)
4(11244 10790 10859 11246)
4(11249 10795 10860 11130)
4(10269 10795 11249 10796)
4(10446 10796 11249 10935)
4(10269 10793 11252 10797)
4(10367 11010 11252 11008)
4(10410 11008 11252 10793)
4(10462 10797 11252 11010)
4(10795 11254 11255 10860)
4(10269 10797 11254 10795)
4(10462 11019 11254 10797)
4(11258 10859 11241 10519)
4(11246 10859 11258 10521)
4(10332 11356 10526 10941)
4(10418 10941 10526 11277)
4(10376 10721 11266 11025)
4(10418 11025 11266 10865)
4(10418 11277 10528 11025)
4(10329 10937 11267 10625)
4(10336 10626 11268 10951)
4(10419 10869 11267 10937)
4(10420 10951 11268 10870)
4(10373 10726 11269 11021)
4(10380 11035 11270 10727)
4(10419 11021 11269 10869)
4(10420 10870 11270 11035)
4(11133 10860 11255 10524)
4(11133 10524 11021 10419)
4(11277 10526 11144 10867)
4(11277 10867 11282 10528)
4(10273 10816 11284 10814)
4(10335 10948 11284 10949)
4(10426 10814 11284 10948)
4(10439 10949 11284 10816)
4(10813 11289 11282 10867)
4(10273 10817 11289 10813)
4(10455 11031 11289 10817)
4(10273 10814 11290 10817)
4(10379 11033 11290 11032)
4(10426 11032 11290 10814)
4(10455 10817 11290 11033)
4(10819 11293 11147 10868)
4(10274 10821 11293 10819)
4(10441 10954 11293 10821)
4(10274 10822 11298 10818)
4(10379 11032 11298 11034)
4(10426 10818 11298 11032)
4(10457 11034 11298 10822)
4(11299 10819 10868 11300)
4(10274 10819 11299 10822)
4(10457 10822 11299 11038)
4(11150 10420 11035 10538)
4(11150 10538 11300 10868)
)


// ************************************************************************* //
