/*--------------------------------*- C++ -*----------------------------------*\
| =========                 |                                                 |
| \\      /  F ield         | OpenFOAM: The Open Source CFD Toolbox           |
|  \\    /   O peration     | Version:  2512                                  |
|   \\  /    A nd           | Website:  www.openfoam.com                      |
|    \\/     M anipulation  |                                                 |
\*---------------------------------------------------------------------------*/
FoamFile
{
    version     2.0;
    format      ascii;
    arch        "LSB;label=32;scalar=64";
    class       vectorField;
    location    "constant/polyMesh";
    object      points;
}
// * * * * * * * * * * * * * * * * * * * * * * * * * * * * * * * * * * * * * //


11612
(
(-5 -5 0)
(-4.8 -5 0)
(-4.6 -5 0)
(-4.4 -5 0)
(-4.2 -5 0)
(-4 -5 0)
(-3.8 -5 0)
(-3.6 -5 0)
(-3.4 -5 0)
(-3.2 -5 0)
(-3 -5 0)
(-2.8 -5 0)
(-2.6 -5 0)
(-2.4 -5 0)
(-2.2 -5 0)
(-2 -5 0)
(-1.8 -5 0)
(-1.6 -5 0)
(-1.4 -5 0)
(-1.2 -5 0)
(-1 -5 0)
(-0.8 -5 0)
(-0.6 -5 0)
(-0.4 -5 0)
(-0.2 -5 0)
(-3.36936e-29 -5 0)
(0.2 -5 0)
(0.4 -5 0)
(0.6 -5 0)
(0.8 -5 0)
(1 -5 0)
(1.2 -5 0)
(1.4 -5 0)
(1.6 -5 0)
(1.8 -5 0)
(2 -5 0)
(2.2 -5 0)
(2.4 -5 0)
(2.6 -5 0)
(2.8 -5 0)
(3 -5 0)
(3.2 -5 0)
(3.4 -5 0)
(3.6 -5 0)
(3.8 -5 0)
(4 -5 0)
(4.2 -5 0)
(4.4 -5 0)
(4.6 -5 0)
(4.8 -5 0)
(5 -5 0)
(5.2 -5 0)
(5.4 -5 0)
(5.6 -5 0)
(5.8 -5 0)
(6 -5 0)
(6.2 -5 0)
(6.4 -5 0)
(6.6 -5 0)
(6.8 -5 0)
(7 -5 0)
(7.2 -5 0)
(7.4 -5 0)
(7.6 -5 0)
(7.8 -5 0)
(8 -5 0)
(8.2 -5 0)
(8.4 -5 0)
(8.6 -5 0)
(8.8 -5 0)
(9 -5 0)
(9.2 -5 0)
(9.4 -5 0)
(9.6 -5 0)
(9.8 -5 0)
(10 -5 0)
(10.2 -5 0)
(10.4 -5 0)
(10.6 -5 0)
(10.8 -5 0)
(11 -5 0)
(11.2 -5 0)
(11.4 -5 0)
(11.6 -5 0)
(11.8 -5 0)
(12 -5 0)
(12.2 -5 0)
(12.4 -5 0)
(12.6 -5 0)
(12.8 -5 0)
(13 -5 0)
(13.2 -5 0)
(13.4 -5 0)
(13.6 -5 0)
(13.8 -5 0)
(14 -5 0)
(14.2 -5 0)
(14.4 -5 0)
(14.6 -5 0)
(14.8 -5 0)
(15 -5 0)
(-5 -4.8 0)
(-4.8 -4.8 0)
(-4.6 -4.8 0)
(-4.4 -4.8 0)
(-4.2 -4.8 0)
(-4 -4.8 0)
(-3.8 -4.8 0)
(-3.6 -4.8 0)
(-3.4 -4.8 0)
(-3.2 -4.8 0)
(-3 -4.8 0)
(-2.8 -4.8 0)
(-2.6 -4.8 0)
(-2.4 -4.8 0)
(-2.2 -4.8 0)
(-2 -4.8 0)
(-1.8 -4.8 0)
(-1.6 -4.8 0)
(-1.4 -4.8 0)
(-1.2 -4.8 0)
(-1 -4.8 0)
(-0.8 -4.8 0)
(-0.6 -4.8 0)
(-0.4 -4.8 0)
(-0.2 -4.8 0)
(3.38233e-27 -4.8 0)
(0.2 -4.8 0)
(0.4 -4.8 0)
(0.6 -4.8 0)
(0.8 -4.8 0)
(1 -4.8 0)
(1.2 -4.8 0)
(1.4 -4.8 0)
(1.6 -4.8 0)
(1.8 -4.8 0)
(2 -4.8 0)
(2.2 -4.8 0)
(2.4 -4.8 0)
(2.6 -4.8 0)
(2.8 -4.8 0)
(3 -4.8 0)
(3.2 -4.8 0)
(3.4 -4.8 0)
(3.6 -4.8 0)
(3.8 -4.8 0)
(4 -4.8 0)
(4.2 -4.8 0)
(4.4 -4.8 0)
(4.6 -4.8 0)
(4.8 -4.8 0)
(5 -4.8 0)
(5.2 -4.8 0)
(5.4 -4.8 0)
(5.6 -4.8 0)
(5.8 -4.8 0)
(6 -4.8 0)
(6.2 -4.8 0)
(6.4 -4.8 0)
(6.6 -4.8 0)
(6.8 -4.8 0)
(7 -4.8 0)
(7.2 -4.8 0)
(7.4 -4.8 0)
(7.6 -4.8 0)
(7.8 -4.8 0)
(8 -4.8 0)
(8.2 -4.8 0)
(8.4 -4.8 0)
(8.6 -4.8 0)
(8.8 -4.8 0)
(9 -4.8 0)
(9.2 -4.8 0)
(9.4 -4.8 0)
(9.6 -4.8 0)
(9.8 -4.8 0)
(10 -4.8 0)
(10.2 -4.8 0)
(10.4 -4.8 0)
(10.6 -4.8 0)
(10.8 -4.8 0)
(11 -4.8 0)
(11.2 -4.8 0)
(11.4 -4.8 0)
(11.6 -4.8 0)
(11.8 -4.8 0)
(12 -4.8 0)
(12.2 -4.8 0)
(12.4 -4.8 0)
(12.6 -4.8 0)
(12.8 -4.8 0)
(13 -4.8 0)
(13.2 -4.8 0)
(13.4 -4.8 0)
(13.6 -4.8 0)
(13.8 -4.8 0)
(14 -4.8 0)
(14.2 -4.8 0)
(14.4 -4.8 0)
(14.6 -4.8 0)
(14.8 -4.8 0)
(15 -4.8 0)
(-5 -4.6 0)
(-4.8 -4.6 0)
(-4.6 -4.6 0)
(-4.4 -4.6 0)
(-4.2 -4.6 0)
(-4 -4.6 0)
(-3.8 -4.6 0)
(-3.6 -4.6 0)
(-3.4 -4.6 0)
(-3.2 -4.6 0)
(-3 -4.6 0)
(-2.8 -4.6 0)
(-2.6 -4.6 0)
(-2.4 -4.6 0)
(-2.2 -4.6 0)
(-2 -4.6 0)
(-1.8 -4.6 0)
(-1.6 -4.6 0)
(-1.4 -4.6 0)
(-1.2 -4.6 0)
(-1 -4.6 0)
(-0.8 -4.6 0)
(-0.6 -4.6 0)
(-0.4 -4.6 0)
(-0.2 -4.6 0)
(2.0381e-25 -4.6 0)
(0.2 -4.6 0)
(0.4 -4.6 0)
(0.6 -4.6 0)
(0.8 -4.6 0)
(1 -4.6 0)
(1.2 -4.6 0)
(1.4 -4.6 0)
(1.6 -4.6 0)
(1.8 -4.6 0)
(2 -4.6 0)
(2.2 -4.6 0)
(2.4 -4.6 0)
(2.6 -4.6 0)
(2.8 -4.6 0)
(3 -4.6 0)
(3.2 -4.6 0)
(3.4 -4.6 0)
(3.6 -4.6 0)
(3.8 -4.6 0)
(4 -4.6 0)
(4.2 -4.6 0)
(4.4 -4.6 0)
(4.6 -4.6 0)
(4.8 -4.6 0)
(5 -4.6 0)
(5.2 -4.6 0)
(5.4 -4.6 0)
(5.6 -4.6 0)
(5.8 -4.6 0)
(6 -4.6 0)
(6.2 -4.6 0)
(6.4 -4.6 0)
(6.6 -4.6 0)
(6.8 -4.6 0)
(7 -4.6 0)
(7.2 -4.6 0)
(7.4 -4.6 0)
(7.6 -4.6 0)
(7.8 -4.6 0)
(8 -4.6 0)
(8.2 -4.6 0)
(8.4 -4.6 0)
(8.6 -4.6 0)
(8.8 -4.6 0)
(9 -4.6 0)
(9.2 -4.6 0)
(9.4 -4.6 0)
(9.6 -4.6 0)
(9.8 -4.6 0)
(10 -4.6 0)
(10.2 -4.6 0)
(10.4 -4.6 0)
(10.6 -4.6 0)
(10.8 -4.6 0)
(11 -4.6 0)
(11.2 -4.6 0)
(11.4 -4.6 0)
(11.6 -4.6 0)
(11.8 -4.6 0)
(12 -4.6 0)
(12.2 -4.6 0)
(12.4 -4.6 0)
(12.6 -4.6 0)
(12.8 -4.6 0)
(13 -4.6 0)
(13.2 -4.6 0)
(13.4 -4.6 0)
(13.6 -4.6 0)
(13.8 -4.6 0)
(14 -4.6 0)
(14.2 -4.6 0)
(14.4 -4.6 0)
(14.6 -4.6 0)
(14.8 -4.6 0)
(15 -4.6 0)
(-5 -4.4 0)
(-4.8 -4.4 0)
(-4.6 -4.4 0)
(-4.4 -4.4 0)
(-4.2 -4.4 0)
(-4 -4.4 0)
(-3.8 -4.4 0)
(-3.6 -4.4 0)
(-3.4 -4.4 0)
(-3.2 -4.4 0)
(-3 -4.4 0)
(-2.8 -4.4 0)
(-2.6 -4.4 0)
(-2.4 -4.4 0)
(-2.2 -4.4 0)
(-2 -4.4 0)
(-1.8 -4.4 0)
(-1.6 -4.4 0)
(-1.4 -4.4 0)
(-1.2 -4.4 0)
(-1 -4.4 0)
(-0.8 -4.4 0)
(-0.6 -4.4 0)
(-0.4 -4.4 0)
(-0.2 -4.4 0)
(7.61818e-24 -4.4 0)
(0.2 -4.4 0)
(0.4 -4.4 0)
(0.6 -4.4 0)
(0.8 -4.4 0)
(1 -4.4 0)
(1.2 -4.4 0)
(1.4 -4.4 0)
(1.6 -4.4 0)
(1.8 -4.4 0)
(2 -4.4 0)
(2.2 -4.4 0)
(2.4 -4.4 0)
(2.6 -4.4 0)
(2.8 -4.4 0)
(3 -4.4 0)
(3.2 -4.4 0)
(3.4 -4.4 0)
(3.6 -4.4 0)
(3.8 -4.4 0)
(4 -4.4 0)
(4.2 -4.4 0)
(4.4 -4.4 0)
(4.6 -4.4 0)
(4.8 -4.4 0)
(5 -4.4 0)
(5.2 -4.4 0)
(5.4 -4.4 0)
(5.6 -4.4 0)
(5.8 -4.4 0)
(6 -4.4 0)
(6.2 -4.4 0)
(6.4 -4.4 0)
(6.6 -4.4 0)
(6.8 -4.4 0)
(7 -4.4 0)
(7.2 -4.4 0)
(7.4 -4.4 0)
(7.6 -4.4 0)
(7.8 -4.4 0)
(8 -4.4 0)
(8.2 -4.4 0)
(8.4 -4.4 0)
(8.6 -4.4 0)
(8.8 -4.4 0)
(9 -4.4 0)
(9.2 -4.4 0)
(9.4 -4.4 0)
(9.6 -4.4 0)
(9.8 -4.4 0)
(10 -4.4 0)
(10.2 -4.4 0)
(10.4 -4.4 0)
(10.6 -4.4 0)
(10.8 -4.4 0)
(11 -4.4 0)
(11.2 -4.4 0)
(11.4 -4.4 0)
(11.6 -4.4 0)
(11.8 -4.4 0)
(12 -4.4 0)
(12.2 -4.4 0)
(12.4 -4.4 0)
(12.6 -4.4 0)
(12.8 -4.4 0)
(13 -4.4 0)
(13.2 -4.4 0)
(13.4 -4.4 0)
(13.6 -4.4 0)
(13.8 -4.4 0)
(14 -4.4 0)
(14.2 -4.4 0)
(14.4 -4.4 0)
(14.6 -4.4 0)
(14.8 -4.4 0)
(15 -4.4 0)
(-5 -4.2 0)
(-4.8 -4.2 0)
(-4.6 -4.2 0)
(-4.4 -4.2 0)
(-4.2 -4.2 0)
(-4 -4.2 0)
(-3.8 -4.2 0)
(-3.6 -4.2 0)
(-3.4 -4.2 0)
(-3.2 -4.2 0)
(-3 -4.2 0)
(-2.8 -4.2 0)
(-2.6 -4.2 0)
(-2.4 -4.2 0)
(-2.2 -4.2 0)
(-2 -4.2 0)
(-1.8 -4.2 0)
(-1.6 -4.2 0)
(-1.4 -4.2 0)
(-1.2 -4.2 0)
(-1 -4.2 0)
(-0.8 -4.2 0)
(-0.6 -4.2 0)
(-0.4 -4.2 0)
(-0.2 -4.2 0)
(2.13432e-22 -4.2 0)
(0.2 -4.2 0)
(0.4 -4.2 0)
(0.6 -4.2 0)
(0.8 -4.2 0)
(1 -4.2 0)
(1.2 -4.2 0)
(1.4 -4.2 0)
(1.6 -4.2 0)
(1.8 -4.2 0)
(2 -4.2 0)
(2.2 -4.2 0)
(2.4 -4.2 0)
(2.6 -4.2 0)
(2.8 -4.2 0)
(3 -4.2 0)
(3.2 -4.2 0)
(3.4 -4.2 0)
(3.6 -4.2 0)
(3.8 -4.2 0)
(4 -4.2 0)
(4.2 -4.2 0)
(4.4 -4.2 0)
(4.6 -4.2 0)
(4.8 -4.2 0)
(5 -4.2 0)
(5.2 -4.2 0)
(5.4 -4.2 0)
(5.6 -4.2 0)
(5.8 -4.2 0)
(6 -4.2 0)
(6.2 -4.2 0)
(6.4 -4.2 0)
(6.6 -4.2 0)
(6.8 -4.2 0)
(7 -4.2 0)
(7.2 -4.2 0)
(7.4 -4.2 0)
(7.6 -4.2 0)
(7.8 -4.2 0)
(8 -4.2 0)
(8.2 -4.2 0)
(8.4 -4.2 0)
(8.6 -4.2 0)
(8.8 -4.2 0)
(9 -4.2 0)
(9.2 -4.2 0)
(9.4 -4.2 0)
(9.6 -4.2 0)
(9.8 -4.2 0)
(10 -4.2 0)
(10.2 -4.2 0)
(10.4 -4.2 0)
(10.6 -4.2 0)
(10.8 -4.2 0)
(11 -4.2 0)
(11.2 -4.2 0)
(11.4 -4.2 0)
(11.6 -4.2 0)
(11.8 -4.2 0)
(12 -4.2 0)
(12.2 -4.2 0)
(12.4 -4.2 0)
(12.6 -4.2 0)
(12.8 -4.2 0)
(13 -4.2 0)
(13.2 -4.2 0)
(13.4 -4.2 0)
(13.6 -4.2 0)
(13.8 -4.2 0)
(14 -4.2 0)
(14.2 -4.2 0)
(14.4 -4.2 0)
(14.6 -4.2 0)
(14.8 -4.2 0)
(15 -4.2 0)
(-5 -4 0)
(-4.8 -4 0)
(-4.6 -4 0)
(-4.4 -4 0)
(-4.2 -4 0)
(-4 -4 0)
(-3.8 -4 0)
(-3.6 -4 0)
(-3.4 -4 0)
(-3.2 -4 0)
(-3 -4 0)
(-2.8 -4 0)
(-2.6 -4 0)
(-2.4 -4 0)
(-2.2 -4 0)
(-2 -4 0)
(-1.8 -4 0)
(-1.6 -4 0)
(-1.4 -4 0)
(-1.2 -4 0)
(-1 -4 0)
(-0.8 -4 0)
(-0.6 -4 0)
(-0.4 -4 0)
(-0.2 -4 0)
(-1.84989e-17 -4 0)
(0.2 -4 0)
(0.4 -4 0)
(0.6 -4 0)
(0.8 -4 0)
(1 -4 0)
(1.2 -4 0)
(1.4 -4 0)
(1.6 -4 0)
(1.8 -4 0)
(2 -4 0)
(2.2 -4 0)
(2.4 -4 0)
(2.6 -4 0)
(2.8 -4 0)
(3 -4 0)
(3.2 -4 0)
(3.4 -4 0)
(3.6 -4 0)
(3.8 -4 0)
(4 -4 0)
(4.2 -4 0)
(4.4 -4 0)
(4.6 -4 0)
(4.8 -4 0)
(5 -4 0)
(5.2 -4 0)
(5.4 -4 0)
(5.6 -4 0)
(5.8 -4 0)
(6 -4 0)
(6.2 -4 0)
(6.4 -4 0)
(6.6 -4 0)
(6.8 -4 0)
(7 -4 0)
(7.2 -4 0)
(7.4 -4 0)
(7.6 -4 0)
(7.8 -4 0)
(8 -4 0)
(8.2 -4 0)
(8.4 -4 0)
(8.6 -4 0)
(8.8 -4 0)
(9 -4 0)
(9.2 -4 0)
(9.4 -4 0)
(9.6 -4 0)
(9.8 -4 0)
(10 -4 0)
(10.2 -4 0)
(10.4 -4 0)
(10.6 -4 0)
(10.8 -4 0)
(11 -4 0)
(11.2 -4 0)
(11.4 -4 0)
(11.6 -4 0)
(11.8 -4 0)
(12 -4 0)
(12.2 -4 0)
(12.4 -4 0)
(12.6 -4 0)
(12.8 -4 0)
(13 -4 0)
(13.2 -4 0)
(13.4 -4 0)
(13.6 -4 0)
(13.8 -4 0)
(14 -4 0)
(14.2 -4 0)
(14.4 -4 0)
(14.6 -4 0)
(14.8 -4 0)
(15 -4 0)
(-5 -3.8 0)
(-4.8 -3.8 0)
(-4.6 -3.8 0)
(-4.4 -3.8 0)
(-4.2 -3.8 0)
(-4 -3.8 0)
(-3.8 -3.8 0)
(-3.6 -3.8 0)
(-3.4 -3.8 0)
(-3.2 -3.8 0)
(-3 -3.8 0)
(-2.8 -3.8 0)
(-2.6 -3.8 0)
(-2.4 -3.8 0)
(-2.2 -3.8 0)
(-2 -3.8 0)
(-1.8 -3.8 0)
(-1.6 -3.8 0)
(-1.4 -3.8 0)
(-1.2 -3.8 0)
(-1 -3.8 0)
(-0.8 -3.8 0)
(-0.6 -3.8 0)
(-0.4 -3.8 0)
(-0.2 -3.8 0)
(-1.47941e-16 -3.8 0)
(0.2 -3.8 0)
(0.4 -3.8 0)
(0.6 -3.8 0)
(0.8 -3.8 0)
(1 -3.8 0)
(1.2 -3.8 0)
(1.4 -3.8 0)
(1.6 -3.8 0)
(1.8 -3.8 0)
(2 -3.8 0)
(2.2 -3.8 0)
(2.4 -3.8 0)
(2.6 -3.8 0)
(2.8 -3.8 0)
(3 -3.8 0)
(3.2 -3.8 0)
(3.4 -3.8 0)
(3.6 -3.8 0)
(3.8 -3.8 0)
(4 -3.8 0)
(4.2 -3.8 0)
(4.4 -3.8 0)
(4.6 -3.8 0)
(4.8 -3.8 0)
(5 -3.8 0)
(5.2 -3.8 0)
(5.4 -3.8 0)
(5.6 -3.8 0)
(5.8 -3.8 0)
(6 -3.8 0)
(6.2 -3.8 0)
(6.4 -3.8 0)
(6.6 -3.8 0)
(6.8 -3.8 0)
(7 -3.8 0)
(7.2 -3.8 0)
(7.4 -3.8 0)
(7.6 -3.8 0)
(7.8 -3.8 0)
(8 -3.8 0)
(8.2 -3.8 0)
(8.4 -3.8 0)
(8.6 -3.8 0)
(8.8 -3.8 0)
(9 -3.8 0)
(9.2 -3.8 0)
(9.4 -3.8 0)
(9.6 -3.8 0)
(9.8 -3.8 0)
(10 -3.8 0)
(10.2 -3.8 0)
(10.4 -3.8 0)
(10.6 -3.8 0)
(10.8 -3.8 0)
(11 -3.8 0)
(11.2 -3.8 0)
(11.4 -3.8 0)
(11.6 -3.8 0)
(11.8 -3.8 0)
(12 -3.8 0)
(12.2 -3.8 0)
(12.4 -3.8 0)
(12.6 -3.8 0)
(12.8 -3.8 0)
(13 -3.8 0)
(13.2 -3.8 0)
(13.4 -3.8 0)
(13.6 -3.8 0)
(13.8 -3.8 0)
(14 -3.8 0)
(14.2 -3.8 0)
(14.4 -3.8 0)
(14.6 -3.8 0)
(14.8 -3.8 0)
(15 -3.8 0)
(-5 -3.6 0)
(-4.8 -3.6 0)
(-4.6 -3.6 0)
(-4.4 -3.6 0)
(-4.2 -3.6 0)
(-4 -3.6 0)
(-3.8 -3.6 0)
(-3.6 -3.6 0)
(-3.4 -3.6 0)
(-3.2 -3.6 0)
(-3 -3.6 0)
(-2.8 -3.6 0)
(-2.6 -3.6 0)
(-2.4 -3.6 0)
(-2.2 -3.6 0)
(-2 -3.6 0)
(-1.8 -3.6 0)
(-1.6 -3.6 0)
(-1.4 -3.6 0)
(-1.2 -3.6 0)
(-1 -3.6 0)
(-0.8 -3.6 0)
(-0.6 -3.6 0)
(-0.4 -3.6 0)
(-0.2 -3.6 0)
(1.37916e-18 -3.6 0)
(0.2 -3.6 0)
(0.4 -3.6 0)
(0.6 -3.6 0)
(0.8 -3.6 0)
(1 -3.6 0)
(1.2 -3.6 0)
(1.4 -3.6 0)
(1.6 -3.6 0)
(1.8 -3.6 0)
(2 -3.6 0)
(2.2 -3.6 0)
(2.4 -3.6 0)
(2.6 -3.6 0)
(2.8 -3.6 0)
(3 -3.6 0)
(3.2 -3.6 0)
(3.4 -3.6 0)
(3.6 -3.6 0)
(3.8 -3.6 0)
(4 -3.6 0)
(4.2 -3.6 0)
(4.4 -3.6 0)
(4.6 -3.6 0)
(4.8 -3.6 0)
(5 -3.6 0)
(5.2 -3.6 0)
(5.4 -3.6 0)
(5.6 -3.6 0)
(5.8 -3.6 0)
(6 -3.6 0)
(6.2 -3.6 0)
(6.4 -3.6 0)
(6.6 -3.6 0)
(6.8 -3.6 0)
(7 -3.6 0)
(7.2 -3.6 0)
(7.4 -3.6 0)
(7.6 -3.6 0)
(7.8 -3.6 0)
(8 -3.6 0)
(8.2 -3.6 0)
(8.4 -3.6 0)
(8.6 -3.6 0)
(8.8 -3.6 0)
(9 -3.6 0)
(9.2 -3.6 0)
(9.4 -3.6 0)
(9.6 -3.6 0)
(9.8 -3.6 0)
(10 -3.6 0)
(10.2 -3.6 0)
(10.4 -3.6 0)
(10.6 -3.6 0)
(10.8 -3.6 0)
(11 -3.6 0)
(11.2 -3.6 0)
(11.4 -3.6 0)
(11.6 -3.6 0)
(11.8 -3.6 0)
(12 -3.6 0)
(12.2 -3.6 0)
(12.4 -3.6 0)
(12.6 -3.6 0)
(12.8 -3.6 0)
(13 -3.6 0)
(13.2 -3.6 0)
(13.4 -3.6 0)
(13.6 -3.6 0)
(13.8 -3.6 0)
(14 -3.6 0)
(14.2 -3.6 0)
(14.4 -3.6 0)
(14.6 -3.6 0)
(14.8 -3.6 0)
(15 -3.6 0)
(-5 -3.4 0)
(-4.8 -3.4 0)
(-4.6 -3.4 0)
(-4.4 -3.4 0)
(-4.2 -3.4 0)
(-4 -3.4 0)
(-3.8 -3.4 0)
(-3.6 -3.4 0)
(-3.4 -3.4 0)
(-3.2 -3.4 0)
(-3 -3.4 0)
(-2.8 -3.4 0)
(-2.6 -3.4 0)
(-2.4 -3.4 0)
(-2.2 -3.4 0)
(-2 -3.4 0)
(-1.8 -3.4 0)
(-1.6 -3.4 0)
(-1.4 -3.4 0)
(-1.2 -3.4 0)
(-1 -3.4 0)
(-0.8 -3.4 0)
(-0.6 -3.4 0)
(-0.4 -3.4 0)
(-0.2 -3.4 0)
(1.80128e-17 -3.4 0)
(0.2 -3.4 0)
(0.4 -3.4 0)
(0.6 -3.4 0)
(0.8 -3.4 0)
(1 -3.4 0)
(1.2 -3.4 0)
(1.4 -3.4 0)
(1.6 -3.4 0)
(1.8 -3.4 0)
(2 -3.4 0)
(2.2 -3.4 0)
(2.4 -3.4 0)
(2.6 -3.4 0)
(2.8 -3.4 0)
(3 -3.4 0)
(3.2 -3.4 0)
(3.4 -3.4 0)
(3.6 -3.4 0)
(3.8 -3.4 0)
(4 -3.4 0)
(4.2 -3.4 0)
(4.4 -3.4 0)
(4.6 -3.4 0)
(4.8 -3.4 0)
(5 -3.4 0)
(5.2 -3.4 0)
(5.4 -3.4 0)
(5.6 -3.4 0)
(5.8 -3.4 0)
(6 -3.4 0)
(6.2 -3.4 0)
(6.4 -3.4 0)
(6.6 -3.4 0)
(6.8 -3.4 0)
(7 -3.4 0)
(7.2 -3.4 0)
(7.4 -3.4 0)
(7.6 -3.4 0)
(7.8 -3.4 0)
(8 -3.4 0)
(8.2 -3.4 0)
(8.4 -3.4 0)
(8.6 -3.4 0)
(8.8 -3.4 0)
(9 -3.4 0)
(9.2 -3.4 0)
(9.4 -3.4 0)
(9.6 -3.4 0)
(9.8 -3.4 0)
(10 -3.4 0)
(10.2 -3.4 0)
(10.4 -3.4 0)
(10.6 -3.4 0)
(10.8 -3.4 0)
(11 -3.4 0)
(11.2 -3.4 0)
(11.4 -3.4 0)
(11.6 -3.4 0)
(11.8 -3.4 0)
(12 -3.4 0)
(12.2 -3.4 0)
(12.4 -3.4 0)
(12.6 -3.4 0)
(12.8 -3.4 0)
(13 -3.4 0)
(13.2 -3.4 0)
(13.4 -3.4 0)
(13.6 -3.4 0)
(13.8 -3.4 0)
(14 -3.4 0)
(14.2 -3.4 0)
(14.4 -3.4 0)
(14.6 -3.4 0)
(14.8 -3.4 0)
(15 -3.4 0)
(-5 -3.2 0)
(-4.8 -3.2 0)
(-4.6 -3.2 0)
(-4.4 -3.2 0)
(-4.2 -3.2 0)
(-4 -3.2 0)
(-3.8 -3.2 0)
(-3.6 -3.2 0)
(-3.4 -3.2 0)
(-3.2 -3.2 0)
(-3 -3.2 0)
(-2.8 -3.2 0)
(-2.6 -3.2 0)
(-2.4 -3.2 0)
(-2.2 -3.2 0)
(-2 -3.2 0)
(-1.8 -3.2 0)
(-1.6 -3.2 0)
(-1.4 -3.2 0)
(-1.2 -3.2 0)
(-1 -3.2 0)
(-0.8 -3.2 0)
(-0.6 -3.2 0)
(-0.4 -3.2 0)
(-0.2 -3.2 0)
(1.59346e-16 -3.2 0)
(0.2 -3.2 0)
(0.4 -3.2 0)
(0.6 -3.2 0)
(0.8 -3.2 0)
(1 -3.2 0)
(1.2 -3.2 0)
(1.4 -3.2 0)
(1.6 -3.2 0)
(1.8 -3.2 0)
(2 -3.2 0)
(2.2 -3.2 0)
(2.4 -3.2 0)
(2.6 -3.2 0)
(2.8 -3.2 0)
(3 -3.2 0)
(3.2 -3.2 0)
(3.4 -3.2 0)
(3.6 -3.2 0)
(3.8 -3.2 0)
(4 -3.2 0)
(4.2 -3.2 0)
(4.4 -3.2 0)
(4.6 -3.2 0)
(4.8 -3.2 0)
(5 -3.2 0)
(5.2 -3.2 0)
(5.4 -3.2 0)
(5.6 -3.2 0)
(5.8 -3.2 0)
(6 -3.2 0)
(6.2 -3.2 0)
(6.4 -3.2 0)
(6.6 -3.2 0)
(6.8 -3.2 0)
(7 -3.2 0)
(7.2 -3.2 0)
(7.4 -3.2 0)
(7.6 -3.2 0)
(7.8 -3.2 0)
(8 -3.2 0)
(8.2 -3.2 0)
(8.4 -3.2 0)
(8.6 -3.2 0)
(8.8 -3.2 0)
(9 -3.2 0)
(9.2 -3.2 0)
(9.4 -3.2 0)
(9.6 -3.2 0)
(9.8 -3.2 0)
(10 -3.2 0)
(10.2 -3.2 0)
(10.4 -3.2 0)
(10.6 -3.2 0)
(10.8 -3.2 0)
(11 -3.2 0)
(11.2 -3.2 0)
(11.4 -3.2 0)
(11.6 -3.2 0)
(11.8 -3.2 0)
(12 -3.2 0)
(12.2 -3.2 0)
(12.4 -3.2 0)
(12.6 -3.2 0)
(12.8 -3.2 0)
(13 -3.2 0)
(13.2 -3.2 0)
(13.4 -3.2 0)
(13.6 -3.2 0)
(13.8 -3.2 0)
(14 -3.2 0)
(14.2 -3.2 0)
(14.4 -3.2 0)
(14.6 -3.2 0)
(14.8 -3.2 0)
(15 -3.2 0)
(-5 -3 0)
(-4.8 -3 0)
(-4.6 -3 0)
(-4.4 -3 0)
(-4.2 -3 0)
(-4 -3 0)
(-3.8 -3 0)
(-3.6 -3 0)
(-3.4 -3 0)
(-3.2 -3 0)
(-3 -3 0)
(-2.8 -3 0)
(-2.6 -3 0)
(-2.4 -3 0)
(-2.2 -3 0)
(-2 -3 0)
(-1.8 -3 0)
(-1.6 -3 0)
(-1.4 -3 0)
(-1.2 -3 0)
(-1 -3 0)
(-0.8 -3 0)
(-0.6 -3 0)
(-0.4 -3 0)
(-0.2 -3 0)
(1.40996e-15 -3 0)
(0.2 -3 0)
(0.4 -3 0)
(0.6 -3 0)
(0.8 -3 0)
(1 -3 0)
(1.2 -3 0)
(1.4 -3 0)
(1.6 -3 0)
(1.8 -3 0)
(2 -3 0)
(2.2 -3 0)
(2.4 -3 0)
(2.6 -3 0)
(2.8 -3 0)
(3 -3 0)
(3.2 -3 0)
(3.4 -3 0)
(3.6 -3 0)
(3.8 -3 0)
(4 -3 0)
(4.2 -3 0)
(4.4 -3 0)
(4.6 -3 0)
(4.8 -3 0)
(5 -3 0)
(5.2 -3 0)
(5.4 -3 0)
(5.6 -3 0)
(5.8 -3 0)
(6 -3 0)
(6.2 -3 0)
(6.4 -3 0)
(6.6 -3 0)
(6.8 -3 0)
(7 -3 0)
(7.2 -3 0)
(7.4 -3 0)
(7.6 -3 0)
(7.8 -3 0)
(8 -3 0)
(8.2 -3 0)
(8.4 -3 0)
(8.6 -3 0)
(8.8 -3 0)
(9 -3 0)
(9.2 -3 0)
(9.4 -3 0)
(9.6 -3 0)
(9.8 -3 0)
(10 -3 0)
(10.2 -3 0)
(10.4 -3 0)
(10.6 -3 0)
(10.8 -3 0)
(11 -3 0)
(11.2 -3 0)
(11.4 -3 0)
(11.6 -3 0)
(11.8 -3 0)
(12 -3 0)
(12.2 -3 0)
(12.4 -3 0)
(12.6 -3 0)
(12.8 -3 0)
(13 -3 0)
(13.2 -3 0)
(13.4 -3 0)
(13.6 -3 0)
(13.8 -3 0)
(14 -3 0)
(14.2 -3 0)
(14.4 -3 0)
(14.6 -3 0)
(14.8 -3 0)
(15 -3 0)
(-5 -2.8 0)
(-4.8 -2.8 0)
(-4.6 -2.8 0)
(-4.4 -2.8 0)
(-4.2 -2.8 0)
(-4 -2.8 0)
(-3.8 -2.8 0)
(-3.6 -2.8 0)
(-3.4 -2.8 0)
(-3.2 -2.8 0)
(-3 -2.8 0)
(-2.8 -2.8 0)
(-2.6 -2.8 0)
(-2.4 -2.8 0)
(-2.2 -2.8 0)
(-2 -2.8 0)
(-1.8 -2.8 0)
(-1.6 -2.8 0)
(-1.4 -2.8 0)
(-1.2 -2.8 0)
(-1 -2.8 0)
(-0.8 -2.8 0)
(-0.6 -2.8 0)
(-0.4 -2.8 0)
(-0.2 -2.8 0)
(1.18975e-14 -2.8 0)
(0.2 -2.8 0)
(0.4 -2.8 0)
(0.6 -2.8 0)
(0.8 -2.8 0)
(1 -2.8 0)
(1.2 -2.8 0)
(1.4 -2.8 0)
(1.6 -2.8 0)
(1.8 -2.8 0)
(2 -2.8 0)
(2.2 -2.8 0)
(2.4 -2.8 0)
(2.6 -2.8 0)
(2.8 -2.8 0)
(3 -2.8 0)
(3.2 -2.8 0)
(3.4 -2.8 0)
(3.6 -2.8 0)
(3.8 -2.8 0)
(4 -2.8 0)
(4.2 -2.8 0)
(4.4 -2.8 0)
(4.6 -2.8 0)
(4.8 -2.8 0)
(5 -2.8 0)
(5.2 -2.8 0)
(5.4 -2.8 0)
(5.6 -2.8 0)
(5.8 -2.8 0)
(6 -2.8 0)
(6.2 -2.8 0)
(6.4 -2.8 0)
(6.6 -2.8 0)
(6.8 -2.8 0)
(7 -2.8 0)
(7.2 -2.8 0)
(7.4 -2.8 0)
(7.6 -2.8 0)
(7.8 -2.8 0)
(8 -2.8 0)
(8.2 -2.8 0)
(8.4 -2.8 0)
(8.6 -2.8 0)
(8.8 -2.8 0)
(9 -2.8 0)
(9.2 -2.8 0)
(9.4 -2.8 0)
(9.6 -2.8 0)
(9.8 -2.8 0)
(10 -2.8 0)
(10.2 -2.8 0)
(10.4 -2.8 0)
(10.6 -2.8 0)
(10.8 -2.8 0)
(11 -2.8 0)
(11.2 -2.8 0)
(11.4 -2.8 0)
(11.6 -2.8 0)
(11.8 -2.8 0)
(12 -2.8 0)
(12.2 -2.8 0)
(12.4 -2.8 0)
(12.6 -2.8 0)
(12.8 -2.8 0)
(13 -2.8 0)
(13.2 -2.8 0)
(13.4 -2.8 0)
(13.6 -2.8 0)
(13.8 -2.8 0)
(14 -2.8 0)
(14.2 -2.8 0)
(14.4 -2.8 0)
(14.6 -2.8 0)
(14.8 -2.8 0)
(15 -2.8 0)
(-5 -2.6 0)
(-4.8 -2.6 0)
(-4.6 -2.6 0)
(-4.4 -2.6 0)
(-4.2 -2.6 0)
(-4 -2.6 0)
(-3.8 -2.6 0)
(-3.6 -2.6 0)
(-3.4 -2.6 0)
(-3.2 -2.6 0)
(-3 -2.6 0)
(-2.8 -2.6 0)
(-2.6 -2.6 0)
(-2.4 -2.6 0)
(-2.2 -2.6 0)
(-2 -2.6 0)
(-1.8 -2.6 0)
(-1.6 -2.6 0)
(-1.4 -2.6 0)
(-1.2 -2.6 0)
(-1 -2.6 0)
(-0.8 -2.6 0)
(-0.6 -2.6 0)
(-0.4 -2.6 0)
(-0.2 -2.6 0)
(4.7233e-14 -2.6 0)
(0.2 -2.6 0)
(0.4 -2.6 0)
(0.6 -2.6 0)
(0.8 -2.6 0)
(1 -2.6 0)
(1.2 -2.6 0)
(1.4 -2.6 0)
(1.6 -2.6 0)
(1.8 -2.6 0)
(2 -2.6 0)
(2.2 -2.6 0)
(2.4 -2.6 0)
(2.6 -2.6 0)
(2.8 -2.6 0)
(3 -2.6 0)
(3.2 -2.6 0)
(3.4 -2.6 0)
(3.6 -2.6 0)
(3.8 -2.6 0)
(4 -2.6 0)
(4.2 -2.6 0)
(4.4 -2.6 0)
(4.6 -2.6 0)
(4.8 -2.6 0)
(5 -2.6 0)
(5.2 -2.6 0)
(5.4 -2.6 0)
(5.6 -2.6 0)
(5.8 -2.6 0)
(6 -2.6 0)
(6.2 -2.6 0)
(6.4 -2.6 0)
(6.6 -2.6 0)
(6.8 -2.6 0)
(7 -2.6 0)
(7.2 -2.6 0)
(7.4 -2.6 0)
(7.6 -2.6 0)
(7.8 -2.6 0)
(8 -2.6 0)
(8.2 -2.6 0)
(8.4 -2.6 0)
(8.6 -2.6 0)
(8.8 -2.6 0)
(9 -2.6 0)
(9.2 -2.6 0)
(9.4 -2.6 0)
(9.6 -2.6 0)
(9.8 -2.6 0)
(10 -2.6 0)
(10.2 -2.6 0)
(10.4 -2.6 0)
(10.6 -2.6 0)
(10.8 -2.6 0)
(11 -2.6 0)
(11.2 -2.6 0)
(11.4 -2.6 0)
(11.6 -2.6 0)
(11.8 -2.6 0)
(12 -2.6 0)
(12.2 -2.6 0)
(12.4 -2.6 0)
(12.6 -2.6 0)
(12.8 -2.6 0)
(13 -2.6 0)
(13.2 -2.6 0)
(13.4 -2.6 0)
(13.6 -2.6 0)
(13.8 -2.6 0)
(14 -2.6 0)
(14.2 -2.6 0)
(14.4 -2.6 0)
(14.6 -2.6 0)
(14.8 -2.6 0)
(15 -2.6 0)
(-5 -2.4 0)
(-4.8 -2.4 0)
(-4.6 -2.4 0)
(-4.4 -2.4 0)
(-4.2 -2.4 0)
(-4 -2.4 0)
(-3.8 -2.4 0)
(-3.6 -2.4 0)
(-3.4 -2.4 0)
(-3.2 -2.4 0)
(-3 -2.4 0)
(-2.8 -2.4 0)
(-2.6 -2.4 0)
(-2.4 -2.4 0)
(-2.2 -2.4 0)
(-2 -2.4 0)
(-1.8 -2.4 0)
(-1.6 -2.4 0)
(-1.4 -2.4 0)
(-1.2 -2.4 0)
(-1 -2.4 0)
(-0.8 -2.4 0)
(-0.6 -2.4 0)
(-0.4 -2.4 0)
(-0.2 -2.4 0)
(-1.07377e-13 -2.4 0)
(0.2 -2.4 0)
(0.4 -2.4 0)
(0.6 -2.4 0)
(0.8 -2.4 0)
(1 -2.4 0)
(1.2 -2.4 0)
(1.4 -2.4 0)
(1.6 -2.4 0)
(1.8 -2.4 0)
(2 -2.4 0)
(2.2 -2.4 0)
(2.4 -2.4 0)
(2.6 -2.4 0)
(2.8 -2.4 0)
(3 -2.4 0)
(3.2 -2.4 0)
(3.4 -2.4 0)
(3.6 -2.4 0)
(3.8 -2.4 0)
(4 -2.4 0)
(4.2 -2.4 0)
(4.4 -2.4 0)
(4.6 -2.4 0)
(4.8 -2.4 0)
(5 -2.4 0)
(5.2 -2.4 0)
(5.4 -2.4 0)
(5.6 -2.4 0)
(5.8 -2.4 0)
(6 -2.4 0)
(6.2 -2.4 0)
(6.4 -2.4 0)
(6.6 -2.4 0)
(6.8 -2.4 0)
(7 -2.4 0)
(7.2 -2.4 0)
(7.4 -2.4 0)
(7.6 -2.4 0)
(7.8 -2.4 0)
(8 -2.4 0)
(8.2 -2.4 0)
(8.4 -2.4 0)
(8.6 -2.4 0)
(8.8 -2.4 0)
(9 -2.4 0)
(9.2 -2.4 0)
(9.4 -2.4 0)
(9.6 -2.4 0)
(9.8 -2.4 0)
(10 -2.4 0)
(10.2 -2.4 0)
(10.4 -2.4 0)
(10.6 -2.4 0)
(10.8 -2.4 0)
(11 -2.4 0)
(11.2 -2.4 0)
(11.4 -2.4 0)
(11.6 -2.4 0)
(11.8 -2.4 0)
(12 -2.4 0)
(12.2 -2.4 0)
(12.4 -2.4 0)
(12.6 -2.4 0)
(12.8 -2.4 0)
(13 -2.4 0)
(13.2 -2.4 0)
(13.4 -2.4 0)
(13.6 -2.4 0)
(13.8 -2.4 0)
(14 -2.4 0)
(14.2 -2.4 0)
(14.4 -2.4 0)
(14.6 -2.4 0)
(14.8 -2.4 0)
(15 -2.4 0)
(-5 -2.2 0)
(-4.8 -2.2 0)
(-4.6 -2.2 0)
(-4.4 -2.2 0)
(-4.2 -2.2 0)
(-4 -2.2 0)
(-3.8 -2.2 0)
(-3.6 -2.2 0)
(-3.4 -2.2 0)
(-3.2 -2.2 0)
(-3 -2.2 0)
(-2.8 -2.2 0)
(-2.6 -2.2 0)
(-2.4 -2.2 0)
(-2.2 -2.2 0)
(-2 -2.2 0)
(-1.8 -2.2 0)
(-1.6 -2.2 0)
(-1.4 -2.2 0)
(-1.2 -2.2 0)
(-1 -2.2 0)
(-0.8 -2.2 0)
(-0.6 -2.2 0)
(-0.4 -2.2 0)
(-0.2 -2.2 0)
(-3.82119e-12 -2.2 0)
(0.2 -2.2 0)
(0.4 -2.2 0)
(0.6 -2.2 0)
(0.8 -2.2 0)
(1 -2.2 0)
(1.2 -2.2 0)
(1.4 -2.2 0)
(1.6 -2.2 0)
(1.8 -2.2 0)
(2 -2.2 0)
(2.2 -2.2 0)
(2.4 -2.2 0)
(2.6 -2.2 0)
(2.8 -2.2 0)
(3 -2.2 0)
(3.2 -2.2 0)
(3.4 -2.2 0)
(3.6 -2.2 0)
(3.8 -2.2 0)
(4 -2.2 0)
(4.2 -2.2 0)
(4.4 -2.2 0)
(4.6 -2.2 0)
(4.8 -2.2 0)
(5 -2.2 0)
(5.2 -2.2 0)
(5.4 -2.2 0)
(5.6 -2.2 0)
(5.8 -2.2 0)
(6 -2.2 0)
(6.2 -2.2 0)
(6.4 -2.2 0)
(6.6 -2.2 0)
(6.8 -2.2 0)
(7 -2.2 0)
(7.2 -2.2 0)
(7.4 -2.2 0)
(7.6 -2.2 0)
(7.8 -2.2 0)
(8 -2.2 0)
(8.2 -2.2 0)
(8.4 -2.2 0)
(8.6 -2.2 0)
(8.8 -2.2 0)
(9 -2.2 0)
(9.2 -2.2 0)
(9.4 -2.2 0)
(9.6 -2.2 0)
(9.8 -2.2 0)
(10 -2.2 0)
(10.2 -2.2 0)
(10.4 -2.2 0)
(10.6 -2.2 0)
(10.8 -2.2 0)
(11 -2.2 0)
(11.2 -2.2 0)
(11.4 -2.2 0)
(11.6 -2.2 0)
(11.8 -2.2 0)
(12 -2.2 0)
(12.2 -2.2 0)
(12.4 -2.2 0)
(12.6 -2.2 0)
(12.8 -2.2 0)
(13 -2.2 0)
(13.2 -2.2 0)
(13.4 -2.2 0)
(13.6 -2.2 0)
(13.8 -2.2 0)
(14 -2.2 0)
(14.2 -2.2 0)
(14.4 -2.2 0)
(14.6 -2.2 0)
(14.8 -2.2 0)
(15 -2.2 0)
(-5 -2 0)
(-4.8 -2 0)
(-4.6 -2 0)
(-4.4 -2 0)
(-4.2 -2 0)
(-4 -2 0)
(-3.8 -2 0)
(-3.6 -2 0)
(-3.4 -2 0)
(-3.2 -2 0)
(-3 -2 0)
(-2.8 -2 0)
(-2.6 -2 0)
(-2.4 -2 0)
(-2.2 -2 0)
(-2 -2 0)
(-1.8 -2 0)
(-1.6 -2 0)
(-1.4 -2 0)
(-1.2 -2 0)
(-1 -2 0)
(-0.8 -2 0)
(-0.6 -2 0)
(-0.4 -2 0)
(-0.2 -2 0)
(-3.29147e-11 -2 0)
(0.2 -2 0)
(0.4 -2 0)
(0.6 -2 0)
(0.8 -2 0)
(1 -2 0)
(1.2 -2 0)
(1.4 -2 0)
(1.6 -2 0)
(1.8 -2 0)
(2 -2 0)
(2.2 -2 0)
(2.4 -2 0)
(2.6 -2 0)
(2.8 -2 0)
(3 -2 0)
(3.2 -2 0)
(3.4 -2 0)
(3.6 -2 0)
(3.8 -2 0)
(4 -2 0)
(4.2 -2 0)
(4.4 -2 0)
(4.6 -2 0)
(4.8 -2 0)
(5 -2 0)
(5.2 -2 0)
(5.4 -2 0)
(5.6 -2 0)
(5.8 -2 0)
(6 -2 0)
(6.2 -2 0)
(6.4 -2 0)
(6.6 -2 0)
(6.8 -2 0)
(7 -2 0)
(7.2 -2 0)
(7.4 -2 0)
(7.6 -2 0)
(7.8 -2 0)
(8 -2 0)
(8.2 -2 0)
(8.4 -2 0)
(8.6 -2 0)
(8.8 -2 0)
(9 -2 0)
(9.2 -2 0)
(9.4 -2 0)
(9.6 -2 0)
(9.8 -2 0)
(10 -2 0)
(10.2 -2 0)
(10.4 -2 0)
(10.6 -2 0)
(10.8 -2 0)
(11 -2 0)
(11.2 -2 0)
(11.4 -2 0)
(11.6 -2 0)
(11.8 -2 0)
(12 -2 0)
(12.2 -2 0)
(12.4 -2 0)
(12.6 -2 0)
(12.8 -2 0)
(13 -2 0)
(13.2 -2 0)
(13.4 -2 0)
(13.6 -2 0)
(13.8 -2 0)
(14 -2 0)
(14.2 -2 0)
(14.4 -2 0)
(14.6 -2 0)
(14.8 -2 0)
(15 -2 0)
(-5 -1.8 0)
(-4.8 -1.8 0)
(-4.6 -1.8 0)
(-4.4 -1.8 0)
(-4.2 -1.8 0)
(-4 -1.8 0)
(-3.8 -1.8 0)
(-3.6 -1.8 0)
(-3.4 -1.8 0)
(-3.2 -1.8 0)
(-3 -1.8 0)
(-2.8 -1.8 0)
(-2.6 -1.8 0)
(-2.4 -1.8 0)
(-2.2 -1.8 0)
(-2 -1.8 0)
(-1.8 -1.8 0)
(-1.6 -1.8 0)
(-1.4 -1.8 0)
(-1.2 -1.8 0)
(-1 -1.8 0)
(-0.799999 -1.8 0)
(-0.599999 -1.8 0)
(-0.399999 -1.79999 0)
(-0.199999 -1.79999 0)
(-2.98124e-11 -1.79999 0)
(0.199999 -1.79999 0)
(0.399999 -1.79999 0)
(0.599999 -1.8 0)
(0.799999 -1.8 0)
(1 -1.8 0)
(1.2 -1.8 0)
(1.4 -1.8 0)
(1.6 -1.8 0)
(1.8 -1.8 0)
(2 -1.8 0)
(2.2 -1.8 0)
(2.4 -1.8 0)
(2.6 -1.8 0)
(2.8 -1.8 0)
(3 -1.8 0)
(3.2 -1.8 0)
(3.4 -1.8 0)
(3.6 -1.8 0)
(3.8 -1.8 0)
(4 -1.8 0)
(4.2 -1.8 0)
(4.4 -1.8 0)
(4.6 -1.8 0)
(4.8 -1.8 0)
(5 -1.8 0)
(5.2 -1.8 0)
(5.4 -1.8 0)
(5.6 -1.8 0)
(5.8 -1.8 0)
(6 -1.8 0)
(6.2 -1.8 0)
(6.4 -1.8 0)
(6.6 -1.8 0)
(6.8 -1.8 0)
(7 -1.8 0)
(7.2 -1.8 0)
(7.4 -1.8 0)
(7.6 -1.8 0)
(7.8 -1.8 0)
(8 -1.8 0)
(8.2 -1.8 0)
(8.4 -1.8 0)
(8.6 -1.8 0)
(8.8 -1.8 0)
(9 -1.8 0)
(9.2 -1.8 0)
(9.4 -1.8 0)
(9.6 -1.8 0)
(9.8 -1.8 0)
(10 -1.8 0)
(10.2 -1.8 0)
(10.4 -1.8 0)
(10.6 -1.8 0)
(10.8 -1.8 0)
(11 -1.8 0)
(11.2 -1.8 0)
(11.4 -1.8 0)
(11.6 -1.8 0)
(11.8 -1.8 0)
(12 -1.8 0)
(12.2 -1.8 0)
(12.4 -1.8 0)
(12.6 -1.8 0)
(12.8 -1.8 0)
(13 -1.8 0)
(13.2 -1.8 0)
(13.4 -1.8 0)
(13.6 -1.8 0)
(13.8 -1.8 0)
(14 -1.8 0)
(14.2 -1.8 0)
(14.4 -1.8 0)
(14.6 -1.8 0)
(14.8 -1.8 0)
(15 -1.8 0)
(-5 -1.6 0)
(-4.8 -1.6 0)
(-4.6 -1.6 0)
(-4.4 -1.6 0)
(-4.2 -1.6 0)
(-4 -1.6 0)
(-3.8 -1.6 0)
(-3.6 -1.6 0)
(-3.4 -1.6 0)
(-3.2 -1.6 0)
(-3 -1.6 0)
(-2.8 -1.6 0)
(-2.6 -1.6 0)
(-2.4 -1.6 0)
(-2.2 -1.6 0)
(-2 -1.6 0)
(-1.8 -1.6 0)
(-1.6 -1.6 0)
(-1.4 -1.6 0)
(-1.2 -1.6 0)
(-0.999998 -1.6 0)
(-0.799996 -1.59999 0)
(-0.599994 -1.59999 0)
(-0.399994 -1.59998 0)
(-0.199996 -1.59997 0)
(-8.93993e-11 -1.59996 0)
(0.199996 -1.59997 0)
(0.399994 -1.59998 0)
(0.599994 -1.59999 0)
(0.799996 -1.59999 0)
(0.999998 -1.6 0)
(1.2 -1.6 0)
(1.4 -1.6 0)
(1.6 -1.6 0)
(1.8 -1.6 0)
(2 -1.6 0)
(2.2 -1.6 0)
(2.4 -1.6 0)
(2.6 -1.6 0)
(2.8 -1.6 0)
(3 -1.6 0)
(3.2 -1.6 0)
(3.4 -1.6 0)
(3.6 -1.6 0)
(3.8 -1.6 0)
(4 -1.6 0)
(4.2 -1.6 0)
(4.4 -1.6 0)
(4.6 -1.6 0)
(4.8 -1.6 0)
(5 -1.6 0)
(5.2 -1.6 0)
(5.4 -1.6 0)
(5.6 -1.6 0)
(5.8 -1.6 0)
(6 -1.6 0)
(6.2 -1.6 0)
(6.4 -1.6 0)
(6.6 -1.6 0)
(6.8 -1.6 0)
(7 -1.6 0)
(7.2 -1.6 0)
(7.4 -1.6 0)
(7.6 -1.6 0)
(7.8 -1.6 0)
(8 -1.6 0)
(8.2 -1.6 0)
(8.4 -1.6 0)
(8.6 -1.6 0)
(8.8 -1.6 0)
(9 -1.6 0)
(9.2 -1.6 0)
(9.4 -1.6 0)
(9.6 -1.6 0)
(9.8 -1.6 0)
(10 -1.6 0)
(10.2 -1.6 0)
(10.4 -1.6 0)
(10.6 -1.6 0)
(10.8 -1.6 0)
(11 -1.6 0)
(11.2 -1.6 0)
(11.4 -1.6 0)
(11.6 -1.6 0)
(11.8 -1.6 0)
(12 -1.6 0)
(12.2 -1.6 0)
(12.4 -1.6 0)
(12.6 -1.6 0)
(12.8 -1.6 0)
(13 -1.6 0)
(13.2 -1.6 0)
(13.4 -1.6 0)
(13.6 -1.6 0)
(13.8 -1.6 0)
(14 -1.6 0)
(14.2 -1.6 0)
(14.4 -1.6 0)
(14.6 -1.6 0)
(14.8 -1.6 0)
(15 -1.6 0)
(-5 -1.4 0)
(-4.8 -1.4 0)
(-4.6 -1.4 0)
(-4.4 -1.4 0)
(-4.2 -1.4 0)
(-4 -1.4 0)
(-3.8 -1.4 0)
(-3.6 -1.4 0)
(-3.4 -1.4 0)
(-3.2 -1.4 0)
(-3 -1.4 0)
(-2.8 -1.4 0)
(-2.6 -1.4 0)
(-2.4 -1.4 0)
(-2.2 -1.4 0)
(-2 -1.4 0)
(-1.8 -1.4 0)
(-1.6 -1.4 0)
(-1.4 -1.4 0)
(-1.2 -1.4 0)
(-0.999993 -1.39999 0)
(-0.799986 -1.39998 0)
(-0.599978 -1.39996 0)
(-0.399978 -1.39993 0)
(-0.199985 -1.39989 0)
(-2.97628e-10 -1.39987 0)
(0.199985 -1.39989 0)
(0.399978 -1.39993 0)
(0.599978 -1.39996 0)
(0.799986 -1.39998 0)
(0.999993 -1.39999 0)
(1.2 -1.4 0)
(1.4 -1.4 0)
(1.6 -1.4 0)
(1.8 -1.4 0)
(2 -1.4 0)
(2.2 -1.4 0)
(2.4 -1.4 0)
(2.6 -1.4 0)
(2.8 -1.4 0)
(3 -1.4 0)
(3.2 -1.4 0)
(3.4 -1.4 0)
(3.6 -1.4 0)
(3.8 -1.4 0)
(4 -1.4 0)
(4.2 -1.4 0)
(4.4 -1.4 0)
(4.6 -1.4 0)
(4.8 -1.4 0)
(5 -1.4 0)
(5.2 -1.4 0)
(5.4 -1.4 0)
(5.6 -1.4 0)
(5.8 -1.4 0)
(6 -1.4 0)
(6.2 -1.4 0)
(6.4 -1.4 0)
(6.6 -1.4 0)
(6.8 -1.4 0)
(7 -1.4 0)
(7.2 -1.4 0)
(7.4 -1.4 0)
(7.6 -1.4 0)
(7.8 -1.4 0)
(8 -1.4 0)
(8.2 -1.4 0)
(8.4 -1.4 0)
(8.6 -1.4 0)
(8.8 -1.4 0)
(9 -1.4 0)
(9.2 -1.4 0)
(9.4 -1.4 0)
(9.6 -1.4 0)
(9.8 -1.4 0)
(10 -1.4 0)
(10.2 -1.4 0)
(10.4 -1.4 0)
(10.6 -1.4 0)
(10.8 -1.4 0)
(11 -1.4 0)
(11.2 -1.4 0)
(11.4 -1.4 0)
(11.6 -1.4 0)
(11.8 -1.4 0)
(12 -1.4 0)
(12.2 -1.4 0)
(12.4 -1.4 0)
(12.6 -1.4 0)
(12.8 -1.4 0)
(13 -1.4 0)
(13.2 -1.4 0)
(13.4 -1.4 0)
(13.6 -1.4 0)
(13.8 -1.4 0)
(14 -1.4 0)
(14.2 -1.4 0)
(14.4 -1.4 0)
(14.6 -1.4 0)
(14.8 -1.4 0)
(15 -1.4 0)
(-5 -1.2 0)
(-4.8 -1.2 0)
(-4.6 -1.2 0)
(-4.4 -1.2 0)
(-4.2 -1.2 0)
(-4 -1.2 0)
(-3.8 -1.2 0)
(-3.6 -1.2 0)
(-3.4 -1.2 0)
(-3.2 -1.2 0)
(-3 -1.2 0)
(-2.8 -1.2 0)
(-2.6 -1.2 0)
(-2.4 -1.2 0)
(-2.2 -1.2 0)
(-2 -1.2 0)
(-1.8 -1.2 0)
(-1.6 -1.2 0)
(-1.4 -1.2 0)
(-1.19999 -1.19999 0)
(-0.999976 -1.19997 0)
(-0.79995 -1.19994 0)
(-0.599922 -1.19988 0)
(-0.399923 -1.19979 0)
(-0.199951 -1.19968 0)
(-8.64436e-10 -1.1996 0)
(0.199951 -1.19968 0)
(0.399923 -1.19979 0)
(0.599922 -1.19988 0)
(0.79995 -1.19994 0)
(0.999976 -1.19997 0)
(1.19999 -1.19999 0)
(1.4 -1.2 0)
(1.6 -1.2 0)
(1.8 -1.2 0)
(2 -1.2 0)
(2.2 -1.2 0)
(2.4 -1.2 0)
(2.6 -1.2 0)
(2.8 -1.2 0)
(3 -1.2 0)
(3.2 -1.2 0)
(3.4 -1.2 0)
(3.6 -1.2 0)
(3.8 -1.2 0)
(4 -1.2 0)
(4.2 -1.2 0)
(4.4 -1.2 0)
(4.6 -1.2 0)
(4.8 -1.2 0)
(5 -1.2 0)
(5.2 -1.2 0)
(5.4 -1.2 0)
(5.6 -1.2 0)
(5.8 -1.2 0)
(6 -1.2 0)
(6.2 -1.2 0)
(6.4 -1.2 0)
(6.6 -1.2 0)
(6.8 -1.2 0)
(7 -1.2 0)
(7.2 -1.2 0)
(7.4 -1.2 0)
(7.6 -1.2 0)
(7.8 -1.2 0)
(8 -1.2 0)
(8.2 -1.2 0)
(8.4 -1.2 0)
(8.6 -1.2 0)
(8.8 -1.2 0)
(9 -1.2 0)
(9.2 -1.2 0)
(9.4 -1.2 0)
(9.6 -1.2 0)
(9.8 -1.2 0)
(10 -1.2 0)
(10.2 -1.2 0)
(10.4 -1.2 0)
(10.6 -1.2 0)
(10.8 -1.2 0)
(11 -1.2 0)
(11.2 -1.2 0)
(11.4 -1.2 0)
(11.6 -1.2 0)
(11.8 -1.2 0)
(12 -1.2 0)
(12.2 -1.2 0)
(12.4 -1.2 0)
(12.6 -1.2 0)
(12.8 -1.2 0)
(13 -1.2 0)
(13.2 -1.2 0)
(13.4 -1.2 0)
(13.6 -1.2 0)
(13.8 -1.2 0)
(14 -1.2 0)
(14.2 -1.2 0)
(14.4 -1.2 0)
(14.6 -1.2 0)
(14.8 -1.2 0)
(15 -1.2 0)
(-5 -1 0)
(-4.8 -1 0)
(-4.6 -1 0)
(-4.4 -1 0)
(-4.2 -1 0)
(-4 -1 0)
(-3.8 -1 0)
(-3.6 -1 0)
(-3.4 -1 0)
(-3.2 -1 0)
(-3 -1 0)
(-2.8 -1 0)
(-2.6 -1 0)
(-2.4 -1 0)
(-2.2 -1 0)
(-2 -1 0)
(-1.8 -1 0)
(-1.6 -0.999998 0)
(-1.39999 -0.999993 0)
(-1.19997 -0.999976 0)
(-0.999931 -0.999931 0)
(-0.79985 -0.999831 0)
(-0.599755 -0.999668 0)
(-0.399769 -0.999496 0)
(-0.199856 -0.999182 0)
(-2.19664e-09 -0.998951 0)
(0.199856 -0.999182 0)
(0.399769 -0.999496 0)
(0.599755 -0.999668 0)
(0.79985 -0.999831 0)
(0.999931 -0.999931 0)
(1.19997 -0.999976 0)
(1.39999 -0.999993 0)
(1.6 -0.999998 0)
(1.8 -1 0)
(2 -1 0)
(2.2 -1 0)
(2.4 -1 0)
(2.6 -1 0)
(2.8 -1 0)
(3 -1 0)
(3.2 -1 0)
(3.4 -1 0)
(3.6 -1 0)
(3.8 -1 0)
(4 -1 0)
(4.2 -1 0)
(4.4 -1 0)
(4.6 -1 0)
(4.8 -1 0)
(5 -1 0)
(5.2 -1 0)
(5.4 -1 0)
(5.6 -1 0)
(5.8 -1 0)
(6 -1 0)
(6.2 -1 0)
(6.4 -1 0)
(6.6 -1 0)
(6.8 -1 0)
(7 -1 0)
(7.2 -1 0)
(7.4 -1 0)
(7.6 -1 0)
(7.8 -1 0)
(8 -1 0)
(8.2 -1 0)
(8.4 -1 0)
(8.6 -1 0)
(8.8 -1 0)
(9 -1 0)
(9.2 -1 0)
(9.4 -1 0)
(9.6 -1 0)
(9.8 -1 0)
(10 -1 0)
(10.2 -1 0)
(10.4 -1 0)
(10.6 -1 0)
(10.8 -1 0)
(11 -1 0)
(11.2 -1 0)
(11.4 -1 0)
(11.6 -1 0)
(11.8 -1 0)
(12 -1 0)
(12.2 -1 0)
(12.4 -1 0)
(12.6 -1 0)
(12.8 -1 0)
(13 -1 0)
(13.2 -1 0)
(13.4 -1 0)
(13.6 -1 0)
(13.8 -1 0)
(14 -1 0)
(14.2 -1 0)
(14.4 -1 0)
(14.6 -1 0)
(14.8 -1 0)
(15 -1 0)
(-5 -0.8 0)
(-4.8 -0.8 0)
(-4.6 -0.8 0)
(-4.4 -0.8 0)
(-4.2 -0.8 0)
(-4 -0.8 0)
(-3.8 -0.8 0)
(-3.6 -0.8 0)
(-3.4 -0.8 0)
(-3.2 -0.8 0)
(-3 -0.8 0)
(-2.8 -0.8 0)
(-2.6 -0.8 0)
(-2.4 -0.8 0)
(-2.2 -0.8 0)
(-2 -0.8 0)
(-1.8 -0.799999 0)
(-1.59999 -0.799996 0)
(-1.39998 -0.799986 0)
(-1.19994 -0.79995 0)
(-0.999831 -0.79985 0)
(-0.799617 -0.799617 0)
(-0.599313 -0.799214 0)
(-0.399367 -0.798934 0)
(-0.199625 -0.798218 0)
(-8.08432e-09 -0.797494 0)
(0.199625 -0.798218 0)
(0.399366 -0.798934 0)
(0.599313 -0.799214 0)
(0.799617 -0.799617 0)
(0.999831 -0.79985 0)
(1.19994 -0.79995 0)
(1.39998 -0.799986 0)
(1.59999 -0.799996 0)
(1.8 -0.799999 0)
(2 -0.8 0)
(2.2 -0.8 0)
(2.4 -0.8 0)
(2.6 -0.8 0)
(2.8 -0.8 0)
(3 -0.8 0)
(3.2 -0.8 0)
(3.4 -0.8 0)
(3.6 -0.8 0)
(3.8 -0.8 0)
(4 -0.8 0)
(4.2 -0.8 0)
(4.4 -0.8 0)
(4.6 -0.8 0)
(4.8 -0.8 0)
(5 -0.8 0)
(5.2 -0.8 0)
(5.4 -0.8 0)
(5.6 -0.8 0)
(5.8 -0.8 0)
(6 -0.8 0)
(6.2 -0.8 0)
(6.4 -0.8 0)
(6.6 -0.8 0)
(6.8 -0.8 0)
(7 -0.8 0)
(7.2 -0.8 0)
(7.4 -0.8 0)
(7.6 -0.8 0)
(7.8 -0.8 0)
(8 -0.8 0)
(8.2 -0.8 0)
(8.4 -0.8 0)
(8.6 -0.8 0)
(8.8 -0.8 0)
(9 -0.8 0)
(9.2 -0.8 0)
(9.4 -0.8 0)
(9.6 -0.8 0)
(9.8 -0.8 0)
(10 -0.8 0)
(10.2 -0.8 0)
(10.4 -0.8 0)
(10.6 -0.8 0)
(10.8 -0.8 0)
(11 -0.8 0)
(11.2 -0.8 0)
(11.4 -0.8 0)
(11.6 -0.8 0)
(11.8 -0.8 0)
(12 -0.8 0)
(12.2 -0.8 0)
(12.4 -0.8 0)
(12.6 -0.8 0)
(12.8 -0.8 0)
(13 -0.8 0)
(13.2 -0.8 0)
(13.4 -0.8 0)
(13.6 -0.8 0)
(13.8 -0.8 0)
(14 -0.8 0)
(14.2 -0.8 0)
(14.4 -0.8 0)
(14.6 -0.8 0)
(14.8 -0.8 0)
(15 -0.8 0)
(-5 -0.6 0)
(-4.8 -0.6 0)
(-4.6 -0.6 0)
(-4.4 -0.6 0)
(-4.2 -0.6 0)
(-4 -0.6 0)
(-3.8 -0.6 0)
(-3.6 -0.6 0)
(-3.4 -0.6 0)
(-3.2 -0.6 0)
(-3 -0.6 0)
(-2.8 -0.6 0)
(-2.6 -0.6 0)
(-2.4 -0.6 0)
(-2.2 -0.6 0)
(-2 -0.6 0)
(-1.8 -0.599999 0)
(-1.59999 -0.599994 0)
(-1.39996 -0.599978 0)
(-1.19988 -0.599922 0)
(-0.999668 -0.599755 0)
(-0.799214 -0.599313 0)
(-0.598092 -0.598092 0)
(-0.397384 -0.596805 0)
(-0.198945 -0.596009 0)
(-1.96387e-08 -0.59412 0)
(0.198945 -0.596009 0)
(0.397384 -0.596805 0)
(0.598092 -0.598092 0)
(0.799214 -0.599313 0)
(0.999668 -0.599755 0)
(1.19988 -0.599922 0)
(1.39996 -0.599978 0)
(1.59999 -0.599994 0)
(1.8 -0.599999 0)
(2 -0.6 0)
(2.2 -0.6 0)
(2.4 -0.6 0)
(2.6 -0.6 0)
(2.8 -0.6 0)
(3 -0.6 0)
(3.2 -0.6 0)
(3.4 -0.6 0)
(3.6 -0.6 0)
(3.8 -0.6 0)
(4 -0.6 0)
(4.2 -0.6 0)
(4.4 -0.6 0)
(4.6 -0.6 0)
(4.8 -0.6 0)
(5 -0.6 0)
(5.2 -0.6 0)
(5.4 -0.6 0)
(5.6 -0.6 0)
(5.8 -0.6 0)
(6 -0.6 0)
(6.2 -0.6 0)
(6.4 -0.6 0)
(6.6 -0.6 0)
(6.8 -0.6 0)
(7 -0.6 0)
(7.2 -0.6 0)
(7.4 -0.6 0)
(7.6 -0.6 0)
(7.8 -0.6 0)
(8 -0.6 0)
(8.2 -0.6 0)
(8.4 -0.6 0)
(8.6 -0.6 0)
(8.8 -0.6 0)
(9 -0.6 0)
(9.2 -0.6 0)
(9.4 -0.6 0)
(9.6 -0.6 0)
(9.8 -0.6 0)
(10 -0.6 0)
(10.2 -0.6 0)
(10.4 -0.6 0)
(10.6 -0.6 0)
(10.8 -0.6 0)
(11 -0.6 0)
(11.2 -0.6 0)
(11.4 -0.6 0)
(11.6 -0.6 0)
(11.8 -0.6 0)
(12 -0.6 0)
(12.2 -0.6 0)
(12.4 -0.6 0)
(12.6 -0.6 0)
(12.8 -0.6 0)
(13 -0.6 0)
(13.2 -0.6 0)
(13.4 -0.6 0)
(13.6 -0.6 0)
(13.8 -0.6 0)
(14 -0.6 0)
(14.2 -0.6 0)
(14.4 -0.6 0)
(14.6 -0.6 0)
(14.8 -0.6 0)
(15 -0.6 0)
(-5 -0.4 0)
(-4.8 -0.4 0)
(-4.6 -0.4 0)
(-4.4 -0.4 0)
(-4.2 -0.4 0)
(-4 -0.4 0)
(-3.8 -0.4 0)
(-3.6 -0.4 0)
(-3.4 -0.4 0)
(-3.2 -0.4 0)
(-3 -0.4 0)
(-2.8 -0.4 0)
(-2.6 -0.4 0)
(-2.4 -0.4 0)
(-2.2 -0.4 0)
(-2 -0.4 0)
(-1.79999 -0.399999 0)
(-1.59998 -0.399994 0)
(-1.39993 -0.399978 0)
(-1.19979 -0.399923 0)
(-0.999496 -0.399769 0)
(-0.798934 -0.399366 0)
(-0.596805 -0.397384 0)
(-0.389421 -0.389421 0)
(0.389421 -0.389421 0)
(0.596805 -0.397384 0)
(0.798934 -0.399366 0)
(0.999496 -0.399769 0)
(1.19979 -0.399923 0)
(1.39993 -0.399978 0)
(1.59998 -0.399994 0)
(1.79999 -0.399999 0)
(2 -0.4 0)
(2.2 -0.4 0)
(2.4 -0.4 0)
(2.6 -0.4 0)
(2.8 -0.4 0)
(3 -0.4 0)
(3.2 -0.4 0)
(3.4 -0.4 0)
(3.6 -0.4 0)
(3.8 -0.4 0)
(4 -0.4 0)
(4.2 -0.4 0)
(4.4 -0.4 0)
(4.6 -0.4 0)
(4.8 -0.4 0)
(5 -0.4 0)
(5.2 -0.4 0)
(5.4 -0.4 0)
(5.6 -0.4 0)
(5.8 -0.4 0)
(6 -0.4 0)
(6.2 -0.4 0)
(6.4 -0.4 0)
(6.6 -0.4 0)
(6.8 -0.4 0)
(7 -0.4 0)
(7.2 -0.4 0)
(7.4 -0.4 0)
(7.6 -0.4 0)
(7.8 -0.4 0)
(8 -0.4 0)
(8.2 -0.4 0)
(8.4 -0.4 0)
(8.6 -0.4 0)
(8.8 -0.4 0)
(9 -0.4 0)
(9.2 -0.4 0)
(9.4 -0.4 0)
(9.6 -0.4 0)
(9.8 -0.4 0)
(10 -0.4 0)
(10.2 -0.4 0)
(10.4 -0.4 0)
(10.6 -0.4 0)
(10.8 -0.4 0)
(11 -0.4 0)
(11.2 -0.4 0)
(11.4 -0.4 0)
(11.6 -0.4 0)
(11.8 -0.4 0)
(12 -0.4 0)
(12.2 -0.4 0)
(12.4 -0.4 0)
(12.6 -0.4 0)
(12.8 -0.4 0)
(13 -0.4 0)
(13.2 -0.4 0)
(13.4 -0.4 0)
(13.6 -0.4 0)
(13.8 -0.4 0)
(14 -0.4 0)
(14.2 -0.4 0)
(14.4 -0.4 0)
(14.6 -0.4 0)
(14.8 -0.4 0)
(15 -0.4 0)
(-5 -0.2 0)
(-4.8 -0.2 0)
(-4.6 -0.2 0)
(-4.4 -0.2 0)
(-4.2 -0.2 0)
(-4 -0.2 0)
(-3.8 -0.2 0)
(-3.6 -0.2 0)
(-3.4 -0.2 0)
(-3.2 -0.2 0)
(-3 -0.2 0)
(-2.8 -0.2 0)
(-2.6 -0.2 0)
(-2.4 -0.2 0)
(-2.2 -0.2 0)
(-2 -0.2 0)
(-1.79999 -0.199999 0)
(-1.59997 -0.199996 0)
(-1.39989 -0.199986 0)
(-1.19968 -0.199951 0)
(-0.999182 -0.199856 0)
(-0.798217 -0.199625 0)
(-0.596009 -0.198945 0)
(0.596009 -0.198945 0)
(0.798216 -0.199625 0)
(0.999181 -0.199856 0)
(1.19968 -0.199951 0)
(1.39989 -0.199985 0)
(1.59997 -0.199996 0)
(1.79999 -0.199999 0)
(2 -0.2 0)
(2.2 -0.2 0)
(2.4 -0.2 0)
(2.6 -0.2 0)
(2.8 -0.2 0)
(3 -0.2 0)
(3.2 -0.2 0)
(3.4 -0.2 0)
(3.6 -0.2 0)
(3.8 -0.2 0)
(4 -0.2 0)
(4.2 -0.2 0)
(4.4 -0.2 0)
(4.6 -0.2 0)
(4.8 -0.2 0)
(5 -0.2 0)
(5.2 -0.2 0)
(5.4 -0.2 0)
(5.6 -0.2 0)
(5.8 -0.2 0)
(6 -0.2 0)
(6.2 -0.2 0)
(6.4 -0.2 0)
(6.6 -0.2 0)
(6.8 -0.2 0)
(7 -0.2 0)
(7.2 -0.2 0)
(7.4 -0.2 0)
(7.6 -0.2 0)
(7.8 -0.2 0)
(8 -0.2 0)
(8.2 -0.2 0)
(8.4 -0.2 0)
(8.6 -0.2 0)
(8.8 -0.2 0)
(9 -0.2 0)
(9.2 -0.2 0)
(9.4 -0.2 0)
(9.6 -0.2 0)
(9.8 -0.2 0)
(10 -0.2 0)
(10.2 -0.2 0)
(10.4 -0.2 0)
(10.6 -0.2 0)
(10.8 -0.2 0)
(11 -0.2 0)
(11.2 -0.2 0)
(11.4 -0.2 0)
(11.6 -0.2 0)
(11.8 -0.2 0)
(12 -0.2 0)
(12.2 -0.2 0)
(12.4 -0.2 0)
(12.6 -0.2 0)
(12.8 -0.2 0)
(13 -0.2 0)
(13.2 -0.2 0)
(13.4 -0.2 0)
(13.6 -0.2 0)
(13.8 -0.2 0)
(14 -0.2 0)
(14.2 -0.2 0)
(14.4 -0.2 0)
(14.6 -0.2 0)
(14.8 -0.2 0)
(15 -0.2 0)
(-5 -6.50246e-26 0)
(-4.8 -2.03572e-24 0)
(-4.6 -6.31654e-23 0)
(-4.4 -1.58596e-21 0)
(-4.2 -3.30457e-20 0)
(-4 -5.81641e-19 0)
(-3.8 -8.75971e-18 0)
(-3.6 -1.13954e-16 0)
(-3.4 -1.28954e-15 0)
(-3.2 -1.27609e-14 0)
(-3 -1.10854e-13 0)
(-2.8 -8.47787e-13 0)
(-2.6 -5.71948e-12 0)
(-2.4 -3.4071e-11 0)
(-2.2 -1.78927e-10 0)
(-2 -8.19699e-10 0)
(-1.79999 -3.093e-09 0)
(-1.59996 -1.03944e-08 0)
(-1.39987 -3.07635e-08 0)
(-1.1996 -8.76074e-08 0)
(-0.998949 -2.97401e-07 0)
(-0.797494 -1.22572e-08 0)
(-0.59412 -1.86231e-08 0)
(0.59412 -1.9257e-08 0)
(0.797494 -6.57205e-09 0)
(0.998948 -1.00718e-09 0)
(1.1996 -1.99649e-10 0)
(1.39987 -2.53059e-11 0)
(1.59996 1.49155e-12 0)
(1.79999 2.13394e-12 0)
(2 7.88175e-13 0)
(2.2 2.0386e-13 0)
(2.4 4.21767e-14 0)
(2.6 7.31391e-15 0)
(2.8 1.08621e-15 0)
(3 1.39651e-16 0)
(3.2 1.56218e-17 0)
(3.4 7.55376e-17 0)
(3.6 7.41441e-17 0)
(3.8 7.40244e-17 0)
(4 6.03831e-22 0)
(4.2 7.40149e-17 0)
(4.4 1.51307e-24 0)
(4.6 5.81837e-26 0)
(4.8 1.82659e-27 0)
(5 4.52359e-29 0)
(5.2 8.33925e-31 0)
(5.4 1.02324e-32 0)
(5.6 6.29635e-35 0)
(5.8 8.86429e-45 0)
(6 4.32593e-47 0)
(6.2 0 0)
(6.4 0 0)
(6.6 0 0)
(6.8 0 0)
(7 0 0)
(7.2 0 0)
(7.4 0 0)
(7.6 0 0)
(7.8 0 0)
(8 0 0)
(8.2 0 0)
(8.4 0 0)
(8.6 0 0)
(8.8 0 0)
(9 3.70074e-17 0)
(9.2 0 0)
(9.4 -3.70074e-17 0)
(9.6 0 0)
(9.8 3.70074e-17 0)
(10 0 0)
(10.2 -3.70074e-17 0)
(10.4 0 0)
(10.6 3.70074e-17 0)
(10.8 0 0)
(11 -3.70074e-17 0)
(11.2 7.40149e-17 0)
(11.4 -1.85037e-17 0)
(11.6 -5.55112e-17 0)
(11.8 5.55112e-17 0)
(12 1.85037e-17 0)
(12.2 -1.85037e-17 0)
(12.4 -5.55112e-17 0)
(12.6 5.55112e-17 0)
(12.8 1.85037e-17 0)
(13 -1.85037e-17 0)
(13.2 -5.55112e-17 0)
(13.4 5.55112e-17 0)
(13.6 1.85037e-17 0)
(13.8 -7.40149e-17 0)
(14 3.70074e-17 0)
(14.2 0 0)
(14.4 -3.70074e-17 0)
(14.6 7.40149e-17 0)
(14.8 3.70074e-17 0)
(15 0 0)
(-5 0.2 0)
(-4.8 0.2 0)
(-4.6 0.2 0)
(-4.4 0.2 0)
(-4.2 0.2 0)
(-4 0.2 0)
(-3.8 0.2 0)
(-3.6 0.2 0)
(-3.4 0.2 0)
(-3.2 0.2 0)
(-3 0.2 0)
(-2.8 0.2 0)
(-2.6 0.2 0)
(-2.4 0.2 0)
(-2.2 0.2 0)
(-2 0.2 0)
(-1.79999 0.199999 0)
(-1.59997 0.199996 0)
(-1.39989 0.199985 0)
(-1.19968 0.199951 0)
(-0.999182 0.199856 0)
(-0.798218 0.199625 0)
(-0.596009 0.198945 0)
(0.596009 0.198945 0)
(0.798216 0.199625 0)
(0.999181 0.199856 0)
(1.19968 0.199951 0)
(1.39989 0.199985 0)
(1.59997 0.199996 0)
(1.79999 0.199999 0)
(2 0.2 0)
(2.2 0.2 0)
(2.4 0.2 0)
(2.6 0.2 0)
(2.8 0.2 0)
(3 0.2 0)
(3.2 0.2 0)
(3.4 0.2 0)
(3.6 0.2 0)
(3.8 0.2 0)
(4 0.2 0)
(4.2 0.2 0)
(4.4 0.2 0)
(4.6 0.2 0)
(4.8 0.2 0)
(5 0.2 0)
(5.2 0.2 0)
(5.4 0.2 0)
(5.6 0.2 0)
(5.8 0.2 0)
(6 0.2 0)
(6.2 0.2 0)
(6.4 0.2 0)
(6.6 0.2 0)
(6.8 0.2 0)
(7 0.2 0)
(7.2 0.2 0)
(7.4 0.2 0)
(7.6 0.2 0)
(7.8 0.2 0)
(8 0.2 0)
(8.2 0.2 0)
(8.4 0.2 0)
(8.6 0.2 0)
(8.8 0.2 0)
(9 0.2 0)
(9.2 0.2 0)
(9.4 0.2 0)
(9.6 0.2 0)
(9.8 0.2 0)
(10 0.2 0)
(10.2 0.2 0)
(10.4 0.2 0)
(10.6 0.2 0)
(10.8 0.2 0)
(11 0.2 0)
(11.2 0.2 0)
(11.4 0.2 0)
(11.6 0.2 0)
(11.8 0.2 0)
(12 0.2 0)
(12.2 0.2 0)
(12.4 0.2 0)
(12.6 0.2 0)
(12.8 0.2 0)
(13 0.2 0)
(13.2 0.2 0)
(13.4 0.2 0)
(13.6 0.2 0)
(13.8 0.2 0)
(14 0.2 0)
(14.2 0.2 0)
(14.4 0.2 0)
(14.6 0.2 0)
(14.8 0.2 0)
(15 0.2 0)
(-5 0.4 0)
(-4.8 0.4 0)
(-4.6 0.4 0)
(-4.4 0.4 0)
(-4.2 0.4 0)
(-4 0.4 0)
(-3.8 0.4 0)
(-3.6 0.4 0)
(-3.4 0.4 0)
(-3.2 0.4 0)
(-3 0.4 0)
(-2.8 0.4 0)
(-2.6 0.4 0)
(-2.4 0.4 0)
(-2.2 0.4 0)
(-2 0.4 0)
(-1.79999 0.399999 0)
(-1.59998 0.399994 0)
(-1.39993 0.399978 0)
(-1.19979 0.399923 0)
(-0.999496 0.399769 0)
(-0.798934 0.399367 0)
(-0.596805 0.397384 0)
(-0.389421 0.389421 0)
(0.389421 0.389421 0)
(0.596805 0.397384 0)
(0.798934 0.399366 0)
(0.999496 0.399769 0)
(1.19979 0.399923 0)
(1.39993 0.399978 0)
(1.59998 0.399994 0)
(1.79999 0.399999 0)
(2 0.4 0)
(2.2 0.4 0)
(2.4 0.4 0)
(2.6 0.4 0)
(2.8 0.4 0)
(3 0.4 0)
(3.2 0.4 0)
(3.4 0.4 0)
(3.6 0.4 0)
(3.8 0.4 0)
(4 0.4 0)
(4.2 0.4 0)
(4.4 0.4 0)
(4.6 0.4 0)
(4.8 0.4 0)
(5 0.4 0)
(5.2 0.4 0)
(5.4 0.4 0)
(5.6 0.4 0)
(5.8 0.4 0)
(6 0.4 0)
(6.2 0.4 0)
(6.4 0.4 0)
(6.6 0.4 0)
(6.8 0.4 0)
(7 0.4 0)
(7.2 0.4 0)
(7.4 0.4 0)
(7.6 0.4 0)
(7.8 0.4 0)
(8 0.4 0)
(8.2 0.4 0)
(8.4 0.4 0)
(8.6 0.4 0)
(8.8 0.4 0)
(9 0.4 0)
(9.2 0.4 0)
(9.4 0.4 0)
(9.6 0.4 0)
(9.8 0.4 0)
(10 0.4 0)
(10.2 0.4 0)
(10.4 0.4 0)
(10.6 0.4 0)
(10.8 0.4 0)
(11 0.4 0)
(11.2 0.4 0)
(11.4 0.4 0)
(11.6 0.4 0)
(11.8 0.4 0)
(12 0.4 0)
(12.2 0.4 0)
(12.4 0.4 0)
(12.6 0.4 0)
(12.8 0.4 0)
(13 0.4 0)
(13.2 0.4 0)
(13.4 0.4 0)
(13.6 0.4 0)
(13.8 0.4 0)
(14 0.4 0)
(14.2 0.4 0)
(14.4 0.4 0)
(14.6 0.4 0)
(14.8 0.4 0)
(15 0.4 0)
(-5 0.6 0)
(-4.8 0.6 0)
(-4.6 0.6 0)
(-4.4 0.6 0)
(-4.2 0.6 0)
(-4 0.6 0)
(-3.8 0.6 0)
(-3.6 0.6 0)
(-3.4 0.6 0)
(-3.2 0.6 0)
(-3 0.6 0)
(-2.8 0.6 0)
(-2.6 0.6 0)
(-2.4 0.6 0)
(-2.2 0.6 0)
(-2 0.6 0)
(-1.8 0.599999 0)
(-1.59999 0.599994 0)
(-1.39996 0.599978 0)
(-1.19988 0.599922 0)
(-0.999668 0.599755 0)
(-0.799214 0.599313 0)
(-0.598092 0.598092 0)
(-0.397384 0.596805 0)
(-0.198945 0.596009 0)
(-1.9535e-08 0.59412 0)
(0.198945 0.596009 0)
(0.397384 0.596805 0)
(0.598092 0.598092 0)
(0.799214 0.599313 0)
(0.999668 0.599755 0)
(1.19988 0.599922 0)
(1.39996 0.599978 0)
(1.59999 0.599994 0)
(1.8 0.599999 0)
(2 0.6 0)
(2.2 0.6 0)
(2.4 0.6 0)
(2.6 0.6 0)
(2.8 0.6 0)
(3 0.6 0)
(3.2 0.6 0)
(3.4 0.6 0)
(3.6 0.6 0)
(3.8 0.6 0)
(4 0.6 0)
(4.2 0.6 0)
(4.4 0.6 0)
(4.6 0.6 0)
(4.8 0.6 0)
(5 0.6 0)
(5.2 0.6 0)
(5.4 0.6 0)
(5.6 0.6 0)
(5.8 0.6 0)
(6 0.6 0)
(6.2 0.6 0)
(6.4 0.6 0)
(6.6 0.6 0)
(6.8 0.6 0)
(7 0.6 0)
(7.2 0.6 0)
(7.4 0.6 0)
(7.6 0.6 0)
(7.8 0.6 0)
(8 0.6 0)
(8.2 0.6 0)
(8.4 0.6 0)
(8.6 0.6 0)
(8.8 0.6 0)
(9 0.6 0)
(9.2 0.6 0)
(9.4 0.6 0)
(9.6 0.6 0)
(9.8 0.6 0)
(10 0.6 0)
(10.2 0.6 0)
(10.4 0.6 0)
(10.6 0.6 0)
(10.8 0.6 0)
(11 0.6 0)
(11.2 0.6 0)
(11.4 0.6 0)
(11.6 0.6 0)
(11.8 0.6 0)
(12 0.6 0)
(12.2 0.6 0)
(12.4 0.6 0)
(12.6 0.6 0)
(12.8 0.6 0)
(13 0.6 0)
(13.2 0.6 0)
(13.4 0.6 0)
(13.6 0.6 0)
(13.8 0.6 0)
(14 0.6 0)
(14.2 0.6 0)
(14.4 0.6 0)
(14.6 0.6 0)
(14.8 0.6 0)
(15 0.6 0)
(-5 0.8 0)
(-4.8 0.8 0)
(-4.6 0.8 0)
(-4.4 0.8 0)
(-4.2 0.8 0)
(-4 0.8 0)
(-3.8 0.8 0)
(-3.6 0.8 0)
(-3.4 0.8 0)
(-3.2 0.8 0)
(-3 0.8 0)
(-2.8 0.8 0)
(-2.6 0.8 0)
(-2.4 0.8 0)
(-2.2 0.8 0)
(-2 0.8 0)
(-1.8 0.799999 0)
(-1.59999 0.799996 0)
(-1.39998 0.799986 0)
(-1.19994 0.79995 0)
(-0.999831 0.79985 0)
(-0.799617 0.799617 0)
(-0.599313 0.799214 0)
(-0.399366 0.798934 0)
(-0.199625 0.798216 0)
(-8.58243e-09 0.797494 0)
(0.199625 0.798216 0)
(0.399366 0.798934 0)
(0.599313 0.799214 0)
(0.799617 0.799617 0)
(0.999831 0.79985 0)
(1.19994 0.79995 0)
(1.39998 0.799986 0)
(1.59999 0.799996 0)
(1.8 0.799999 0)
(2 0.8 0)
(2.2 0.8 0)
(2.4 0.8 0)
(2.6 0.8 0)
(2.8 0.8 0)
(3 0.8 0)
(3.2 0.8 0)
(3.4 0.8 0)
(3.6 0.8 0)
(3.8 0.8 0)
(4 0.8 0)
(4.2 0.8 0)
(4.4 0.8 0)
(4.6 0.8 0)
(4.8 0.8 0)
(5 0.8 0)
(5.2 0.8 0)
(5.4 0.8 0)
(5.6 0.8 0)
(5.8 0.8 0)
(6 0.8 0)
(6.2 0.8 0)
(6.4 0.8 0)
(6.6 0.8 0)
(6.8 0.8 0)
(7 0.8 0)
(7.2 0.8 0)
(7.4 0.8 0)
(7.6 0.8 0)
(7.8 0.8 0)
(8 0.8 0)
(8.2 0.8 0)
(8.4 0.8 0)
(8.6 0.8 0)
(8.8 0.8 0)
(9 0.8 0)
(9.2 0.8 0)
(9.4 0.8 0)
(9.6 0.8 0)
(9.8 0.8 0)
(10 0.8 0)
(10.2 0.8 0)
(10.4 0.8 0)
(10.6 0.8 0)
(10.8 0.8 0)
(11 0.8 0)
(11.2 0.8 0)
(11.4 0.8 0)
(11.6 0.8 0)
(11.8 0.8 0)
(12 0.8 0)
(12.2 0.8 0)
(12.4 0.8 0)
(12.6 0.8 0)
(12.8 0.8 0)
(13 0.8 0)
(13.2 0.8 0)
(13.4 0.8 0)
(13.6 0.8 0)
(13.8 0.8 0)
(14 0.8 0)
(14.2 0.8 0)
(14.4 0.8 0)
(14.6 0.8 0)
(14.8 0.8 0)
(15 0.8 0)
(-5 1 0)
(-4.8 1 0)
(-4.6 1 0)
(-4.4 1 0)
(-4.2 1 0)
(-4 1 0)
(-3.8 1 0)
(-3.6 1 0)
(-3.4 1 0)
(-3.2 1 0)
(-3 1 0)
(-2.8 1 0)
(-2.6 1 0)
(-2.4 1 0)
(-2.2 1 0)
(-2 1 0)
(-1.8 1 0)
(-1.6 0.999998 0)
(-1.39999 0.999993 0)
(-1.19997 0.999976 0)
(-0.999931 0.999931 0)
(-0.79985 0.999831 0)
(-0.599755 0.999668 0)
(-0.399769 0.999496 0)
(-0.199856 0.999181 0)
(-3.16708e-09 0.998948 0)
(0.199856 0.999181 0)
(0.399769 0.999496 0)
(0.599755 0.999668 0)
(0.79985 0.999831 0)
(0.999931 0.999931 0)
(1.19997 0.999976 0)
(1.39999 0.999993 0)
(1.6 0.999998 0)
(1.8 1 0)
(2 1 0)
(2.2 1 0)
(2.4 1 0)
(2.6 1 0)
(2.8 1 0)
(3 1 0)
(3.2 1 0)
(3.4 1 0)
(3.6 1 0)
(3.8 1 0)
(4 1 0)
(4.2 1 0)
(4.4 1 0)
(4.6 1 0)
(4.8 1 0)
(5 1 0)
(5.2 1 0)
(5.4 1 0)
(5.6 1 0)
(5.8 1 0)
(6 1 0)
(6.2 1 0)
(6.4 1 0)
(6.6 1 0)
(6.8 1 0)
(7 1 0)
(7.2 1 0)
(7.4 1 0)
(7.6 1 0)
(7.8 1 0)
(8 1 0)
(8.2 1 0)
(8.4 1 0)
(8.6 1 0)
(8.8 1 0)
(9 1 0)
(9.2 1 0)
(9.4 1 0)
(9.6 1 0)
(9.8 1 0)
(10 1 0)
(10.2 1 0)
(10.4 1 0)
(10.6 1 0)
(10.8 1 0)
(11 1 0)
(11.2 1 0)
(11.4 1 0)
(11.6 1 0)
(11.8 1 0)
(12 1 0)
(12.2 1 0)
(12.4 1 0)
(12.6 1 0)
(12.8 1 0)
(13 1 0)
(13.2 1 0)
(13.4 1 0)
(13.6 1 0)
(13.8 1 0)
(14 1 0)
(14.2 1 0)
(14.4 1 0)
(14.6 1 0)
(14.8 1 0)
(15 1 0)
(-5 1.2 0)
(-4.8 1.2 0)
(-4.6 1.2 0)
(-4.4 1.2 0)
(-4.2 1.2 0)
(-4 1.2 0)
(-3.8 1.2 0)
(-3.6 1.2 0)
(-3.4 1.2 0)
(-3.2 1.2 0)
(-3 1.2 0)
(-2.8 1.2 0)
(-2.6 1.2 0)
(-2.4 1.2 0)
(-2.2 1.2 0)
(-2 1.2 0)
(-1.8 1.2 0)
(-1.6 1.2 0)
(-1.4 1.2 0)
(-1.19999 1.19999 0)
(-0.999976 1.19997 0)
(-0.79995 1.19994 0)
(-0.599922 1.19988 0)
(-0.399923 1.19979 0)
(-0.199951 1.19968 0)
(-1.39198e-09 1.1996 0)
(0.199951 1.19968 0)
(0.399923 1.19979 0)
(0.599922 1.19988 0)
(0.79995 1.19994 0)
(0.999976 1.19997 0)
(1.19999 1.19999 0)
(1.4 1.2 0)
(1.6 1.2 0)
(1.8 1.2 0)
(2 1.2 0)
(2.2 1.2 0)
(2.4 1.2 0)
(2.6 1.2 0)
(2.8 1.2 0)
(3 1.2 0)
(3.2 1.2 0)
(3.4 1.2 0)
(3.6 1.2 0)
(3.8 1.2 0)
(4 1.2 0)
(4.2 1.2 0)
(4.4 1.2 0)
(4.6 1.2 0)
(4.8 1.2 0)
(5 1.2 0)
(5.2 1.2 0)
(5.4 1.2 0)
(5.6 1.2 0)
(5.8 1.2 0)
(6 1.2 0)
(6.2 1.2 0)
(6.4 1.2 0)
(6.6 1.2 0)
(6.8 1.2 0)
(7 1.2 0)
(7.2 1.2 0)
(7.4 1.2 0)
(7.6 1.2 0)
(7.8 1.2 0)
(8 1.2 0)
(8.2 1.2 0)
(8.4 1.2 0)
(8.6 1.2 0)
(8.8 1.2 0)
(9 1.2 0)
(9.2 1.2 0)
(9.4 1.2 0)
(9.6 1.2 0)
(9.8 1.2 0)
(10 1.2 0)
(10.2 1.2 0)
(10.4 1.2 0)
(10.6 1.2 0)
(10.8 1.2 0)
(11 1.2 0)
(11.2 1.2 0)
(11.4 1.2 0)
(11.6 1.2 0)
(11.8 1.2 0)
(12 1.2 0)
(12.2 1.2 0)
(12.4 1.2 0)
(12.6 1.2 0)
(12.8 1.2 0)
(13 1.2 0)
(13.2 1.2 0)
(13.4 1.2 0)
(13.6 1.2 0)
(13.8 1.2 0)
(14 1.2 0)
(14.2 1.2 0)
(14.4 1.2 0)
(14.6 1.2 0)
(14.8 1.2 0)
(15 1.2 0)
(-5 1.4 0)
(-4.8 1.4 0)
(-4.6 1.4 0)
(-4.4 1.4 0)
(-4.2 1.4 0)
(-4 1.4 0)
(-3.8 1.4 0)
(-3.6 1.4 0)
(-3.4 1.4 0)
(-3.2 1.4 0)
(-3 1.4 0)
(-2.8 1.4 0)
(-2.6 1.4 0)
(-2.4 1.4 0)
(-2.2 1.4 0)
(-2 1.4 0)
(-1.8 1.4 0)
(-1.6 1.4 0)
(-1.4 1.4 0)
(-1.2 1.4 0)
(-0.999993 1.39999 0)
(-0.799986 1.39998 0)
(-0.599978 1.39996 0)
(-0.399978 1.39993 0)
(-0.199985 1.39989 0)
(-5.1026e-10 1.39987 0)
(0.199985 1.39989 0)
(0.399978 1.39993 0)
(0.599978 1.39996 0)
(0.799986 1.39998 0)
(0.999993 1.39999 0)
(1.2 1.4 0)
(1.4 1.4 0)
(1.6 1.4 0)
(1.8 1.4 0)
(2 1.4 0)
(2.2 1.4 0)
(2.4 1.4 0)
(2.6 1.4 0)
(2.8 1.4 0)
(3 1.4 0)
(3.2 1.4 0)
(3.4 1.4 0)
(3.6 1.4 0)
(3.8 1.4 0)
(4 1.4 0)
(4.2 1.4 0)
(4.4 1.4 0)
(4.6 1.4 0)
(4.8 1.4 0)
(5 1.4 0)
(5.2 1.4 0)
(5.4 1.4 0)
(5.6 1.4 0)
(5.8 1.4 0)
(6 1.4 0)
(6.2 1.4 0)
(6.4 1.4 0)
(6.6 1.4 0)
(6.8 1.4 0)
(7 1.4 0)
(7.2 1.4 0)
(7.4 1.4 0)
(7.6 1.4 0)
(7.8 1.4 0)
(8 1.4 0)
(8.2 1.4 0)
(8.4 1.4 0)
(8.6 1.4 0)
(8.8 1.4 0)
(9 1.4 0)
(9.2 1.4 0)
(9.4 1.4 0)
(9.6 1.4 0)
(9.8 1.4 0)
(10 1.4 0)
(10.2 1.4 0)
(10.4 1.4 0)
(10.6 1.4 0)
(10.8 1.4 0)
(11 1.4 0)
(11.2 1.4 0)
(11.4 1.4 0)
(11.6 1.4 0)
(11.8 1.4 0)
(12 1.4 0)
(12.2 1.4 0)
(12.4 1.4 0)
(12.6 1.4 0)
(12.8 1.4 0)
(13 1.4 0)
(13.2 1.4 0)
(13.4 1.4 0)
(13.6 1.4 0)
(13.8 1.4 0)
(14 1.4 0)
(14.2 1.4 0)
(14.4 1.4 0)
(14.6 1.4 0)
(14.8 1.4 0)
(15 1.4 0)
(-5 1.6 0)
(-4.8 1.6 0)
(-4.6 1.6 0)
(-4.4 1.6 0)
(-4.2 1.6 0)
(-4 1.6 0)
(-3.8 1.6 0)
(-3.6 1.6 0)
(-3.4 1.6 0)
(-3.2 1.6 0)
(-3 1.6 0)
(-2.8 1.6 0)
(-2.6 1.6 0)
(-2.4 1.6 0)
(-2.2 1.6 0)
(-2 1.6 0)
(-1.8 1.6 0)
(-1.6 1.6 0)
(-1.4 1.6 0)
(-1.2 1.6 0)
(-0.999998 1.6 0)
(-0.799996 1.59999 0)
(-0.599994 1.59999 0)
(-0.399994 1.59998 0)
(-0.199996 1.59997 0)
(-1.57683e-10 1.59996 0)
(0.199996 1.59997 0)
(0.399994 1.59998 0)
(0.599994 1.59999 0)
(0.799996 1.59999 0)
(0.999998 1.6 0)
(1.2 1.6 0)
(1.4 1.6 0)
(1.6 1.6 0)
(1.8 1.6 0)
(2 1.6 0)
(2.2 1.6 0)
(2.4 1.6 0)
(2.6 1.6 0)
(2.8 1.6 0)
(3 1.6 0)
(3.2 1.6 0)
(3.4 1.6 0)
(3.6 1.6 0)
(3.8 1.6 0)
(4 1.6 0)
(4.2 1.6 0)
(4.4 1.6 0)
(4.6 1.6 0)
(4.8 1.6 0)
(5 1.6 0)
(5.2 1.6 0)
(5.4 1.6 0)
(5.6 1.6 0)
(5.8 1.6 0)
(6 1.6 0)
(6.2 1.6 0)
(6.4 1.6 0)
(6.6 1.6 0)
(6.8 1.6 0)
(7 1.6 0)
(7.2 1.6 0)
(7.4 1.6 0)
(7.6 1.6 0)
(7.8 1.6 0)
(8 1.6 0)
(8.2 1.6 0)
(8.4 1.6 0)
(8.6 1.6 0)
(8.8 1.6 0)
(9 1.6 0)
(9.2 1.6 0)
(9.4 1.6 0)
(9.6 1.6 0)
(9.8 1.6 0)
(10 1.6 0)
(10.2 1.6 0)
(10.4 1.6 0)
(10.6 1.6 0)
(10.8 1.6 0)
(11 1.6 0)
(11.2 1.6 0)
(11.4 1.6 0)
(11.6 1.6 0)
(11.8 1.6 0)
(12 1.6 0)
(12.2 1.6 0)
(12.4 1.6 0)
(12.6 1.6 0)
(12.8 1.6 0)
(13 1.6 0)
(13.2 1.6 0)
(13.4 1.6 0)
(13.6 1.6 0)
(13.8 1.6 0)
(14 1.6 0)
(14.2 1.6 0)
(14.4 1.6 0)
(14.6 1.6 0)
(14.8 1.6 0)
(15 1.6 0)
(-5 1.8 0)
(-4.8 1.8 0)
(-4.6 1.8 0)
(-4.4 1.8 0)
(-4.2 1.8 0)
(-4 1.8 0)
(-3.8 1.8 0)
(-3.6 1.8 0)
(-3.4 1.8 0)
(-3.2 1.8 0)
(-3 1.8 0)
(-2.8 1.8 0)
(-2.6 1.8 0)
(-2.4 1.8 0)
(-2.2 1.8 0)
(-2 1.8 0)
(-1.8 1.8 0)
(-1.6 1.8 0)
(-1.4 1.8 0)
(-1.2 1.8 0)
(-1 1.8 0)
(-0.799999 1.8 0)
(-0.599999 1.8 0)
(-0.399999 1.79999 0)
(-0.199999 1.79999 0)
(-4.16034e-11 1.79999 0)
(0.199999 1.79999 0)
(0.399999 1.79999 0)
(0.599999 1.8 0)
(0.799999 1.8 0)
(1 1.8 0)
(1.2 1.8 0)
(1.4 1.8 0)
(1.6 1.8 0)
(1.8 1.8 0)
(2 1.8 0)
(2.2 1.8 0)
(2.4 1.8 0)
(2.6 1.8 0)
(2.8 1.8 0)
(3 1.8 0)
(3.2 1.8 0)
(3.4 1.8 0)
(3.6 1.8 0)
(3.8 1.8 0)
(4 1.8 0)
(4.2 1.8 0)
(4.4 1.8 0)
(4.6 1.8 0)
(4.8 1.8 0)
(5 1.8 0)
(5.2 1.8 0)
(5.4 1.8 0)
(5.6 1.8 0)
(5.8 1.8 0)
(6 1.8 0)
(6.2 1.8 0)
(6.4 1.8 0)
(6.6 1.8 0)
(6.8 1.8 0)
(7 1.8 0)
(7.2 1.8 0)
(7.4 1.8 0)
(7.6 1.8 0)
(7.8 1.8 0)
(8 1.8 0)
(8.2 1.8 0)
(8.4 1.8 0)
(8.6 1.8 0)
(8.8 1.8 0)
(9 1.8 0)
(9.2 1.8 0)
(9.4 1.8 0)
(9.6 1.8 0)
(9.8 1.8 0)
(10 1.8 0)
(10.2 1.8 0)
(10.4 1.8 0)
(10.6 1.8 0)
(10.8 1.8 0)
(11 1.8 0)
(11.2 1.8 0)
(11.4 1.8 0)
(11.6 1.8 0)
(11.8 1.8 0)
(12 1.8 0)
(12.2 1.8 0)
(12.4 1.8 0)
(12.6 1.8 0)
(12.8 1.8 0)
(13 1.8 0)
(13.2 1.8 0)
(13.4 1.8 0)
(13.6 1.8 0)
(13.8 1.8 0)
(14 1.8 0)
(14.2 1.8 0)
(14.4 1.8 0)
(14.6 1.8 0)
(14.8 1.8 0)
(15 1.8 0)
(-5 2 0)
(-4.8 2 0)
(-4.6 2 0)
(-4.4 2 0)
(-4.2 2 0)
(-4 2 0)
(-3.8 2 0)
(-3.6 2 0)
(-3.4 2 0)
(-3.2 2 0)
(-3 2 0)
(-2.8 2 0)
(-2.6 2 0)
(-2.4 2 0)
(-2.2 2 0)
(-2 2 0)
(-1.8 2 0)
(-1.6 2 0)
(-1.4 2 0)
(-1.2 2 0)
(-1 2 0)
(-0.8 2 0)
(-0.6 2 0)
(-0.4 2 0)
(-0.2 2 0)
(-9.46572e-12 2 0)
(0.2 2 0)
(0.4 2 0)
(0.6 2 0)
(0.8 2 0)
(1 2 0)
(1.2 2 0)
(1.4 2 0)
(1.6 2 0)
(1.8 2 0)
(2 2 0)
(2.2 2 0)
(2.4 2 0)
(2.6 2 0)
(2.8 2 0)
(3 2 0)
(3.2 2 0)
(3.4 2 0)
(3.6 2 0)
(3.8 2 0)
(4 2 0)
(4.2 2 0)
(4.4 2 0)
(4.6 2 0)
(4.8 2 0)
(5 2 0)
(5.2 2 0)
(5.4 2 0)
(5.6 2 0)
(5.8 2 0)
(6 2 0)
(6.2 2 0)
(6.4 2 0)
(6.6 2 0)
(6.8 2 0)
(7 2 0)
(7.2 2 0)
(7.4 2 0)
(7.6 2 0)
(7.8 2 0)
(8 2 0)
(8.2 2 0)
(8.4 2 0)
(8.6 2 0)
(8.8 2 0)
(9 2 0)
(9.2 2 0)
(9.4 2 0)
(9.6 2 0)
(9.8 2 0)
(10 2 0)
(10.2 2 0)
(10.4 2 0)
(10.6 2 0)
(10.8 2 0)
(11 2 0)
(11.2 2 0)
(11.4 2 0)
(11.6 2 0)
(11.8 2 0)
(12 2 0)
(12.2 2 0)
(12.4 2 0)
(12.6 2 0)
(12.8 2 0)
(13 2 0)
(13.2 2 0)
(13.4 2 0)
(13.6 2 0)
(13.8 2 0)
(14 2 0)
(14.2 2 0)
(14.4 2 0)
(14.6 2 0)
(14.8 2 0)
(15 2 0)
(-5 2.2 0)
(-4.8 2.2 0)
(-4.6 2.2 0)
(-4.4 2.2 0)
(-4.2 2.2 0)
(-4 2.2 0)
(-3.8 2.2 0)
(-3.6 2.2 0)
(-3.4 2.2 0)
(-3.2 2.2 0)
(-3 2.2 0)
(-2.8 2.2 0)
(-2.6 2.2 0)
(-2.4 2.2 0)
(-2.2 2.2 0)
(-2 2.2 0)
(-1.8 2.2 0)
(-1.6 2.2 0)
(-1.4 2.2 0)
(-1.2 2.2 0)
(-1 2.2 0)
(-0.8 2.2 0)
(-0.6 2.2 0)
(-0.4 2.2 0)
(-0.2 2.2 0)
(-1.87071e-12 2.2 0)
(0.2 2.2 0)
(0.4 2.2 0)
(0.6 2.2 0)
(0.8 2.2 0)
(1 2.2 0)
(1.2 2.2 0)
(1.4 2.2 0)
(1.6 2.2 0)
(1.8 2.2 0)
(2 2.2 0)
(2.2 2.2 0)
(2.4 2.2 0)
(2.6 2.2 0)
(2.8 2.2 0)
(3 2.2 0)
(3.2 2.2 0)
(3.4 2.2 0)
(3.6 2.2 0)
(3.8 2.2 0)
(4 2.2 0)
(4.2 2.2 0)
(4.4 2.2 0)
(4.6 2.2 0)
(4.8 2.2 0)
(5 2.2 0)
(5.2 2.2 0)
(5.4 2.2 0)
(5.6 2.2 0)
(5.8 2.2 0)
(6 2.2 0)
(6.2 2.2 0)
(6.4 2.2 0)
(6.6 2.2 0)
(6.8 2.2 0)
(7 2.2 0)
(7.2 2.2 0)
(7.4 2.2 0)
(7.6 2.2 0)
(7.8 2.2 0)
(8 2.2 0)
(8.2 2.2 0)
(8.4 2.2 0)
(8.6 2.2 0)
(8.8 2.2 0)
(9 2.2 0)
(9.2 2.2 0)
(9.4 2.2 0)
(9.6 2.2 0)
(9.8 2.2 0)
(10 2.2 0)
(10.2 2.2 0)
(10.4 2.2 0)
(10.6 2.2 0)
(10.8 2.2 0)
(11 2.2 0)
(11.2 2.2 0)
(11.4 2.2 0)
(11.6 2.2 0)
(11.8 2.2 0)
(12 2.2 0)
(12.2 2.2 0)
(12.4 2.2 0)
(12.6 2.2 0)
(12.8 2.2 0)
(13 2.2 0)
(13.2 2.2 0)
(13.4 2.2 0)
(13.6 2.2 0)
(13.8 2.2 0)
(14 2.2 0)
(14.2 2.2 0)
(14.4 2.2 0)
(14.6 2.2 0)
(14.8 2.2 0)
(15 2.2 0)
(-5 2.4 0)
(-4.8 2.4 0)
(-4.6 2.4 0)
(-4.4 2.4 0)
(-4.2 2.4 0)
(-4 2.4 0)
(-3.8 2.4 0)
(-3.6 2.4 0)
(-3.4 2.4 0)
(-3.2 2.4 0)
(-3 2.4 0)
(-2.8 2.4 0)
(-2.6 2.4 0)
(-2.4 2.4 0)
(-2.2 2.4 0)
(-2 2.4 0)
(-1.8 2.4 0)
(-1.6 2.4 0)
(-1.4 2.4 0)
(-1.2 2.4 0)
(-1 2.4 0)
(-0.8 2.4 0)
(-0.6 2.4 0)
(-0.4 2.4 0)
(-0.2 2.4 0)
(-3.22459e-13 2.4 0)
(0.2 2.4 0)
(0.4 2.4 0)
(0.6 2.4 0)
(0.8 2.4 0)
(1 2.4 0)
(1.2 2.4 0)
(1.4 2.4 0)
(1.6 2.4 0)
(1.8 2.4 0)
(2 2.4 0)
(2.2 2.4 0)
(2.4 2.4 0)
(2.6 2.4 0)
(2.8 2.4 0)
(3 2.4 0)
(3.2 2.4 0)
(3.4 2.4 0)
(3.6 2.4 0)
(3.8 2.4 0)
(4 2.4 0)
(4.2 2.4 0)
(4.4 2.4 0)
(4.6 2.4 0)
(4.8 2.4 0)
(5 2.4 0)
(5.2 2.4 0)
(5.4 2.4 0)
(5.6 2.4 0)
(5.8 2.4 0)
(6 2.4 0)
(6.2 2.4 0)
(6.4 2.4 0)
(6.6 2.4 0)
(6.8 2.4 0)
(7 2.4 0)
(7.2 2.4 0)
(7.4 2.4 0)
(7.6 2.4 0)
(7.8 2.4 0)
(8 2.4 0)
(8.2 2.4 0)
(8.4 2.4 0)
(8.6 2.4 0)
(8.8 2.4 0)
(9 2.4 0)
(9.2 2.4 0)
(9.4 2.4 0)
(9.6 2.4 0)
(9.8 2.4 0)
(10 2.4 0)
(10.2 2.4 0)
(10.4 2.4 0)
(10.6 2.4 0)
(10.8 2.4 0)
(11 2.4 0)
(11.2 2.4 0)
(11.4 2.4 0)
(11.6 2.4 0)
(11.8 2.4 0)
(12 2.4 0)
(12.2 2.4 0)
(12.4 2.4 0)
(12.6 2.4 0)
(12.8 2.4 0)
(13 2.4 0)
(13.2 2.4 0)
(13.4 2.4 0)
(13.6 2.4 0)
(13.8 2.4 0)
(14 2.4 0)
(14.2 2.4 0)
(14.4 2.4 0)
(14.6 2.4 0)
(14.8 2.4 0)
(15 2.4 0)
(-5 2.6 0)
(-4.8 2.6 0)
(-4.6 2.6 0)
(-4.4 2.6 0)
(-4.2 2.6 0)
(-4 2.6 0)
(-3.8 2.6 0)
(-3.6 2.6 0)
(-3.4 2.6 0)
(-3.2 2.6 0)
(-3 2.6 0)
(-2.8 2.6 0)
(-2.6 2.6 0)
(-2.4 2.6 0)
(-2.2 2.6 0)
(-2 2.6 0)
(-1.8 2.6 0)
(-1.6 2.6 0)
(-1.4 2.6 0)
(-1.2 2.6 0)
(-1 2.6 0)
(-0.8 2.6 0)
(-0.6 2.6 0)
(-0.4 2.6 0)
(-0.2 2.6 0)
(-4.88559e-14 2.6 0)
(0.2 2.6 0)
(0.4 2.6 0)
(0.6 2.6 0)
(0.8 2.6 0)
(1 2.6 0)
(1.2 2.6 0)
(1.4 2.6 0)
(1.6 2.6 0)
(1.8 2.6 0)
(2 2.6 0)
(2.2 2.6 0)
(2.4 2.6 0)
(2.6 2.6 0)
(2.8 2.6 0)
(3 2.6 0)
(3.2 2.6 0)
(3.4 2.6 0)
(3.6 2.6 0)
(3.8 2.6 0)
(4 2.6 0)
(4.2 2.6 0)
(4.4 2.6 0)
(4.6 2.6 0)
(4.8 2.6 0)
(5 2.6 0)
(5.2 2.6 0)
(5.4 2.6 0)
(5.6 2.6 0)
(5.8 2.6 0)
(6 2.6 0)
(6.2 2.6 0)
(6.4 2.6 0)
(6.6 2.6 0)
(6.8 2.6 0)
(7 2.6 0)
(7.2 2.6 0)
(7.4 2.6 0)
(7.6 2.6 0)
(7.8 2.6 0)
(8 2.6 0)
(8.2 2.6 0)
(8.4 2.6 0)
(8.6 2.6 0)
(8.8 2.6 0)
(9 2.6 0)
(9.2 2.6 0)
(9.4 2.6 0)
(9.6 2.6 0)
(9.8 2.6 0)
(10 2.6 0)
(10.2 2.6 0)
(10.4 2.6 0)
(10.6 2.6 0)
(10.8 2.6 0)
(11 2.6 0)
(11.2 2.6 0)
(11.4 2.6 0)
(11.6 2.6 0)
(11.8 2.6 0)
(12 2.6 0)
(12.2 2.6 0)
(12.4 2.6 0)
(12.6 2.6 0)
(12.8 2.6 0)
(13 2.6 0)
(13.2 2.6 0)
(13.4 2.6 0)
(13.6 2.6 0)
(13.8 2.6 0)
(14 2.6 0)
(14.2 2.6 0)
(14.4 2.6 0)
(14.6 2.6 0)
(14.8 2.6 0)
(15 2.6 0)
(-5 2.8 0)
(-4.8 2.8 0)
(-4.6 2.8 0)
(-4.4 2.8 0)
(-4.2 2.8 0)
(-4 2.8 0)
(-3.8 2.8 0)
(-3.6 2.8 0)
(-3.4 2.8 0)
(-3.2 2.8 0)
(-3 2.8 0)
(-2.8 2.8 0)
(-2.6 2.8 0)
(-2.4 2.8 0)
(-2.2 2.8 0)
(-2 2.8 0)
(-1.8 2.8 0)
(-1.6 2.8 0)
(-1.4 2.8 0)
(-1.2 2.8 0)
(-1 2.8 0)
(-0.8 2.8 0)
(-0.6 2.8 0)
(-0.4 2.8 0)
(-0.2 2.8 0)
(-6.30026e-15 2.8 0)
(0.2 2.8 0)
(0.4 2.8 0)
(0.6 2.8 0)
(0.8 2.8 0)
(1 2.8 0)
(1.2 2.8 0)
(1.4 2.8 0)
(1.6 2.8 0)
(1.8 2.8 0)
(2 2.8 0)
(2.2 2.8 0)
(2.4 2.8 0)
(2.6 2.8 0)
(2.8 2.8 0)
(3 2.8 0)
(3.2 2.8 0)
(3.4 2.8 0)
(3.6 2.8 0)
(3.8 2.8 0)
(4 2.8 0)
(4.2 2.8 0)
(4.4 2.8 0)
(4.6 2.8 0)
(4.8 2.8 0)
(5 2.8 0)
(5.2 2.8 0)
(5.4 2.8 0)
(5.6 2.8 0)
(5.8 2.8 0)
(6 2.8 0)
(6.2 2.8 0)
(6.4 2.8 0)
(6.6 2.8 0)
(6.8 2.8 0)
(7 2.8 0)
(7.2 2.8 0)
(7.4 2.8 0)
(7.6 2.8 0)
(7.8 2.8 0)
(8 2.8 0)
(8.2 2.8 0)
(8.4 2.8 0)
(8.6 2.8 0)
(8.8 2.8 0)
(9 2.8 0)
(9.2 2.8 0)
(9.4 2.8 0)
(9.6 2.8 0)
(9.8 2.8 0)
(10 2.8 0)
(10.2 2.8 0)
(10.4 2.8 0)
(10.6 2.8 0)
(10.8 2.8 0)
(11 2.8 0)
(11.2 2.8 0)
(11.4 2.8 0)
(11.6 2.8 0)
(11.8 2.8 0)
(12 2.8 0)
(12.2 2.8 0)
(12.4 2.8 0)
(12.6 2.8 0)
(12.8 2.8 0)
(13 2.8 0)
(13.2 2.8 0)
(13.4 2.8 0)
(13.6 2.8 0)
(13.8 2.8 0)
(14 2.8 0)
(14.2 2.8 0)
(14.4 2.8 0)
(14.6 2.8 0)
(14.8 2.8 0)
(15 2.8 0)
(-5 3 0)
(-4.8 3 0)
(-4.6 3 0)
(-4.4 3 0)
(-4.2 3 0)
(-4 3 0)
(-3.8 3 0)
(-3.6 3 0)
(-3.4 3 0)
(-3.2 3 0)
(-3 3 0)
(-2.8 3 0)
(-2.6 3 0)
(-2.4 3 0)
(-2.2 3 0)
(-2 3 0)
(-1.8 3 0)
(-1.6 3 0)
(-1.4 3 0)
(-1.2 3 0)
(-1 3 0)
(-0.8 3 0)
(-0.6 3 0)
(-0.4 3 0)
(-0.2 3 0)
(-8.96809e-16 3 0)
(0.2 3 0)
(0.4 3 0)
(0.6 3 0)
(0.8 3 0)
(1 3 0)
(1.2 3 0)
(1.4 3 0)
(1.6 3 0)
(1.8 3 0)
(2 3 0)
(2.2 3 0)
(2.4 3 0)
(2.6 3 0)
(2.8 3 0)
(3 3 0)
(3.2 3 0)
(3.4 3 0)
(3.6 3 0)
(3.8 3 0)
(4 3 0)
(4.2 3 0)
(4.4 3 0)
(4.6 3 0)
(4.8 3 0)
(5 3 0)
(5.2 3 0)
(5.4 3 0)
(5.6 3 0)
(5.8 3 0)
(6 3 0)
(6.2 3 0)
(6.4 3 0)
(6.6 3 0)
(6.8 3 0)
(7 3 0)
(7.2 3 0)
(7.4 3 0)
(7.6 3 0)
(7.8 3 0)
(8 3 0)
(8.2 3 0)
(8.4 3 0)
(8.6 3 0)
(8.8 3 0)
(9 3 0)
(9.2 3 0)
(9.4 3 0)
(9.6 3 0)
(9.8 3 0)
(10 3 0)
(10.2 3 0)
(10.4 3 0)
(10.6 3 0)
(10.8 3 0)
(11 3 0)
(11.2 3 0)
(11.4 3 0)
(11.6 3 0)
(11.8 3 0)
(12 3 0)
(12.2 3 0)
(12.4 3 0)
(12.6 3 0)
(12.8 3 0)
(13 3 0)
(13.2 3 0)
(13.4 3 0)
(13.6 3 0)
(13.8 3 0)
(14 3 0)
(14.2 3 0)
(14.4 3 0)
(14.6 3 0)
(14.8 3 0)
(15 3 0)
(-5 3.2 0)
(-4.8 3.2 0)
(-4.6 3.2 0)
(-4.4 3.2 0)
(-4.2 3.2 0)
(-4 3.2 0)
(-3.8 3.2 0)
(-3.6 3.2 0)
(-3.4 3.2 0)
(-3.2 3.2 0)
(-3 3.2 0)
(-2.8 3.2 0)
(-2.6 3.2 0)
(-2.4 3.2 0)
(-2.2 3.2 0)
(-2 3.2 0)
(-1.8 3.2 0)
(-1.6 3.2 0)
(-1.4 3.2 0)
(-1.2 3.2 0)
(-1 3.2 0)
(-0.8 3.2 0)
(-0.6 3.2 0)
(-0.4 3.2 0)
(-0.2 3.2 0)
(-2.2423e-16 3.2 0)
(0.2 3.2 0)
(0.4 3.2 0)
(0.6 3.2 0)
(0.8 3.2 0)
(1 3.2 0)
(1.2 3.2 0)
(1.4 3.2 0)
(1.6 3.2 0)
(1.8 3.2 0)
(2 3.2 0)
(2.2 3.2 0)
(2.4 3.2 0)
(2.6 3.2 0)
(2.8 3.2 0)
(3 3.2 0)
(3.2 3.2 0)
(3.4 3.2 0)
(3.6 3.2 0)
(3.8 3.2 0)
(4 3.2 0)
(4.2 3.2 0)
(4.4 3.2 0)
(4.6 3.2 0)
(4.8 3.2 0)
(5 3.2 0)
(5.2 3.2 0)
(5.4 3.2 0)
(5.6 3.2 0)
(5.8 3.2 0)
(6 3.2 0)
(6.2 3.2 0)
(6.4 3.2 0)
(6.6 3.2 0)
(6.8 3.2 0)
(7 3.2 0)
(7.2 3.2 0)
(7.4 3.2 0)
(7.6 3.2 0)
(7.8 3.2 0)
(8 3.2 0)
(8.2 3.2 0)
(8.4 3.2 0)
(8.6 3.2 0)
(8.8 3.2 0)
(9 3.2 0)
(9.2 3.2 0)
(9.4 3.2 0)
(9.6 3.2 0)
(9.8 3.2 0)
(10 3.2 0)
(10.2 3.2 0)
(10.4 3.2 0)
(10.6 3.2 0)
(10.8 3.2 0)
(11 3.2 0)
(11.2 3.2 0)
(11.4 3.2 0)
(11.6 3.2 0)
(11.8 3.2 0)
(12 3.2 0)
(12.2 3.2 0)
(12.4 3.2 0)
(12.6 3.2 0)
(12.8 3.2 0)
(13 3.2 0)
(13.2 3.2 0)
(13.4 3.2 0)
(13.6 3.2 0)
(13.8 3.2 0)
(14 3.2 0)
(14.2 3.2 0)
(14.4 3.2 0)
(14.6 3.2 0)
(14.8 3.2 0)
(15 3.2 0)
(-5 3.4 0)
(-4.8 3.4 0)
(-4.6 3.4 0)
(-4.4 3.4 0)
(-4.2 3.4 0)
(-4 3.4 0)
(-3.8 3.4 0)
(-3.6 3.4 0)
(-3.4 3.4 0)
(-3.2 3.4 0)
(-3 3.4 0)
(-2.8 3.4 0)
(-2.6 3.4 0)
(-2.4 3.4 0)
(-2.2 3.4 0)
(-2 3.4 0)
(-1.8 3.4 0)
(-1.6 3.4 0)
(-1.4 3.4 0)
(-1.2 3.4 0)
(-1 3.4 0)
(-0.8 3.4 0)
(-0.6 3.4 0)
(-0.4 3.4 0)
(-0.2 3.4 0)
(-6.78217e-18 3.4 0)
(0.2 3.4 0)
(0.4 3.4 0)
(0.6 3.4 0)
(0.8 3.4 0)
(1 3.4 0)
(1.2 3.4 0)
(1.4 3.4 0)
(1.6 3.4 0)
(1.8 3.4 0)
(2 3.4 0)
(2.2 3.4 0)
(2.4 3.4 0)
(2.6 3.4 0)
(2.8 3.4 0)
(3 3.4 0)
(3.2 3.4 0)
(3.4 3.4 0)
(3.6 3.4 0)
(3.8 3.4 0)
(4 3.4 0)
(4.2 3.4 0)
(4.4 3.4 0)
(4.6 3.4 0)
(4.8 3.4 0)
(5 3.4 0)
(5.2 3.4 0)
(5.4 3.4 0)
(5.6 3.4 0)
(5.8 3.4 0)
(6 3.4 0)
(6.2 3.4 0)
(6.4 3.4 0)
(6.6 3.4 0)
(6.8 3.4 0)
(7 3.4 0)
(7.2 3.4 0)
(7.4 3.4 0)
(7.6 3.4 0)
(7.8 3.4 0)
(8 3.4 0)
(8.2 3.4 0)
(8.4 3.4 0)
(8.6 3.4 0)
(8.8 3.4 0)
(9 3.4 0)
(9.2 3.4 0)
(9.4 3.4 0)
(9.6 3.4 0)
(9.8 3.4 0)
(10 3.4 0)
(10.2 3.4 0)
(10.4 3.4 0)
(10.6 3.4 0)
(10.8 3.4 0)
(11 3.4 0)
(11.2 3.4 0)
(11.4 3.4 0)
(11.6 3.4 0)
(11.8 3.4 0)
(12 3.4 0)
(12.2 3.4 0)
(12.4 3.4 0)
(12.6 3.4 0)
(12.8 3.4 0)
(13 3.4 0)
(13.2 3.4 0)
(13.4 3.4 0)
(13.6 3.4 0)
(13.8 3.4 0)
(14 3.4 0)
(14.2 3.4 0)
(14.4 3.4 0)
(14.6 3.4 0)
(14.8 3.4 0)
(15 3.4 0)
(-5 3.6 0)
(-4.8 3.6 0)
(-4.6 3.6 0)
(-4.4 3.6 0)
(-4.2 3.6 0)
(-4 3.6 0)
(-3.8 3.6 0)
(-3.6 3.6 0)
(-3.4 3.6 0)
(-3.2 3.6 0)
(-3 3.6 0)
(-2.8 3.6 0)
(-2.6 3.6 0)
(-2.4 3.6 0)
(-2.2 3.6 0)
(-2 3.6 0)
(-1.8 3.6 0)
(-1.6 3.6 0)
(-1.4 3.6 0)
(-1.2 3.6 0)
(-1 3.6 0)
(-0.8 3.6 0)
(-0.6 3.6 0)
(-0.4 3.6 0)
(-0.2 3.6 0)
(-5.26237e-19 3.6 0)
(0.2 3.6 0)
(0.4 3.6 0)
(0.6 3.6 0)
(0.8 3.6 0)
(1 3.6 0)
(1.2 3.6 0)
(1.4 3.6 0)
(1.6 3.6 0)
(1.8 3.6 0)
(2 3.6 0)
(2.2 3.6 0)
(2.4 3.6 0)
(2.6 3.6 0)
(2.8 3.6 0)
(3 3.6 0)
(3.2 3.6 0)
(3.4 3.6 0)
(3.6 3.6 0)
(3.8 3.6 0)
(4 3.6 0)
(4.2 3.6 0)
(4.4 3.6 0)
(4.6 3.6 0)
(4.8 3.6 0)
(5 3.6 0)
(5.2 3.6 0)
(5.4 3.6 0)
(5.6 3.6 0)
(5.8 3.6 0)
(6 3.6 0)
(6.2 3.6 0)
(6.4 3.6 0)
(6.6 3.6 0)
(6.8 3.6 0)
(7 3.6 0)
(7.2 3.6 0)
(7.4 3.6 0)
(7.6 3.6 0)
(7.8 3.6 0)
(8 3.6 0)
(8.2 3.6 0)
(8.4 3.6 0)
(8.6 3.6 0)
(8.8 3.6 0)
(9 3.6 0)
(9.2 3.6 0)
(9.4 3.6 0)
(9.6 3.6 0)
(9.8 3.6 0)
(10 3.6 0)
(10.2 3.6 0)
(10.4 3.6 0)
(10.6 3.6 0)
(10.8 3.6 0)
(11 3.6 0)
(11.2 3.6 0)
(11.4 3.6 0)
(11.6 3.6 0)
(11.8 3.6 0)
(12 3.6 0)
(12.2 3.6 0)
(12.4 3.6 0)
(12.6 3.6 0)
(12.8 3.6 0)
(13 3.6 0)
(13.2 3.6 0)
(13.4 3.6 0)
(13.6 3.6 0)
(13.8 3.6 0)
(14 3.6 0)
(14.2 3.6 0)
(14.4 3.6 0)
(14.6 3.6 0)
(14.8 3.6 0)
(15 3.6 0)
(-5 3.8 0)
(-4.8 3.8 0)
(-4.6 3.8 0)
(-4.4 3.8 0)
(-4.2 3.8 0)
(-4 3.8 0)
(-3.8 3.8 0)
(-3.6 3.8 0)
(-3.4 3.8 0)
(-3.2 3.8 0)
(-3 3.8 0)
(-2.8 3.8 0)
(-2.6 3.8 0)
(-2.4 3.8 0)
(-2.2 3.8 0)
(-2 3.8 0)
(-1.8 3.8 0)
(-1.6 3.8 0)
(-1.4 3.8 0)
(-1.2 3.8 0)
(-1 3.8 0)
(-0.8 3.8 0)
(-0.6 3.8 0)
(-0.4 3.8 0)
(-0.2 3.8 0)
(-1.48065e-16 3.8 0)
(0.2 3.8 0)
(0.4 3.8 0)
(0.6 3.8 0)
(0.8 3.8 0)
(1 3.8 0)
(1.2 3.8 0)
(1.4 3.8 0)
(1.6 3.8 0)
(1.8 3.8 0)
(2 3.8 0)
(2.2 3.8 0)
(2.4 3.8 0)
(2.6 3.8 0)
(2.8 3.8 0)
(3 3.8 0)
(3.2 3.8 0)
(3.4 3.8 0)
(3.6 3.8 0)
(3.8 3.8 0)
(4 3.8 0)
(4.2 3.8 0)
(4.4 3.8 0)
(4.6 3.8 0)
(4.8 3.8 0)
(5 3.8 0)
(5.2 3.8 0)
(5.4 3.8 0)
(5.6 3.8 0)
(5.8 3.8 0)
(6 3.8 0)
(6.2 3.8 0)
(6.4 3.8 0)
(6.6 3.8 0)
(6.8 3.8 0)
(7 3.8 0)
(7.2 3.8 0)
(7.4 3.8 0)
(7.6 3.8 0)
(7.8 3.8 0)
(8 3.8 0)
(8.2 3.8 0)
(8.4 3.8 0)
(8.6 3.8 0)
(8.8 3.8 0)
(9 3.8 0)
(9.2 3.8 0)
(9.4 3.8 0)
(9.6 3.8 0)
(9.8 3.8 0)
(10 3.8 0)
(10.2 3.8 0)
(10.4 3.8 0)
(10.6 3.8 0)
(10.8 3.8 0)
(11 3.8 0)
(11.2 3.8 0)
(11.4 3.8 0)
(11.6 3.8 0)
(11.8 3.8 0)
(12 3.8 0)
(12.2 3.8 0)
(12.4 3.8 0)
(12.6 3.8 0)
(12.8 3.8 0)
(13 3.8 0)
(13.2 3.8 0)
(13.4 3.8 0)
(13.6 3.8 0)
(13.8 3.8 0)
(14 3.8 0)
(14.2 3.8 0)
(14.4 3.8 0)
(14.6 3.8 0)
(14.8 3.8 0)
(15 3.8 0)
(-5 4 0)
(-4.8 4 0)
(-4.6 4 0)
(-4.4 4 0)
(-4.2 4 0)
(-4 4 0)
(-3.8 4 0)
(-3.6 4 0)
(-3.4 4 0)
(-3.2 4 0)
(-3 4 0)
(-2.8 4 0)
(-2.6 4 0)
(-2.4 4 0)
(-2.2 4 0)
(-2 4 0)
(-1.8 4 0)
(-1.6 4 0)
(-1.4 4 0)
(-1.2 4 0)
(-1 4 0)
(-0.8 4 0)
(-0.6 4 0)
(-0.4 4 0)
(-0.2 4 0)
(-2.0574e-21 4 0)
(0.2 4 0)
(0.4 4 0)
(0.6 4 0)
(0.8 4 0)
(1 4 0)
(1.2 4 0)
(1.4 4 0)
(1.6 4 0)
(1.8 4 0)
(2 4 0)
(2.2 4 0)
(2.4 4 0)
(2.6 4 0)
(2.8 4 0)
(3 4 0)
(3.2 4 0)
(3.4 4 0)
(3.6 4 0)
(3.8 4 0)
(4 4 0)
(4.2 4 0)
(4.4 4 0)
(4.6 4 0)
(4.8 4 0)
(5 4 0)
(5.2 4 0)
(5.4 4 0)
(5.6 4 0)
(5.8 4 0)
(6 4 0)
(6.2 4 0)
(6.4 4 0)
(6.6 4 0)
(6.8 4 0)
(7 4 0)
(7.2 4 0)
(7.4 4 0)
(7.6 4 0)
(7.8 4 0)
(8 4 0)
(8.2 4 0)
(8.4 4 0)
(8.6 4 0)
(8.8 4 0)
(9 4 0)
(9.2 4 0)
(9.4 4 0)
(9.6 4 0)
(9.8 4 0)
(10 4 0)
(10.2 4 0)
(10.4 4 0)
(10.6 4 0)
(10.8 4 0)
(11 4 0)
(11.2 4 0)
(11.4 4 0)
(11.6 4 0)
(11.8 4 0)
(12 4 0)
(12.2 4 0)
(12.4 4 0)
(12.6 4 0)
(12.8 4 0)
(13 4 0)
(13.2 4 0)
(13.4 4 0)
(13.6 4 0)
(13.8 4 0)
(14 4 0)
(14.2 4 0)
(14.4 4 0)
(14.6 4 0)
(14.8 4 0)
(15 4 0)
(-5 4.2 0)
(-4.8 4.2 0)
(-4.6 4.2 0)
(-4.4 4.2 0)
(-4.2 4.2 0)
(-4 4.2 0)
(-3.8 4.2 0)
(-3.6 4.2 0)
(-3.4 4.2 0)
(-3.2 4.2 0)
(-3 4.2 0)
(-2.8 4.2 0)
(-2.6 4.2 0)
(-2.4 4.2 0)
(-2.2 4.2 0)
(-2 4.2 0)
(-1.8 4.2 0)
(-1.6 4.2 0)
(-1.4 4.2 0)
(-1.2 4.2 0)
(-1 4.2 0)
(-0.8 4.2 0)
(-0.6 4.2 0)
(-0.4 4.2 0)
(-0.2 4.2 0)
(-1.02196e-22 4.2 0)
(0.2 4.2 0)
(0.4 4.2 0)
(0.6 4.2 0)
(0.8 4.2 0)
(1 4.2 0)
(1.2 4.2 0)
(1.4 4.2 0)
(1.6 4.2 0)
(1.8 4.2 0)
(2 4.2 0)
(2.2 4.2 0)
(2.4 4.2 0)
(2.6 4.2 0)
(2.8 4.2 0)
(3 4.2 0)
(3.2 4.2 0)
(3.4 4.2 0)
(3.6 4.2 0)
(3.8 4.2 0)
(4 4.2 0)
(4.2 4.2 0)
(4.4 4.2 0)
(4.6 4.2 0)
(4.8 4.2 0)
(5 4.2 0)
(5.2 4.2 0)
(5.4 4.2 0)
(5.6 4.2 0)
(5.8 4.2 0)
(6 4.2 0)
(6.2 4.2 0)
(6.4 4.2 0)
(6.6 4.2 0)
(6.8 4.2 0)
(7 4.2 0)
(7.2 4.2 0)
(7.4 4.2 0)
(7.6 4.2 0)
(7.8 4.2 0)
(8 4.2 0)
(8.2 4.2 0)
(8.4 4.2 0)
(8.6 4.2 0)
(8.8 4.2 0)
(9 4.2 0)
(9.2 4.2 0)
(9.4 4.2 0)
(9.6 4.2 0)
(9.8 4.2 0)
(10 4.2 0)
(10.2 4.2 0)
(10.4 4.2 0)
(10.6 4.2 0)
(10.8 4.2 0)
(11 4.2 0)
(11.2 4.2 0)
(11.4 4.2 0)
(11.6 4.2 0)
(11.8 4.2 0)
(12 4.2 0)
(12.2 4.2 0)
(12.4 4.2 0)
(12.6 4.2 0)
(12.8 4.2 0)
(13 4.2 0)
(13.2 4.2 0)
(13.4 4.2 0)
(13.6 4.2 0)
(13.8 4.2 0)
(14 4.2 0)
(14.2 4.2 0)
(14.4 4.2 0)
(14.6 4.2 0)
(14.8 4.2 0)
(15 4.2 0)
(-5 4.4 0)
(-4.8 4.4 0)
(-4.6 4.4 0)
(-4.4 4.4 0)
(-4.2 4.4 0)
(-4 4.4 0)
(-3.8 4.4 0)
(-3.6 4.4 0)
(-3.4 4.4 0)
(-3.2 4.4 0)
(-3 4.4 0)
(-2.8 4.4 0)
(-2.6 4.4 0)
(-2.4 4.4 0)
(-2.2 4.4 0)
(-2 4.4 0)
(-1.8 4.4 0)
(-1.6 4.4 0)
(-1.4 4.4 0)
(-1.2 4.4 0)
(-1 4.4 0)
(-0.8 4.4 0)
(-0.6 4.4 0)
(-0.4 4.4 0)
(-0.2 4.4 0)
(-4.2964e-24 4.4 0)
(0.2 4.4 0)
(0.4 4.4 0)
(0.6 4.4 0)
(0.8 4.4 0)
(1 4.4 0)
(1.2 4.4 0)
(1.4 4.4 0)
(1.6 4.4 0)
(1.8 4.4 0)
(2 4.4 0)
(2.2 4.4 0)
(2.4 4.4 0)
(2.6 4.4 0)
(2.8 4.4 0)
(3 4.4 0)
(3.2 4.4 0)
(3.4 4.4 0)
(3.6 4.4 0)
(3.8 4.4 0)
(4 4.4 0)
(4.2 4.4 0)
(4.4 4.4 0)
(4.6 4.4 0)
(4.8 4.4 0)
(5 4.4 0)
(5.2 4.4 0)
(5.4 4.4 0)
(5.6 4.4 0)
(5.8 4.4 0)
(6 4.4 0)
(6.2 4.4 0)
(6.4 4.4 0)
(6.6 4.4 0)
(6.8 4.4 0)
(7 4.4 0)
(7.2 4.4 0)
(7.4 4.4 0)
(7.6 4.4 0)
(7.8 4.4 0)
(8 4.4 0)
(8.2 4.4 0)
(8.4 4.4 0)
(8.6 4.4 0)
(8.8 4.4 0)
(9 4.4 0)
(9.2 4.4 0)
(9.4 4.4 0)
(9.6 4.4 0)
(9.8 4.4 0)
(10 4.4 0)
(10.2 4.4 0)
(10.4 4.4 0)
(10.6 4.4 0)
(10.8 4.4 0)
(11 4.4 0)
(11.2 4.4 0)
(11.4 4.4 0)
(11.6 4.4 0)
(11.8 4.4 0)
(12 4.4 0)
(12.2 4.4 0)
(12.4 4.4 0)
(12.6 4.4 0)
(12.8 4.4 0)
(13 4.4 0)
(13.2 4.4 0)
(13.4 4.4 0)
(13.6 4.4 0)
(13.8 4.4 0)
(14 4.4 0)
(14.2 4.4 0)
(14.4 4.4 0)
(14.6 4.4 0)
(14.8 4.4 0)
(15 4.4 0)
(-5 4.6 0)
(-4.8 4.6 0)
(-4.6 4.6 0)
(-4.4 4.6 0)
(-4.2 4.6 0)
(-4 4.6 0)
(-3.8 4.6 0)
(-3.6 4.6 0)
(-3.4 4.6 0)
(-3.2 4.6 0)
(-3 4.6 0)
(-2.8 4.6 0)
(-2.6 4.6 0)
(-2.4 4.6 0)
(-2.2 4.6 0)
(-2 4.6 0)
(-1.8 4.6 0)
(-1.6 4.6 0)
(-1.4 4.6 0)
(-1.2 4.6 0)
(-1 4.6 0)
(-0.8 4.6 0)
(-0.6 4.6 0)
(-0.4 4.6 0)
(-0.2 4.6 0)
(-1.50695e-25 4.6 0)
(0.2 4.6 0)
(0.4 4.6 0)
(0.6 4.6 0)
(0.8 4.6 0)
(1 4.6 0)
(1.2 4.6 0)
(1.4 4.6 0)
(1.6 4.6 0)
(1.8 4.6 0)
(2 4.6 0)
(2.2 4.6 0)
(2.4 4.6 0)
(2.6 4.6 0)
(2.8 4.6 0)
(3 4.6 0)
(3.2 4.6 0)
(3.4 4.6 0)
(3.6 4.6 0)
(3.8 4.6 0)
(4 4.6 0)
(4.2 4.6 0)
(4.4 4.6 0)
(4.6 4.6 0)
(4.8 4.6 0)
(5 4.6 0)
(5.2 4.6 0)
(5.4 4.6 0)
(5.6 4.6 0)
(5.8 4.6 0)
(6 4.6 0)
(6.2 4.6 0)
(6.4 4.6 0)
(6.6 4.6 0)
(6.8 4.6 0)
(7 4.6 0)
(7.2 4.6 0)
(7.4 4.6 0)
(7.6 4.6 0)
(7.8 4.6 0)
(8 4.6 0)
(8.2 4.6 0)
(8.4 4.6 0)
(8.6 4.6 0)
(8.8 4.6 0)
(9 4.6 0)
(9.2 4.6 0)
(9.4 4.6 0)
(9.6 4.6 0)
(9.8 4.6 0)
(10 4.6 0)
(10.2 4.6 0)
(10.4 4.6 0)
(10.6 4.6 0)
(10.8 4.6 0)
(11 4.6 0)
(11.2 4.6 0)
(11.4 4.6 0)
(11.6 4.6 0)
(11.8 4.6 0)
(12 4.6 0)
(12.2 4.6 0)
(12.4 4.6 0)
(12.6 4.6 0)
(12.8 4.6 0)
(13 4.6 0)
(13.2 4.6 0)
(13.4 4.6 0)
(13.6 4.6 0)
(13.8 4.6 0)
(14 4.6 0)
(14.2 4.6 0)
(14.4 4.6 0)
(14.6 4.6 0)
(14.8 4.6 0)
(15 4.6 0)
(-5 4.8 0)
(-4.8 4.8 0)
(-4.6 4.8 0)
(-4.4 4.8 0)
(-4.2 4.8 0)
(-4 4.8 0)
(-3.8 4.8 0)
(-3.6 4.8 0)
(-3.4 4.8 0)
(-3.2 4.8 0)
(-3 4.8 0)
(-2.8 4.8 0)
(-2.6 4.8 0)
(-2.4 4.8 0)
(-2.2 4.8 0)
(-2 4.8 0)
(-1.8 4.8 0)
(-1.6 4.8 0)
(-1.4 4.8 0)
(-1.2 4.8 0)
(-1 4.8 0)
(-0.8 4.8 0)
(-0.6 4.8 0)
(-0.4 4.8 0)
(-0.2 4.8 0)
(-4.3216e-27 4.8 0)
(0.2 4.8 0)
(0.4 4.8 0)
(0.6 4.8 0)
(0.8 4.8 0)
(1 4.8 0)
(1.2 4.8 0)
(1.4 4.8 0)
(1.6 4.8 0)
(1.8 4.8 0)
(2 4.8 0)
(2.2 4.8 0)
(2.4 4.8 0)
(2.6 4.8 0)
(2.8 4.8 0)
(3 4.8 0)
(3.2 4.8 0)
(3.4 4.8 0)
(3.6 4.8 0)
(3.8 4.8 0)
(4 4.8 0)
(4.2 4.8 0)
(4.4 4.8 0)
(4.6 4.8 0)
(4.8 4.8 0)
(5 4.8 0)
(5.2 4.8 0)
(5.4 4.8 0)
(5.6 4.8 0)
(5.8 4.8 0)
(6 4.8 0)
(6.2 4.8 0)
(6.4 4.8 0)
(6.6 4.8 0)
(6.8 4.8 0)
(7 4.8 0)
(7.2 4.8 0)
(7.4 4.8 0)
(7.6 4.8 0)
(7.8 4.8 0)
(8 4.8 0)
(8.2 4.8 0)
(8.4 4.8 0)
(8.6 4.8 0)
(8.8 4.8 0)
(9 4.8 0)
(9.2 4.8 0)
(9.4 4.8 0)
(9.6 4.8 0)
(9.8 4.8 0)
(10 4.8 0)
(10.2 4.8 0)
(10.4 4.8 0)
(10.6 4.8 0)
(10.8 4.8 0)
(11 4.8 0)
(11.2 4.8 0)
(11.4 4.8 0)
(11.6 4.8 0)
(11.8 4.8 0)
(12 4.8 0)
(12.2 4.8 0)
(12.4 4.8 0)
(12.6 4.8 0)
(12.8 4.8 0)
(13 4.8 0)
(13.2 4.8 0)
(13.4 4.8 0)
(13.6 4.8 0)
(13.8 4.8 0)
(14 4.8 0)
(14.2 4.8 0)
(14.4 4.8 0)
(14.6 4.8 0)
(14.8 4.8 0)
(15 4.8 0)
(-5 5 0)
(-4.8 5 0)
(-4.6 5 0)
(-4.4 5 0)
(-4.2 5 0)
(-4 5 0)
(-3.8 5 0)
(-3.6 5 0)
(-3.4 5 0)
(-3.2 5 0)
(-3 5 0)
(-2.8 5 0)
(-2.6 5 0)
(-2.4 5 0)
(-2.2 5 0)
(-2 5 0)
(-1.8 5 0)
(-1.6 5 0)
(-1.4 5 0)
(-1.2 5 0)
(-1 5 0)
(-0.8 5 0)
(-0.6 5 0)
(-0.4 5 0)
(-0.2 5 0)
(-1.23923e-28 5 0)
(0.2 5 0)
(0.4 5 0)
(0.6 5 0)
(0.8 5 0)
(1 5 0)
(1.2 5 0)
(1.4 5 0)
(1.6 5 0)
(1.8 5 0)
(2 5 0)
(2.2 5 0)
(2.4 5 0)
(2.6 5 0)
(2.8 5 0)
(3 5 0)
(3.2 5 0)
(3.4 5 0)
(3.6 5 0)
(3.8 5 0)
(4 5 0)
(4.2 5 0)
(4.4 5 0)
(4.6 5 0)
(4.8 5 0)
(5 5 0)
(5.2 5 0)
(5.4 5 0)
(5.6 5 0)
(5.8 5 0)
(6 5 0)
(6.2 5 0)
(6.4 5 0)
(6.6 5 0)
(6.8 5 0)
(7 5 0)
(7.2 5 0)
(7.4 5 0)
(7.6 5 0)
(7.8 5 0)
(8 5 0)
(8.2 5 0)
(8.4 5 0)
(8.6 5 0)
(8.8 5 0)
(9 5 0)
(9.2 5 0)
(9.4 5 0)
(9.6 5 0)
(9.8 5 0)
(10 5 0)
(10.2 5 0)
(10.4 5 0)
(10.6 5 0)
(10.8 5 0)
(11 5 0)
(11.2 5 0)
(11.4 5 0)
(11.6 5 0)
(11.8 5 0)
(12 5 0)
(12.2 5 0)
(12.4 5 0)
(12.6 5 0)
(12.8 5 0)
(13 5 0)
(13.2 5 0)
(13.4 5 0)
(13.6 5 0)
(13.8 5 0)
(14 5 0)
(14.2 5 0)
(14.4 5 0)
(14.6 5 0)
(14.8 5 0)
(15 5 0)
(-5 -5 0.1)
(-4.8 -5 0.1)
(-4.6 -5 0.1)
(-4.4 -5 0.1)
(-4.2 -5 0.1)
(-4 -5 0.1)
(-3.8 -5 0.1)
(-3.6 -5 0.1)
(-3.4 -5 0.1)
(-3.2 -5 0.1)
(-3 -5 0.1)
(-2.8 -5 0.1)
(-2.6 -5 0.1)
(-2.4 -5 0.1)
(-2.2 -5 0.1)
(-2 -5 0.1)
(-1.8 -5 0.1)
(-1.6 -5 0.1)
(-1.4 -5 0.1)
(-1.2 -5 0.1)
(-1 -5 0.1)
(-0.8 -5 0.1)
(-0.6 -5 0.1)
(-0.4 -5 0.1)
(-0.2 -5 0.1)
(-3.36936e-29 -5 0.1)
(0.2 -5 0.1)
(0.4 -5 0.1)
(0.6 -5 0.1)
(0.8 -5 0.1)
(1 -5 0.1)
(1.2 -5 0.1)
(1.4 -5 0.1)
(1.6 -5 0.1)
(1.8 -5 0.1)
(2 -5 0.1)
(2.2 -5 0.1)
(2.4 -5 0.1)
(2.6 -5 0.1)
(2.8 -5 0.1)
(3 -5 0.1)
(3.2 -5 0.1)
(3.4 -5 0.1)
(3.6 -5 0.1)
(3.8 -5 0.1)
(4 -5 0.1)
(4.2 -5 0.1)
(4.4 -5 0.1)
(4.6 -5 0.1)
(4.8 -5 0.1)
(5 -5 0.1)
(5.2 -5 0.1)
(5.4 -5 0.1)
(5.6 -5 0.1)
(5.8 -5 0.1)
(6 -5 0.1)
(6.2 -5 0.1)
(6.4 -5 0.1)
(6.6 -5 0.1)
(6.8 -5 0.1)
(7 -5 0.1)
(7.2 -5 0.1)
(7.4 -5 0.1)
(7.6 -5 0.1)
(7.8 -5 0.1)
(8 -5 0.1)
(8.2 -5 0.1)
(8.4 -5 0.1)
(8.6 -5 0.1)
(8.8 -5 0.1)
(9 -5 0.1)
(9.2 -5 0.1)
(9.4 -5 0.1)
(9.6 -5 0.1)
(9.8 -5 0.1)
(10 -5 0.1)
(10.2 -5 0.1)
(10.4 -5 0.1)
(10.6 -5 0.1)
(10.8 -5 0.1)
(11 -5 0.1)
(11.2 -5 0.1)
(11.4 -5 0.1)
(11.6 -5 0.1)
(11.8 -5 0.1)
(12 -5 0.1)
(12.2 -5 0.1)
(12.4 -5 0.1)
(12.6 -5 0.1)
(12.8 -5 0.1)
(13 -5 0.1)
(13.2 -5 0.1)
(13.4 -5 0.1)
(13.6 -5 0.1)
(13.8 -5 0.1)
(14 -5 0.1)
(14.2 -5 0.1)
(14.4 -5 0.1)
(14.6 -5 0.1)
(14.8 -5 0.1)
(15 -5 0.1)
(-5 -4.8 0.1)
(-4.8 -4.8 0.1)
(-4.6 -4.8 0.1)
(-4.4 -4.8 0.1)
(-4.2 -4.8 0.1)
(-4 -4.8 0.1)
(-3.8 -4.8 0.1)
(-3.6 -4.8 0.1)
(-3.4 -4.8 0.1)
(-3.2 -4.8 0.1)
(-3 -4.8 0.1)
(-2.8 -4.8 0.1)
(-2.6 -4.8 0.1)
(-2.4 -4.8 0.1)
(-2.2 -4.8 0.1)
(-2 -4.8 0.1)
(-1.8 -4.8 0.1)
(-1.6 -4.8 0.1)
(-1.4 -4.8 0.1)
(-1.2 -4.8 0.1)
(-1 -4.8 0.1)
(-0.8 -4.8 0.1)
(-0.6 -4.8 0.1)
(-0.4 -4.8 0.1)
(-0.2 -4.8 0.1)
(3.38233e-27 -4.8 0.1)
(0.2 -4.8 0.1)
(0.4 -4.8 0.1)
(0.6 -4.8 0.1)
(0.8 -4.8 0.1)
(1 -4.8 0.1)
(1.2 -4.8 0.1)
(1.4 -4.8 0.1)
(1.6 -4.8 0.1)
(1.8 -4.8 0.1)
(2 -4.8 0.1)
(2.2 -4.8 0.1)
(2.4 -4.8 0.1)
(2.6 -4.8 0.1)
(2.8 -4.8 0.1)
(3 -4.8 0.1)
(3.2 -4.8 0.1)
(3.4 -4.8 0.1)
(3.6 -4.8 0.1)
(3.8 -4.8 0.1)
(4 -4.8 0.1)
(4.2 -4.8 0.1)
(4.4 -4.8 0.1)
(4.6 -4.8 0.1)
(4.8 -4.8 0.1)
(5 -4.8 0.1)
(5.2 -4.8 0.1)
(5.4 -4.8 0.1)
(5.6 -4.8 0.1)
(5.8 -4.8 0.1)
(6 -4.8 0.1)
(6.2 -4.8 0.1)
(6.4 -4.8 0.1)
(6.6 -4.8 0.1)
(6.8 -4.8 0.1)
(7 -4.8 0.1)
(7.2 -4.8 0.1)
(7.4 -4.8 0.1)
(7.6 -4.8 0.1)
(7.8 -4.8 0.1)
(8 -4.8 0.1)
(8.2 -4.8 0.1)
(8.4 -4.8 0.1)
(8.6 -4.8 0.1)
(8.8 -4.8 0.1)
(9 -4.8 0.1)
(9.2 -4.8 0.1)
(9.4 -4.8 0.1)
(9.6 -4.8 0.1)
(9.8 -4.8 0.1)
(10 -4.8 0.1)
(10.2 -4.8 0.1)
(10.4 -4.8 0.1)
(10.6 -4.8 0.1)
(10.8 -4.8 0.1)
(11 -4.8 0.1)
(11.2 -4.8 0.1)
(11.4 -4.8 0.1)
(11.6 -4.8 0.1)
(11.8 -4.8 0.1)
(12 -4.8 0.1)
(12.2 -4.8 0.1)
(12.4 -4.8 0.1)
(12.6 -4.8 0.1)
(12.8 -4.8 0.1)
(13 -4.8 0.1)
(13.2 -4.8 0.1)
(13.4 -4.8 0.1)
(13.6 -4.8 0.1)
(13.8 -4.8 0.1)
(14 -4.8 0.1)
(14.2 -4.8 0.1)
(14.4 -4.8 0.1)
(14.6 -4.8 0.1)
(14.8 -4.8 0.1)
(15 -4.8 0.1)
(-5 -4.6 0.1)
(-4.8 -4.6 0.1)
(-4.6 -4.6 0.1)
(-4.4 -4.6 0.1)
(-4.2 -4.6 0.1)
(-4 -4.6 0.1)
(-3.8 -4.6 0.1)
(-3.6 -4.6 0.1)
(-3.4 -4.6 0.1)
(-3.2 -4.6 0.1)
(-3 -4.6 0.1)
(-2.8 -4.6 0.1)
(-2.6 -4.6 0.1)
(-2.4 -4.6 0.1)
(-2.2 -4.6 0.1)
(-2 -4.6 0.1)
(-1.8 -4.6 0.1)
(-1.6 -4.6 0.1)
(-1.4 -4.6 0.1)
(-1.2 -4.6 0.1)
(-1 -4.6 0.1)
(-0.8 -4.6 0.1)
(-0.6 -4.6 0.1)
(-0.4 -4.6 0.1)
(-0.2 -4.6 0.1)
(2.0381e-25 -4.6 0.1)
(0.2 -4.6 0.1)
(0.4 -4.6 0.1)
(0.6 -4.6 0.1)
(0.8 -4.6 0.1)
(1 -4.6 0.1)
(1.2 -4.6 0.1)
(1.4 -4.6 0.1)
(1.6 -4.6 0.1)
(1.8 -4.6 0.1)
(2 -4.6 0.1)
(2.2 -4.6 0.1)
(2.4 -4.6 0.1)
(2.6 -4.6 0.1)
(2.8 -4.6 0.1)
(3 -4.6 0.1)
(3.2 -4.6 0.1)
(3.4 -4.6 0.1)
(3.6 -4.6 0.1)
(3.8 -4.6 0.1)
(4 -4.6 0.1)
(4.2 -4.6 0.1)
(4.4 -4.6 0.1)
(4.6 -4.6 0.1)
(4.8 -4.6 0.1)
(5 -4.6 0.1)
(5.2 -4.6 0.1)
(5.4 -4.6 0.1)
(5.6 -4.6 0.1)
(5.8 -4.6 0.1)
(6 -4.6 0.1)
(6.2 -4.6 0.1)
(6.4 -4.6 0.1)
(6.6 -4.6 0.1)
(6.8 -4.6 0.1)
(7 -4.6 0.1)
(7.2 -4.6 0.1)
(7.4 -4.6 0.1)
(7.6 -4.6 0.1)
(7.8 -4.6 0.1)
(8 -4.6 0.1)
(8.2 -4.6 0.1)
(8.4 -4.6 0.1)
(8.6 -4.6 0.1)
(8.8 -4.6 0.1)
(9 -4.6 0.1)
(9.2 -4.6 0.1)
(9.4 -4.6 0.1)
(9.6 -4.6 0.1)
(9.8 -4.6 0.1)
(10 -4.6 0.1)
(10.2 -4.6 0.1)
(10.4 -4.6 0.1)
(10.6 -4.6 0.1)
(10.8 -4.6 0.1)
(11 -4.6 0.1)
(11.2 -4.6 0.1)
(11.4 -4.6 0.1)
(11.6 -4.6 0.1)
(11.8 -4.6 0.1)
(12 -4.6 0.1)
(12.2 -4.6 0.1)
(12.4 -4.6 0.1)
(12.6 -4.6 0.1)
(12.8 -4.6 0.1)
(13 -4.6 0.1)
(13.2 -4.6 0.1)
(13.4 -4.6 0.1)
(13.6 -4.6 0.1)
(13.8 -4.6 0.1)
(14 -4.6 0.1)
(14.2 -4.6 0.1)
(14.4 -4.6 0.1)
(14.6 -4.6 0.1)
(14.8 -4.6 0.1)
(15 -4.6 0.1)
(-5 -4.4 0.1)
(-4.8 -4.4 0.1)
(-4.6 -4.4 0.1)
(-4.4 -4.4 0.1)
(-4.2 -4.4 0.1)
(-4 -4.4 0.1)
(-3.8 -4.4 0.1)
(-3.6 -4.4 0.1)
(-3.4 -4.4 0.1)
(-3.2 -4.4 0.1)
(-3 -4.4 0.1)
(-2.8 -4.4 0.1)
(-2.6 -4.4 0.1)
(-2.4 -4.4 0.1)
(-2.2 -4.4 0.1)
(-2 -4.4 0.1)
(-1.8 -4.4 0.1)
(-1.6 -4.4 0.1)
(-1.4 -4.4 0.1)
(-1.2 -4.4 0.1)
(-1 -4.4 0.1)
(-0.8 -4.4 0.1)
(-0.6 -4.4 0.1)
(-0.4 -4.4 0.1)
(-0.2 -4.4 0.1)
(7.61818e-24 -4.4 0.1)
(0.2 -4.4 0.1)
(0.4 -4.4 0.1)
(0.6 -4.4 0.1)
(0.8 -4.4 0.1)
(1 -4.4 0.1)
(1.2 -4.4 0.1)
(1.4 -4.4 0.1)
(1.6 -4.4 0.1)
(1.8 -4.4 0.1)
(2 -4.4 0.1)
(2.2 -4.4 0.1)
(2.4 -4.4 0.1)
(2.6 -4.4 0.1)
(2.8 -4.4 0.1)
(3 -4.4 0.1)
(3.2 -4.4 0.1)
(3.4 -4.4 0.1)
(3.6 -4.4 0.1)
(3.8 -4.4 0.1)
(4 -4.4 0.1)
(4.2 -4.4 0.1)
(4.4 -4.4 0.1)
(4.6 -4.4 0.1)
(4.8 -4.4 0.1)
(5 -4.4 0.1)
(5.2 -4.4 0.1)
(5.4 -4.4 0.1)
(5.6 -4.4 0.1)
(5.8 -4.4 0.1)
(6 -4.4 0.1)
(6.2 -4.4 0.1)
(6.4 -4.4 0.1)
(6.6 -4.4 0.1)
(6.8 -4.4 0.1)
(7 -4.4 0.1)
(7.2 -4.4 0.1)
(7.4 -4.4 0.1)
(7.6 -4.4 0.1)
(7.8 -4.4 0.1)
(8 -4.4 0.1)
(8.2 -4.4 0.1)
(8.4 -4.4 0.1)
(8.6 -4.4 0.1)
(8.8 -4.4 0.1)
(9 -4.4 0.1)
(9.2 -4.4 0.1)
(9.4 -4.4 0.1)
(9.6 -4.4 0.1)
(9.8 -4.4 0.1)
(10 -4.4 0.1)
(10.2 -4.4 0.1)
(10.4 -4.4 0.1)
(10.6 -4.4 0.1)
(10.8 -4.4 0.1)
(11 -4.4 0.1)
(11.2 -4.4 0.1)
(11.4 -4.4 0.1)
(11.6 -4.4 0.1)
(11.8 -4.4 0.1)
(12 -4.4 0.1)
(12.2 -4.4 0.1)
(12.4 -4.4 0.1)
(12.6 -4.4 0.1)
(12.8 -4.4 0.1)
(13 -4.4 0.1)
(13.2 -4.4 0.1)
(13.4 -4.4 0.1)
(13.6 -4.4 0.1)
(13.8 -4.4 0.1)
(14 -4.4 0.1)
(14.2 -4.4 0.1)
(14.4 -4.4 0.1)
(14.6 -4.4 0.1)
(14.8 -4.4 0.1)
(15 -4.4 0.1)
(-5 -4.2 0.1)
(-4.8 -4.2 0.1)
(-4.6 -4.2 0.1)
(-4.4 -4.2 0.1)
(-4.2 -4.2 0.1)
(-4 -4.2 0.1)
(-3.8 -4.2 0.1)
(-3.6 -4.2 0.1)
(-3.4 -4.2 0.1)
(-3.2 -4.2 0.1)
(-3 -4.2 0.1)
(-2.8 -4.2 0.1)
(-2.6 -4.2 0.1)
(-2.4 -4.2 0.1)
(-2.2 -4.2 0.1)
(-2 -4.2 0.1)
(-1.8 -4.2 0.1)
(-1.6 -4.2 0.1)
(-1.4 -4.2 0.1)
(-1.2 -4.2 0.1)
(-1 -4.2 0.1)
(-0.8 -4.2 0.1)
(-0.6 -4.2 0.1)
(-0.4 -4.2 0.1)
(-0.2 -4.2 0.1)
(2.13432e-22 -4.2 0.1)
(0.2 -4.2 0.1)
(0.4 -4.2 0.1)
(0.6 -4.2 0.1)
(0.8 -4.2 0.1)
(1 -4.2 0.1)
(1.2 -4.2 0.1)
(1.4 -4.2 0.1)
(1.6 -4.2 0.1)
(1.8 -4.2 0.1)
(2 -4.2 0.1)
(2.2 -4.2 0.1)
(2.4 -4.2 0.1)
(2.6 -4.2 0.1)
(2.8 -4.2 0.1)
(3 -4.2 0.1)
(3.2 -4.2 0.1)
(3.4 -4.2 0.1)
(3.6 -4.2 0.1)
(3.8 -4.2 0.1)
(4 -4.2 0.1)
(4.2 -4.2 0.1)
(4.4 -4.2 0.1)
(4.6 -4.2 0.1)
(4.8 -4.2 0.1)
(5 -4.2 0.1)
(5.2 -4.2 0.1)
(5.4 -4.2 0.1)
(5.6 -4.2 0.1)
(5.8 -4.2 0.1)
(6 -4.2 0.1)
(6.2 -4.2 0.1)
(6.4 -4.2 0.1)
(6.6 -4.2 0.1)
(6.8 -4.2 0.1)
(7 -4.2 0.1)
(7.2 -4.2 0.1)
(7.4 -4.2 0.1)
(7.6 -4.2 0.1)
(7.8 -4.2 0.1)
(8 -4.2 0.1)
(8.2 -4.2 0.1)
(8.4 -4.2 0.1)
(8.6 -4.2 0.1)
(8.8 -4.2 0.1)
(9 -4.2 0.1)
(9.2 -4.2 0.1)
(9.4 -4.2 0.1)
(9.6 -4.2 0.1)
(9.8 -4.2 0.1)
(10 -4.2 0.1)
(10.2 -4.2 0.1)
(10.4 -4.2 0.1)
(10.6 -4.2 0.1)
(10.8 -4.2 0.1)
(11 -4.2 0.1)
(11.2 -4.2 0.1)
(11.4 -4.2 0.1)
(11.6 -4.2 0.1)
(11.8 -4.2 0.1)
(12 -4.2 0.1)
(12.2 -4.2 0.1)
(12.4 -4.2 0.1)
(12.6 -4.2 0.1)
(12.8 -4.2 0.1)
(13 -4.2 0.1)
(13.2 -4.2 0.1)
(13.4 -4.2 0.1)
(13.6 -4.2 0.1)
(13.8 -4.2 0.1)
(14 -4.2 0.1)
(14.2 -4.2 0.1)
(14.4 -4.2 0.1)
(14.6 -4.2 0.1)
(14.8 -4.2 0.1)
(15 -4.2 0.1)
(-5 -4 0.1)
(-4.8 -4 0.1)
(-4.6 -4 0.1)
(-4.4 -4 0.1)
(-4.2 -4 0.1)
(-4 -4 0.1)
(-3.8 -4 0.1)
(-3.6 -4 0.1)
(-3.4 -4 0.1)
(-3.2 -4 0.1)
(-3 -4 0.1)
(-2.8 -4 0.1)
(-2.6 -4 0.1)
(-2.4 -4 0.1)
(-2.2 -4 0.1)
(-2 -4 0.1)
(-1.8 -4 0.1)
(-1.6 -4 0.1)
(-1.4 -4 0.1)
(-1.2 -4 0.1)
(-1 -4 0.1)
(-0.8 -4 0.1)
(-0.6 -4 0.1)
(-0.4 -4 0.1)
(-0.2 -4 0.1)
(-1.84989e-17 -4 0.1)
(0.2 -4 0.1)
(0.4 -4 0.1)
(0.6 -4 0.1)
(0.8 -4 0.1)
(1 -4 0.1)
(1.2 -4 0.1)
(1.4 -4 0.1)
(1.6 -4 0.1)
(1.8 -4 0.1)
(2 -4 0.1)
(2.2 -4 0.1)
(2.4 -4 0.1)
(2.6 -4 0.1)
(2.8 -4 0.1)
(3 -4 0.1)
(3.2 -4 0.1)
(3.4 -4 0.1)
(3.6 -4 0.1)
(3.8 -4 0.1)
(4 -4 0.1)
(4.2 -4 0.1)
(4.4 -4 0.1)
(4.6 -4 0.1)
(4.8 -4 0.1)
(5 -4 0.1)
(5.2 -4 0.1)
(5.4 -4 0.1)
(5.6 -4 0.1)
(5.8 -4 0.1)
(6 -4 0.1)
(6.2 -4 0.1)
(6.4 -4 0.1)
(6.6 -4 0.1)
(6.8 -4 0.1)
(7 -4 0.1)
(7.2 -4 0.1)
(7.4 -4 0.1)
(7.6 -4 0.1)
(7.8 -4 0.1)
(8 -4 0.1)
(8.2 -4 0.1)
(8.4 -4 0.1)
(8.6 -4 0.1)
(8.8 -4 0.1)
(9 -4 0.1)
(9.2 -4 0.1)
(9.4 -4 0.1)
(9.6 -4 0.1)
(9.8 -4 0.1)
(10 -4 0.1)
(10.2 -4 0.1)
(10.4 -4 0.1)
(10.6 -4 0.1)
(10.8 -4 0.1)
(11 -4 0.1)
(11.2 -4 0.1)
(11.4 -4 0.1)
(11.6 -4 0.1)
(11.8 -4 0.1)
(12 -4 0.1)
(12.2 -4 0.1)
(12.4 -4 0.1)
(12.6 -4 0.1)
(12.8 -4 0.1)
(13 -4 0.1)
(13.2 -4 0.1)
(13.4 -4 0.1)
(13.6 -4 0.1)
(13.8 -4 0.1)
(14 -4 0.1)
(14.2 -4 0.1)
(14.4 -4 0.1)
(14.6 -4 0.1)
(14.8 -4 0.1)
(15 -4 0.1)
(-5 -3.8 0.1)
(-4.8 -3.8 0.1)
(-4.6 -3.8 0.1)
(-4.4 -3.8 0.1)
(-4.2 -3.8 0.1)
(-4 -3.8 0.1)
(-3.8 -3.8 0.1)
(-3.6 -3.8 0.1)
(-3.4 -3.8 0.1)
(-3.2 -3.8 0.1)
(-3 -3.8 0.1)
(-2.8 -3.8 0.1)
(-2.6 -3.8 0.1)
(-2.4 -3.8 0.1)
(-2.2 -3.8 0.1)
(-2 -3.8 0.1)
(-1.8 -3.8 0.1)
(-1.6 -3.8 0.1)
(-1.4 -3.8 0.1)
(-1.2 -3.8 0.1)
(-1 -3.8 0.1)
(-0.8 -3.8 0.1)
(-0.6 -3.8 0.1)
(-0.4 -3.8 0.1)
(-0.2 -3.8 0.1)
(-1.47941e-16 -3.8 0.1)
(0.2 -3.8 0.1)
(0.4 -3.8 0.1)
(0.6 -3.8 0.1)
(0.8 -3.8 0.1)
(1 -3.8 0.1)
(1.2 -3.8 0.1)
(1.4 -3.8 0.1)
(1.6 -3.8 0.1)
(1.8 -3.8 0.1)
(2 -3.8 0.1)
(2.2 -3.8 0.1)
(2.4 -3.8 0.1)
(2.6 -3.8 0.1)
(2.8 -3.8 0.1)
(3 -3.8 0.1)
(3.2 -3.8 0.1)
(3.4 -3.8 0.1)
(3.6 -3.8 0.1)
(3.8 -3.8 0.1)
(4 -3.8 0.1)
(4.2 -3.8 0.1)
(4.4 -3.8 0.1)
(4.6 -3.8 0.1)
(4.8 -3.8 0.1)
(5 -3.8 0.1)
(5.2 -3.8 0.1)
(5.4 -3.8 0.1)
(5.6 -3.8 0.1)
(5.8 -3.8 0.1)
(6 -3.8 0.1)
(6.2 -3.8 0.1)
(6.4 -3.8 0.1)
(6.6 -3.8 0.1)
(6.8 -3.8 0.1)
(7 -3.8 0.1)
(7.2 -3.8 0.1)
(7.4 -3.8 0.1)
(7.6 -3.8 0.1)
(7.8 -3.8 0.1)
(8 -3.8 0.1)
(8.2 -3.8 0.1)
(8.4 -3.8 0.1)
(8.6 -3.8 0.1)
(8.8 -3.8 0.1)
(9 -3.8 0.1)
(9.2 -3.8 0.1)
(9.4 -3.8 0.1)
(9.6 -3.8 0.1)
(9.8 -3.8 0.1)
(10 -3.8 0.1)
(10.2 -3.8 0.1)
(10.4 -3.8 0.1)
(10.6 -3.8 0.1)
(10.8 -3.8 0.1)
(11 -3.8 0.1)
(11.2 -3.8 0.1)
(11.4 -3.8 0.1)
(11.6 -3.8 0.1)
(11.8 -3.8 0.1)
(12 -3.8 0.1)
(12.2 -3.8 0.1)
(12.4 -3.8 0.1)
(12.6 -3.8 0.1)
(12.8 -3.8 0.1)
(13 -3.8 0.1)
(13.2 -3.8 0.1)
(13.4 -3.8 0.1)
(13.6 -3.8 0.1)
(13.8 -3.8 0.1)
(14 -3.8 0.1)
(14.2 -3.8 0.1)
(14.4 -3.8 0.1)
(14.6 -3.8 0.1)
(14.8 -3.8 0.1)
(15 -3.8 0.1)
(-5 -3.6 0.1)
(-4.8 -3.6 0.1)
(-4.6 -3.6 0.1)
(-4.4 -3.6 0.1)
(-4.2 -3.6 0.1)
(-4 -3.6 0.1)
(-3.8 -3.6 0.1)
(-3.6 -3.6 0.1)
(-3.4 -3.6 0.1)
(-3.2 -3.6 0.1)
(-3 -3.6 0.1)
(-2.8 -3.6 0.1)
(-2.6 -3.6 0.1)
(-2.4 -3.6 0.1)
(-2.2 -3.6 0.1)
(-2 -3.6 0.1)
(-1.8 -3.6 0.1)
(-1.6 -3.6 0.1)
(-1.4 -3.6 0.1)
(-1.2 -3.6 0.1)
(-1 -3.6 0.1)
(-0.8 -3.6 0.1)
(-0.6 -3.6 0.1)
(-0.4 -3.6 0.1)
(-0.2 -3.6 0.1)
(1.37916e-18 -3.6 0.1)
(0.2 -3.6 0.1)
(0.4 -3.6 0.1)
(0.6 -3.6 0.1)
(0.8 -3.6 0.1)
(1 -3.6 0.1)
(1.2 -3.6 0.1)
(1.4 -3.6 0.1)
(1.6 -3.6 0.1)
(1.8 -3.6 0.1)
(2 -3.6 0.1)
(2.2 -3.6 0.1)
(2.4 -3.6 0.1)
(2.6 -3.6 0.1)
(2.8 -3.6 0.1)
(3 -3.6 0.1)
(3.2 -3.6 0.1)
(3.4 -3.6 0.1)
(3.6 -3.6 0.1)
(3.8 -3.6 0.1)
(4 -3.6 0.1)
(4.2 -3.6 0.1)
(4.4 -3.6 0.1)
(4.6 -3.6 0.1)
(4.8 -3.6 0.1)
(5 -3.6 0.1)
(5.2 -3.6 0.1)
(5.4 -3.6 0.1)
(5.6 -3.6 0.1)
(5.8 -3.6 0.1)
(6 -3.6 0.1)
(6.2 -3.6 0.1)
(6.4 -3.6 0.1)
(6.6 -3.6 0.1)
(6.8 -3.6 0.1)
(7 -3.6 0.1)
(7.2 -3.6 0.1)
(7.4 -3.6 0.1)
(7.6 -3.6 0.1)
(7.8 -3.6 0.1)
(8 -3.6 0.1)
(8.2 -3.6 0.1)
(8.4 -3.6 0.1)
(8.6 -3.6 0.1)
(8.8 -3.6 0.1)
(9 -3.6 0.1)
(9.2 -3.6 0.1)
(9.4 -3.6 0.1)
(9.6 -3.6 0.1)
(9.8 -3.6 0.1)
(10 -3.6 0.1)
(10.2 -3.6 0.1)
(10.4 -3.6 0.1)
(10.6 -3.6 0.1)
(10.8 -3.6 0.1)
(11 -3.6 0.1)
(11.2 -3.6 0.1)
(11.4 -3.6 0.1)
(11.6 -3.6 0.1)
(11.8 -3.6 0.1)
(12 -3.6 0.1)
(12.2 -3.6 0.1)
(12.4 -3.6 0.1)
(12.6 -3.6 0.1)
(12.8 -3.6 0.1)
(13 -3.6 0.1)
(13.2 -3.6 0.1)
(13.4 -3.6 0.1)
(13.6 -3.6 0.1)
(13.8 -3.6 0.1)
(14 -3.6 0.1)
(14.2 -3.6 0.1)
(14.4 -3.6 0.1)
(14.6 -3.6 0.1)
(14.8 -3.6 0.1)
(15 -3.6 0.1)
(-5 -3.4 0.1)
(-4.8 -3.4 0.1)
(-4.6 -3.4 0.1)
(-4.4 -3.4 0.1)
(-4.2 -3.4 0.1)
(-4 -3.4 0.1)
(-3.8 -3.4 0.1)
(-3.6 -3.4 0.1)
(-3.4 -3.4 0.1)
(-3.2 -3.4 0.1)
(-3 -3.4 0.1)
(-2.8 -3.4 0.1)
(-2.6 -3.4 0.1)
(-2.4 -3.4 0.1)
(-2.2 -3.4 0.1)
(-2 -3.4 0.1)
(-1.8 -3.4 0.1)
(-1.6 -3.4 0.1)
(-1.4 -3.4 0.1)
(-1.2 -3.4 0.1)
(-1 -3.4 0.1)
(-0.8 -3.4 0.1)
(-0.6 -3.4 0.1)
(-0.4 -3.4 0.1)
(-0.2 -3.4 0.1)
(1.80128e-17 -3.4 0.1)
(0.2 -3.4 0.1)
(0.4 -3.4 0.1)
(0.6 -3.4 0.1)
(0.8 -3.4 0.1)
(1 -3.4 0.1)
(1.2 -3.4 0.1)
(1.4 -3.4 0.1)
(1.6 -3.4 0.1)
(1.8 -3.4 0.1)
(2 -3.4 0.1)
(2.2 -3.4 0.1)
(2.4 -3.4 0.1)
(2.6 -3.4 0.1)
(2.8 -3.4 0.1)
(3 -3.4 0.1)
(3.2 -3.4 0.1)
(3.4 -3.4 0.1)
(3.6 -3.4 0.1)
(3.8 -3.4 0.1)
(4 -3.4 0.1)
(4.2 -3.4 0.1)
(4.4 -3.4 0.1)
(4.6 -3.4 0.1)
(4.8 -3.4 0.1)
(5 -3.4 0.1)
(5.2 -3.4 0.1)
(5.4 -3.4 0.1)
(5.6 -3.4 0.1)
(5.8 -3.4 0.1)
(6 -3.4 0.1)
(6.2 -3.4 0.1)
(6.4 -3.4 0.1)
(6.6 -3.4 0.1)
(6.8 -3.4 0.1)
(7 -3.4 0.1)
(7.2 -3.4 0.1)
(7.4 -3.4 0.1)
(7.6 -3.4 0.1)
(7.8 -3.4 0.1)
(8 -3.4 0.1)
(8.2 -3.4 0.1)
(8.4 -3.4 0.1)
(8.6 -3.4 0.1)
(8.8 -3.4 0.1)
(9 -3.4 0.1)
(9.2 -3.4 0.1)
(9.4 -3.4 0.1)
(9.6 -3.4 0.1)
(9.8 -3.4 0.1)
(10 -3.4 0.1)
(10.2 -3.4 0.1)
(10.4 -3.4 0.1)
(10.6 -3.4 0.1)
(10.8 -3.4 0.1)
(11 -3.4 0.1)
(11.2 -3.4 0.1)
(11.4 -3.4 0.1)
(11.6 -3.4 0.1)
(11.8 -3.4 0.1)
(12 -3.4 0.1)
(12.2 -3.4 0.1)
(12.4 -3.4 0.1)
(12.6 -3.4 0.1)
(12.8 -3.4 0.1)
(13 -3.4 0.1)
(13.2 -3.4 0.1)
(13.4 -3.4 0.1)
(13.6 -3.4 0.1)
(13.8 -3.4 0.1)
(14 -3.4 0.1)
(14.2 -3.4 0.1)
(14.4 -3.4 0.1)
(14.6 -3.4 0.1)
(14.8 -3.4 0.1)
(15 -3.4 0.1)
(-5 -3.2 0.1)
(-4.8 -3.2 0.1)
(-4.6 -3.2 0.1)
(-4.4 -3.2 0.1)
(-4.2 -3.2 0.1)
(-4 -3.2 0.1)
(-3.8 -3.2 0.1)
(-3.6 -3.2 0.1)
(-3.4 -3.2 0.1)
(-3.2 -3.2 0.1)
(-3 -3.2 0.1)
(-2.8 -3.2 0.1)
(-2.6 -3.2 0.1)
(-2.4 -3.2 0.1)
(-2.2 -3.2 0.1)
(-2 -3.2 0.1)
(-1.8 -3.2 0.1)
(-1.6 -3.2 0.1)
(-1.4 -3.2 0.1)
(-1.2 -3.2 0.1)
(-1 -3.2 0.1)
(-0.8 -3.2 0.1)
(-0.6 -3.2 0.1)
(-0.4 -3.2 0.1)
(-0.2 -3.2 0.1)
(1.59346e-16 -3.2 0.1)
(0.2 -3.2 0.1)
(0.4 -3.2 0.1)
(0.6 -3.2 0.1)
(0.8 -3.2 0.1)
(1 -3.2 0.1)
(1.2 -3.2 0.1)
(1.4 -3.2 0.1)
(1.6 -3.2 0.1)
(1.8 -3.2 0.1)
(2 -3.2 0.1)
(2.2 -3.2 0.1)
(2.4 -3.2 0.1)
(2.6 -3.2 0.1)
(2.8 -3.2 0.1)
(3 -3.2 0.1)
(3.2 -3.2 0.1)
(3.4 -3.2 0.1)
(3.6 -3.2 0.1)
(3.8 -3.2 0.1)
(4 -3.2 0.1)
(4.2 -3.2 0.1)
(4.4 -3.2 0.1)
(4.6 -3.2 0.1)
(4.8 -3.2 0.1)
(5 -3.2 0.1)
(5.2 -3.2 0.1)
(5.4 -3.2 0.1)
(5.6 -3.2 0.1)
(5.8 -3.2 0.1)
(6 -3.2 0.1)
(6.2 -3.2 0.1)
(6.4 -3.2 0.1)
(6.6 -3.2 0.1)
(6.8 -3.2 0.1)
(7 -3.2 0.1)
(7.2 -3.2 0.1)
(7.4 -3.2 0.1)
(7.6 -3.2 0.1)
(7.8 -3.2 0.1)
(8 -3.2 0.1)
(8.2 -3.2 0.1)
(8.4 -3.2 0.1)
(8.6 -3.2 0.1)
(8.8 -3.2 0.1)
(9 -3.2 0.1)
(9.2 -3.2 0.1)
(9.4 -3.2 0.1)
(9.6 -3.2 0.1)
(9.8 -3.2 0.1)
(10 -3.2 0.1)
(10.2 -3.2 0.1)
(10.4 -3.2 0.1)
(10.6 -3.2 0.1)
(10.8 -3.2 0.1)
(11 -3.2 0.1)
(11.2 -3.2 0.1)
(11.4 -3.2 0.1)
(11.6 -3.2 0.1)
(11.8 -3.2 0.1)
(12 -3.2 0.1)
(12.2 -3.2 0.1)
(12.4 -3.2 0.1)
(12.6 -3.2 0.1)
(12.8 -3.2 0.1)
(13 -3.2 0.1)
(13.2 -3.2 0.1)
(13.4 -3.2 0.1)
(13.6 -3.2 0.1)
(13.8 -3.2 0.1)
(14 -3.2 0.1)
(14.2 -3.2 0.1)
(14.4 -3.2 0.1)
(14.6 -3.2 0.1)
(14.8 -3.2 0.1)
(15 -3.2 0.1)
(-5 -3 0.1)
(-4.8 -3 0.1)
(-4.6 -3 0.1)
(-4.4 -3 0.1)
(-4.2 -3 0.1)
(-4 -3 0.1)
(-3.8 -3 0.1)
(-3.6 -3 0.1)
(-3.4 -3 0.1)
(-3.2 -3 0.1)
(-3 -3 0.1)
(-2.8 -3 0.1)
(-2.6 -3 0.1)
(-2.4 -3 0.1)
(-2.2 -3 0.1)
(-2 -3 0.1)
(-1.8 -3 0.1)
(-1.6 -3 0.1)
(-1.4 -3 0.1)
(-1.2 -3 0.1)
(-1 -3 0.1)
(-0.8 -3 0.1)
(-0.6 -3 0.1)
(-0.4 -3 0.1)
(-0.2 -3 0.1)
(1.40996e-15 -3 0.1)
(0.2 -3 0.1)
(0.4 -3 0.1)
(0.6 -3 0.1)
(0.8 -3 0.1)
(1 -3 0.1)
(1.2 -3 0.1)
(1.4 -3 0.1)
(1.6 -3 0.1)
(1.8 -3 0.1)
(2 -3 0.1)
(2.2 -3 0.1)
(2.4 -3 0.1)
(2.6 -3 0.1)
(2.8 -3 0.1)
(3 -3 0.1)
(3.2 -3 0.1)
(3.4 -3 0.1)
(3.6 -3 0.1)
(3.8 -3 0.1)
(4 -3 0.1)
(4.2 -3 0.1)
(4.4 -3 0.1)
(4.6 -3 0.1)
(4.8 -3 0.1)
(5 -3 0.1)
(5.2 -3 0.1)
(5.4 -3 0.1)
(5.6 -3 0.1)
(5.8 -3 0.1)
(6 -3 0.1)
(6.2 -3 0.1)
(6.4 -3 0.1)
(6.6 -3 0.1)
(6.8 -3 0.1)
(7 -3 0.1)
(7.2 -3 0.1)
(7.4 -3 0.1)
(7.6 -3 0.1)
(7.8 -3 0.1)
(8 -3 0.1)
(8.2 -3 0.1)
(8.4 -3 0.1)
(8.6 -3 0.1)
(8.8 -3 0.1)
(9 -3 0.1)
(9.2 -3 0.1)
(9.4 -3 0.1)
(9.6 -3 0.1)
(9.8 -3 0.1)
(10 -3 0.1)
(10.2 -3 0.1)
(10.4 -3 0.1)
(10.6 -3 0.1)
(10.8 -3 0.1)
(11 -3 0.1)
(11.2 -3 0.1)
(11.4 -3 0.1)
(11.6 -3 0.1)
(11.8 -3 0.1)
(12 -3 0.1)
(12.2 -3 0.1)
(12.4 -3 0.1)
(12.6 -3 0.1)
(12.8 -3 0.1)
(13 -3 0.1)
(13.2 -3 0.1)
(13.4 -3 0.1)
(13.6 -3 0.1)
(13.8 -3 0.1)
(14 -3 0.1)
(14.2 -3 0.1)
(14.4 -3 0.1)
(14.6 -3 0.1)
(14.8 -3 0.1)
(15 -3 0.1)
(-5 -2.8 0.1)
(-4.8 -2.8 0.1)
(-4.6 -2.8 0.1)
(-4.4 -2.8 0.1)
(-4.2 -2.8 0.1)
(-4 -2.8 0.1)
(-3.8 -2.8 0.1)
(-3.6 -2.8 0.1)
(-3.4 -2.8 0.1)
(-3.2 -2.8 0.1)
(-3 -2.8 0.1)
(-2.8 -2.8 0.1)
(-2.6 -2.8 0.1)
(-2.4 -2.8 0.1)
(-2.2 -2.8 0.1)
(-2 -2.8 0.1)
(-1.8 -2.8 0.1)
(-1.6 -2.8 0.1)
(-1.4 -2.8 0.1)
(-1.2 -2.8 0.1)
(-1 -2.8 0.1)
(-0.8 -2.8 0.1)
(-0.6 -2.8 0.1)
(-0.4 -2.8 0.1)
(-0.2 -2.8 0.1)
(1.18975e-14 -2.8 0.1)
(0.2 -2.8 0.1)
(0.4 -2.8 0.1)
(0.6 -2.8 0.1)
(0.8 -2.8 0.1)
(1 -2.8 0.1)
(1.2 -2.8 0.1)
(1.4 -2.8 0.1)
(1.6 -2.8 0.1)
(1.8 -2.8 0.1)
(2 -2.8 0.1)
(2.2 -2.8 0.1)
(2.4 -2.8 0.1)
(2.6 -2.8 0.1)
(2.8 -2.8 0.1)
(3 -2.8 0.1)
(3.2 -2.8 0.1)
(3.4 -2.8 0.1)
(3.6 -2.8 0.1)
(3.8 -2.8 0.1)
(4 -2.8 0.1)
(4.2 -2.8 0.1)
(4.4 -2.8 0.1)
(4.6 -2.8 0.1)
(4.8 -2.8 0.1)
(5 -2.8 0.1)
(5.2 -2.8 0.1)
(5.4 -2.8 0.1)
(5.6 -2.8 0.1)
(5.8 -2.8 0.1)
(6 -2.8 0.1)
(6.2 -2.8 0.1)
(6.4 -2.8 0.1)
(6.6 -2.8 0.1)
(6.8 -2.8 0.1)
(7 -2.8 0.1)
(7.2 -2.8 0.1)
(7.4 -2.8 0.1)
(7.6 -2.8 0.1)
(7.8 -2.8 0.1)
(8 -2.8 0.1)
(8.2 -2.8 0.1)
(8.4 -2.8 0.1)
(8.6 -2.8 0.1)
(8.8 -2.8 0.1)
(9 -2.8 0.1)
(9.2 -2.8 0.1)
(9.4 -2.8 0.1)
(9.6 -2.8 0.1)
(9.8 -2.8 0.1)
(10 -2.8 0.1)
(10.2 -2.8 0.1)
(10.4 -2.8 0.1)
(10.6 -2.8 0.1)
(10.8 -2.8 0.1)
(11 -2.8 0.1)
(11.2 -2.8 0.1)
(11.4 -2.8 0.1)
(11.6 -2.8 0.1)
(11.8 -2.8 0.1)
(12 -2.8 0.1)
(12.2 -2.8 0.1)
(12.4 -2.8 0.1)
(12.6 -2.8 0.1)
(12.8 -2.8 0.1)
(13 -2.8 0.1)
(13.2 -2.8 0.1)
(13.4 -2.8 0.1)
(13.6 -2.8 0.1)
(13.8 -2.8 0.1)
(14 -2.8 0.1)
(14.2 -2.8 0.1)
(14.4 -2.8 0.1)
(14.6 -2.8 0.1)
(14.8 -2.8 0.1)
(15 -2.8 0.1)
(-5 -2.6 0.1)
(-4.8 -2.6 0.1)
(-4.6 -2.6 0.1)
(-4.4 -2.6 0.1)
(-4.2 -2.6 0.1)
(-4 -2.6 0.1)
(-3.8 -2.6 0.1)
(-3.6 -2.6 0.1)
(-3.4 -2.6 0.1)
(-3.2 -2.6 0.1)
(-3 -2.6 0.1)
(-2.8 -2.6 0.1)
(-2.6 -2.6 0.1)
(-2.4 -2.6 0.1)
(-2.2 -2.6 0.1)
(-2 -2.6 0.1)
(-1.8 -2.6 0.1)
(-1.6 -2.6 0.1)
(-1.4 -2.6 0.1)
(-1.2 -2.6 0.1)
(-1 -2.6 0.1)
(-0.8 -2.6 0.1)
(-0.6 -2.6 0.1)
(-0.4 -2.6 0.1)
(-0.2 -2.6 0.1)
(4.7233e-14 -2.6 0.1)
(0.2 -2.6 0.1)
(0.4 -2.6 0.1)
(0.6 -2.6 0.1)
(0.8 -2.6 0.1)
(1 -2.6 0.1)
(1.2 -2.6 0.1)
(1.4 -2.6 0.1)
(1.6 -2.6 0.1)
(1.8 -2.6 0.1)
(2 -2.6 0.1)
(2.2 -2.6 0.1)
(2.4 -2.6 0.1)
(2.6 -2.6 0.1)
(2.8 -2.6 0.1)
(3 -2.6 0.1)
(3.2 -2.6 0.1)
(3.4 -2.6 0.1)
(3.6 -2.6 0.1)
(3.8 -2.6 0.1)
(4 -2.6 0.1)
(4.2 -2.6 0.1)
(4.4 -2.6 0.1)
(4.6 -2.6 0.1)
(4.8 -2.6 0.1)
(5 -2.6 0.1)
(5.2 -2.6 0.1)
(5.4 -2.6 0.1)
(5.6 -2.6 0.1)
(5.8 -2.6 0.1)
(6 -2.6 0.1)
(6.2 -2.6 0.1)
(6.4 -2.6 0.1)
(6.6 -2.6 0.1)
(6.8 -2.6 0.1)
(7 -2.6 0.1)
(7.2 -2.6 0.1)
(7.4 -2.6 0.1)
(7.6 -2.6 0.1)
(7.8 -2.6 0.1)
(8 -2.6 0.1)
(8.2 -2.6 0.1)
(8.4 -2.6 0.1)
(8.6 -2.6 0.1)
(8.8 -2.6 0.1)
(9 -2.6 0.1)
(9.2 -2.6 0.1)
(9.4 -2.6 0.1)
(9.6 -2.6 0.1)
(9.8 -2.6 0.1)
(10 -2.6 0.1)
(10.2 -2.6 0.1)
(10.4 -2.6 0.1)
(10.6 -2.6 0.1)
(10.8 -2.6 0.1)
(11 -2.6 0.1)
(11.2 -2.6 0.1)
(11.4 -2.6 0.1)
(11.6 -2.6 0.1)
(11.8 -2.6 0.1)
(12 -2.6 0.1)
(12.2 -2.6 0.1)
(12.4 -2.6 0.1)
(12.6 -2.6 0.1)
(12.8 -2.6 0.1)
(13 -2.6 0.1)
(13.2 -2.6 0.1)
(13.4 -2.6 0.1)
(13.6 -2.6 0.1)
(13.8 -2.6 0.1)
(14 -2.6 0.1)
(14.2 -2.6 0.1)
(14.4 -2.6 0.1)
(14.6 -2.6 0.1)
(14.8 -2.6 0.1)
(15 -2.6 0.1)
(-5 -2.4 0.1)
(-4.8 -2.4 0.1)
(-4.6 -2.4 0.1)
(-4.4 -2.4 0.1)
(-4.2 -2.4 0.1)
(-4 -2.4 0.1)
(-3.8 -2.4 0.1)
(-3.6 -2.4 0.1)
(-3.4 -2.4 0.1)
(-3.2 -2.4 0.1)
(-3 -2.4 0.1)
(-2.8 -2.4 0.1)
(-2.6 -2.4 0.1)
(-2.4 -2.4 0.1)
(-2.2 -2.4 0.1)
(-2 -2.4 0.1)
(-1.8 -2.4 0.1)
(-1.6 -2.4 0.1)
(-1.4 -2.4 0.1)
(-1.2 -2.4 0.1)
(-1 -2.4 0.1)
(-0.8 -2.4 0.1)
(-0.6 -2.4 0.1)
(-0.4 -2.4 0.1)
(-0.2 -2.4 0.1)
(-1.07377e-13 -2.4 0.1)
(0.2 -2.4 0.1)
(0.4 -2.4 0.1)
(0.6 -2.4 0.1)
(0.8 -2.4 0.1)
(1 -2.4 0.1)
(1.2 -2.4 0.1)
(1.4 -2.4 0.1)
(1.6 -2.4 0.1)
(1.8 -2.4 0.1)
(2 -2.4 0.1)
(2.2 -2.4 0.1)
(2.4 -2.4 0.1)
(2.6 -2.4 0.1)
(2.8 -2.4 0.1)
(3 -2.4 0.1)
(3.2 -2.4 0.1)
(3.4 -2.4 0.1)
(3.6 -2.4 0.1)
(3.8 -2.4 0.1)
(4 -2.4 0.1)
(4.2 -2.4 0.1)
(4.4 -2.4 0.1)
(4.6 -2.4 0.1)
(4.8 -2.4 0.1)
(5 -2.4 0.1)
(5.2 -2.4 0.1)
(5.4 -2.4 0.1)
(5.6 -2.4 0.1)
(5.8 -2.4 0.1)
(6 -2.4 0.1)
(6.2 -2.4 0.1)
(6.4 -2.4 0.1)
(6.6 -2.4 0.1)
(6.8 -2.4 0.1)
(7 -2.4 0.1)
(7.2 -2.4 0.1)
(7.4 -2.4 0.1)
(7.6 -2.4 0.1)
(7.8 -2.4 0.1)
(8 -2.4 0.1)
(8.2 -2.4 0.1)
(8.4 -2.4 0.1)
(8.6 -2.4 0.1)
(8.8 -2.4 0.1)
(9 -2.4 0.1)
(9.2 -2.4 0.1)
(9.4 -2.4 0.1)
(9.6 -2.4 0.1)
(9.8 -2.4 0.1)
(10 -2.4 0.1)
(10.2 -2.4 0.1)
(10.4 -2.4 0.1)
(10.6 -2.4 0.1)
(10.8 -2.4 0.1)
(11 -2.4 0.1)
(11.2 -2.4 0.1)
(11.4 -2.4 0.1)
(11.6 -2.4 0.1)
(11.8 -2.4 0.1)
(12 -2.4 0.1)
(12.2 -2.4 0.1)
(12.4 -2.4 0.1)
(12.6 -2.4 0.1)
(12.8 -2.4 0.1)
(13 -2.4 0.1)
(13.2 -2.4 0.1)
(13.4 -2.4 0.1)
(13.6 -2.4 0.1)
(13.8 -2.4 0.1)
(14 -2.4 0.1)
(14.2 -2.4 0.1)
(14.4 -2.4 0.1)
(14.6 -2.4 0.1)
(14.8 -2.4 0.1)
(15 -2.4 0.1)
(-5 -2.2 0.1)
(-4.8 -2.2 0.1)
(-4.6 -2.2 0.1)
(-4.4 -2.2 0.1)
(-4.2 -2.2 0.1)
(-4 -2.2 0.1)
(-3.8 -2.2 0.1)
(-3.6 -2.2 0.1)
(-3.4 -2.2 0.1)
(-3.2 -2.2 0.1)
(-3 -2.2 0.1)
(-2.8 -2.2 0.1)
(-2.6 -2.2 0.1)
(-2.4 -2.2 0.1)
(-2.2 -2.2 0.1)
(-2 -2.2 0.1)
(-1.8 -2.2 0.1)
(-1.6 -2.2 0.1)
(-1.4 -2.2 0.1)
(-1.2 -2.2 0.1)
(-1 -2.2 0.1)
(-0.8 -2.2 0.1)
(-0.6 -2.2 0.1)
(-0.4 -2.2 0.1)
(-0.2 -2.2 0.1)
(-3.82119e-12 -2.2 0.1)
(0.2 -2.2 0.1)
(0.4 -2.2 0.1)
(0.6 -2.2 0.1)
(0.8 -2.2 0.1)
(1 -2.2 0.1)
(1.2 -2.2 0.1)
(1.4 -2.2 0.1)
(1.6 -2.2 0.1)
(1.8 -2.2 0.1)
(2 -2.2 0.1)
(2.2 -2.2 0.1)
(2.4 -2.2 0.1)
(2.6 -2.2 0.1)
(2.8 -2.2 0.1)
(3 -2.2 0.1)
(3.2 -2.2 0.1)
(3.4 -2.2 0.1)
(3.6 -2.2 0.1)
(3.8 -2.2 0.1)
(4 -2.2 0.1)
(4.2 -2.2 0.1)
(4.4 -2.2 0.1)
(4.6 -2.2 0.1)
(4.8 -2.2 0.1)
(5 -2.2 0.1)
(5.2 -2.2 0.1)
(5.4 -2.2 0.1)
(5.6 -2.2 0.1)
(5.8 -2.2 0.1)
(6 -2.2 0.1)
(6.2 -2.2 0.1)
(6.4 -2.2 0.1)
(6.6 -2.2 0.1)
(6.8 -2.2 0.1)
(7 -2.2 0.1)
(7.2 -2.2 0.1)
(7.4 -2.2 0.1)
(7.6 -2.2 0.1)
(7.8 -2.2 0.1)
(8 -2.2 0.1)
(8.2 -2.2 0.1)
(8.4 -2.2 0.1)
(8.6 -2.2 0.1)
(8.8 -2.2 0.1)
(9 -2.2 0.1)
(9.2 -2.2 0.1)
(9.4 -2.2 0.1)
(9.6 -2.2 0.1)
(9.8 -2.2 0.1)
(10 -2.2 0.1)
(10.2 -2.2 0.1)
(10.4 -2.2 0.1)
(10.6 -2.2 0.1)
(10.8 -2.2 0.1)
(11 -2.2 0.1)
(11.2 -2.2 0.1)
(11.4 -2.2 0.1)
(11.6 -2.2 0.1)
(11.8 -2.2 0.1)
(12 -2.2 0.1)
(12.2 -2.2 0.1)
(12.4 -2.2 0.1)
(12.6 -2.2 0.1)
(12.8 -2.2 0.1)
(13 -2.2 0.1)
(13.2 -2.2 0.1)
(13.4 -2.2 0.1)
(13.6 -2.2 0.1)
(13.8 -2.2 0.1)
(14 -2.2 0.1)
(14.2 -2.2 0.1)
(14.4 -2.2 0.1)
(14.6 -2.2 0.1)
(14.8 -2.2 0.1)
(15 -2.2 0.1)
(-5 -2 0.1)
(-4.8 -2 0.1)
(-4.6 -2 0.1)
(-4.4 -2 0.1)
(-4.2 -2 0.1)
(-4 -2 0.1)
(-3.8 -2 0.1)
(-3.6 -2 0.1)
(-3.4 -2 0.1)
(-3.2 -2 0.1)
(-3 -2 0.1)
(-2.8 -2 0.1)
(-2.6 -2 0.1)
(-2.4 -2 0.1)
(-2.2 -2 0.1)
(-2 -2 0.1)
(-1.8 -2 0.1)
(-1.6 -2 0.1)
(-1.4 -2 0.1)
(-1.2 -2 0.1)
(-1 -2 0.1)
(-0.8 -2 0.1)
(-0.6 -2 0.1)
(-0.4 -2 0.1)
(-0.2 -2 0.1)
(-3.29147e-11 -2 0.1)
(0.2 -2 0.1)
(0.4 -2 0.1)
(0.6 -2 0.1)
(0.8 -2 0.1)
(1 -2 0.1)
(1.2 -2 0.1)
(1.4 -2 0.1)
(1.6 -2 0.1)
(1.8 -2 0.1)
(2 -2 0.1)
(2.2 -2 0.1)
(2.4 -2 0.1)
(2.6 -2 0.1)
(2.8 -2 0.1)
(3 -2 0.1)
(3.2 -2 0.1)
(3.4 -2 0.1)
(3.6 -2 0.1)
(3.8 -2 0.1)
(4 -2 0.1)
(4.2 -2 0.1)
(4.4 -2 0.1)
(4.6 -2 0.1)
(4.8 -2 0.1)
(5 -2 0.1)
(5.2 -2 0.1)
(5.4 -2 0.1)
(5.6 -2 0.1)
(5.8 -2 0.1)
(6 -2 0.1)
(6.2 -2 0.1)
(6.4 -2 0.1)
(6.6 -2 0.1)
(6.8 -2 0.1)
(7 -2 0.1)
(7.2 -2 0.1)
(7.4 -2 0.1)
(7.6 -2 0.1)
(7.8 -2 0.1)
(8 -2 0.1)
(8.2 -2 0.1)
(8.4 -2 0.1)
(8.6 -2 0.1)
(8.8 -2 0.1)
(9 -2 0.1)
(9.2 -2 0.1)
(9.4 -2 0.1)
(9.6 -2 0.1)
(9.8 -2 0.1)
(10 -2 0.1)
(10.2 -2 0.1)
(10.4 -2 0.1)
(10.6 -2 0.1)
(10.8 -2 0.1)
(11 -2 0.1)
(11.2 -2 0.1)
(11.4 -2 0.1)
(11.6 -2 0.1)
(11.8 -2 0.1)
(12 -2 0.1)
(12.2 -2 0.1)
(12.4 -2 0.1)
(12.6 -2 0.1)
(12.8 -2 0.1)
(13 -2 0.1)
(13.2 -2 0.1)
(13.4 -2 0.1)
(13.6 -2 0.1)
(13.8 -2 0.1)
(14 -2 0.1)
(14.2 -2 0.1)
(14.4 -2 0.1)
(14.6 -2 0.1)
(14.8 -2 0.1)
(15 -2 0.1)
(-5 -1.8 0.1)
(-4.8 -1.8 0.1)
(-4.6 -1.8 0.1)
(-4.4 -1.8 0.1)
(-4.2 -1.8 0.1)
(-4 -1.8 0.1)
(-3.8 -1.8 0.1)
(-3.6 -1.8 0.1)
(-3.4 -1.8 0.1)
(-3.2 -1.8 0.1)
(-3 -1.8 0.1)
(-2.8 -1.8 0.1)
(-2.6 -1.8 0.1)
(-2.4 -1.8 0.1)
(-2.2 -1.8 0.1)
(-2 -1.8 0.1)
(-1.8 -1.8 0.1)
(-1.6 -1.8 0.1)
(-1.4 -1.8 0.1)
(-1.2 -1.8 0.1)
(-1 -1.8 0.1)
(-0.799999 -1.8 0.1)
(-0.599999 -1.8 0.1)
(-0.399999 -1.79999 0.1)
(-0.199999 -1.79999 0.1)
(-2.98124e-11 -1.79999 0.1)
(0.199999 -1.79999 0.1)
(0.399999 -1.79999 0.1)
(0.599999 -1.8 0.1)
(0.799999 -1.8 0.1)
(1 -1.8 0.1)
(1.2 -1.8 0.1)
(1.4 -1.8 0.1)
(1.6 -1.8 0.1)
(1.8 -1.8 0.1)
(2 -1.8 0.1)
(2.2 -1.8 0.1)
(2.4 -1.8 0.1)
(2.6 -1.8 0.1)
(2.8 -1.8 0.1)
(3 -1.8 0.1)
(3.2 -1.8 0.1)
(3.4 -1.8 0.1)
(3.6 -1.8 0.1)
(3.8 -1.8 0.1)
(4 -1.8 0.1)
(4.2 -1.8 0.1)
(4.4 -1.8 0.1)
(4.6 -1.8 0.1)
(4.8 -1.8 0.1)
(5 -1.8 0.1)
(5.2 -1.8 0.1)
(5.4 -1.8 0.1)
(5.6 -1.8 0.1)
(5.8 -1.8 0.1)
(6 -1.8 0.1)
(6.2 -1.8 0.1)
(6.4 -1.8 0.1)
(6.6 -1.8 0.1)
(6.8 -1.8 0.1)
(7 -1.8 0.1)
(7.2 -1.8 0.1)
(7.4 -1.8 0.1)
(7.6 -1.8 0.1)
(7.8 -1.8 0.1)
(8 -1.8 0.1)
(8.2 -1.8 0.1)
(8.4 -1.8 0.1)
(8.6 -1.8 0.1)
(8.8 -1.8 0.1)
(9 -1.8 0.1)
(9.2 -1.8 0.1)
(9.4 -1.8 0.1)
(9.6 -1.8 0.1)
(9.8 -1.8 0.1)
(10 -1.8 0.1)
(10.2 -1.8 0.1)
(10.4 -1.8 0.1)
(10.6 -1.8 0.1)
(10.8 -1.8 0.1)
(11 -1.8 0.1)
(11.2 -1.8 0.1)
(11.4 -1.8 0.1)
(11.6 -1.8 0.1)
(11.8 -1.8 0.1)
(12 -1.8 0.1)
(12.2 -1.8 0.1)
(12.4 -1.8 0.1)
(12.6 -1.8 0.1)
(12.8 -1.8 0.1)
(13 -1.8 0.1)
(13.2 -1.8 0.1)
(13.4 -1.8 0.1)
(13.6 -1.8 0.1)
(13.8 -1.8 0.1)
(14 -1.8 0.1)
(14.2 -1.8 0.1)
(14.4 -1.8 0.1)
(14.6 -1.8 0.1)
(14.8 -1.8 0.1)
(15 -1.8 0.1)
(-5 -1.6 0.1)
(-4.8 -1.6 0.1)
(-4.6 -1.6 0.1)
(-4.4 -1.6 0.1)
(-4.2 -1.6 0.1)
(-4 -1.6 0.1)
(-3.8 -1.6 0.1)
(-3.6 -1.6 0.1)
(-3.4 -1.6 0.1)
(-3.2 -1.6 0.1)
(-3 -1.6 0.1)
(-2.8 -1.6 0.1)
(-2.6 -1.6 0.1)
(-2.4 -1.6 0.1)
(-2.2 -1.6 0.1)
(-2 -1.6 0.1)
(-1.8 -1.6 0.1)
(-1.6 -1.6 0.1)
(-1.4 -1.6 0.1)
(-1.2 -1.6 0.1)
(-0.999998 -1.6 0.1)
(-0.799996 -1.59999 0.1)
(-0.599994 -1.59999 0.1)
(-0.399994 -1.59998 0.1)
(-0.199996 -1.59997 0.1)
(-8.93993e-11 -1.59996 0.1)
(0.199996 -1.59997 0.1)
(0.399994 -1.59998 0.1)
(0.599994 -1.59999 0.1)
(0.799996 -1.59999 0.1)
(0.999998 -1.6 0.1)
(1.2 -1.6 0.1)
(1.4 -1.6 0.1)
(1.6 -1.6 0.1)
(1.8 -1.6 0.1)
(2 -1.6 0.1)
(2.2 -1.6 0.1)
(2.4 -1.6 0.1)
(2.6 -1.6 0.1)
(2.8 -1.6 0.1)
(3 -1.6 0.1)
(3.2 -1.6 0.1)
(3.4 -1.6 0.1)
(3.6 -1.6 0.1)
(3.8 -1.6 0.1)
(4 -1.6 0.1)
(4.2 -1.6 0.1)
(4.4 -1.6 0.1)
(4.6 -1.6 0.1)
(4.8 -1.6 0.1)
(5 -1.6 0.1)
(5.2 -1.6 0.1)
(5.4 -1.6 0.1)
(5.6 -1.6 0.1)
(5.8 -1.6 0.1)
(6 -1.6 0.1)
(6.2 -1.6 0.1)
(6.4 -1.6 0.1)
(6.6 -1.6 0.1)
(6.8 -1.6 0.1)
(7 -1.6 0.1)
(7.2 -1.6 0.1)
(7.4 -1.6 0.1)
(7.6 -1.6 0.1)
(7.8 -1.6 0.1)
(8 -1.6 0.1)
(8.2 -1.6 0.1)
(8.4 -1.6 0.1)
(8.6 -1.6 0.1)
(8.8 -1.6 0.1)
(9 -1.6 0.1)
(9.2 -1.6 0.1)
(9.4 -1.6 0.1)
(9.6 -1.6 0.1)
(9.8 -1.6 0.1)
(10 -1.6 0.1)
(10.2 -1.6 0.1)
(10.4 -1.6 0.1)
(10.6 -1.6 0.1)
(10.8 -1.6 0.1)
(11 -1.6 0.1)
(11.2 -1.6 0.1)
(11.4 -1.6 0.1)
(11.6 -1.6 0.1)
(11.8 -1.6 0.1)
(12 -1.6 0.1)
(12.2 -1.6 0.1)
(12.4 -1.6 0.1)
(12.6 -1.6 0.1)
(12.8 -1.6 0.1)
(13 -1.6 0.1)
(13.2 -1.6 0.1)
(13.4 -1.6 0.1)
(13.6 -1.6 0.1)
(13.8 -1.6 0.1)
(14 -1.6 0.1)
(14.2 -1.6 0.1)
(14.4 -1.6 0.1)
(14.6 -1.6 0.1)
(14.8 -1.6 0.1)
(15 -1.6 0.1)
(-5 -1.4 0.1)
(-4.8 -1.4 0.1)
(-4.6 -1.4 0.1)
(-4.4 -1.4 0.1)
(-4.2 -1.4 0.1)
(-4 -1.4 0.1)
(-3.8 -1.4 0.1)
(-3.6 -1.4 0.1)
(-3.4 -1.4 0.1)
(-3.2 -1.4 0.1)
(-3 -1.4 0.1)
(-2.8 -1.4 0.1)
(-2.6 -1.4 0.1)
(-2.4 -1.4 0.1)
(-2.2 -1.4 0.1)
(-2 -1.4 0.1)
(-1.8 -1.4 0.1)
(-1.6 -1.4 0.1)
(-1.4 -1.4 0.1)
(-1.2 -1.4 0.1)
(-0.999993 -1.39999 0.1)
(-0.799986 -1.39998 0.1)
(-0.599978 -1.39996 0.1)
(-0.399978 -1.39993 0.1)
(-0.199985 -1.39989 0.1)
(-2.97628e-10 -1.39987 0.1)
(0.199985 -1.39989 0.1)
(0.399978 -1.39993 0.1)
(0.599978 -1.39996 0.1)
(0.799986 -1.39998 0.1)
(0.999993 -1.39999 0.1)
(1.2 -1.4 0.1)
(1.4 -1.4 0.1)
(1.6 -1.4 0.1)
(1.8 -1.4 0.1)
(2 -1.4 0.1)
(2.2 -1.4 0.1)
(2.4 -1.4 0.1)
(2.6 -1.4 0.1)
(2.8 -1.4 0.1)
(3 -1.4 0.1)
(3.2 -1.4 0.1)
(3.4 -1.4 0.1)
(3.6 -1.4 0.1)
(3.8 -1.4 0.1)
(4 -1.4 0.1)
(4.2 -1.4 0.1)
(4.4 -1.4 0.1)
(4.6 -1.4 0.1)
(4.8 -1.4 0.1)
(5 -1.4 0.1)
(5.2 -1.4 0.1)
(5.4 -1.4 0.1)
(5.6 -1.4 0.1)
(5.8 -1.4 0.1)
(6 -1.4 0.1)
(6.2 -1.4 0.1)
(6.4 -1.4 0.1)
(6.6 -1.4 0.1)
(6.8 -1.4 0.1)
(7 -1.4 0.1)
(7.2 -1.4 0.1)
(7.4 -1.4 0.1)
(7.6 -1.4 0.1)
(7.8 -1.4 0.1)
(8 -1.4 0.1)
(8.2 -1.4 0.1)
(8.4 -1.4 0.1)
(8.6 -1.4 0.1)
(8.8 -1.4 0.1)
(9 -1.4 0.1)
(9.2 -1.4 0.1)
(9.4 -1.4 0.1)
(9.6 -1.4 0.1)
(9.8 -1.4 0.1)
(10 -1.4 0.1)
(10.2 -1.4 0.1)
(10.4 -1.4 0.1)
(10.6 -1.4 0.1)
(10.8 -1.4 0.1)
(11 -1.4 0.1)
(11.2 -1.4 0.1)
(11.4 -1.4 0.1)
(11.6 -1.4 0.1)
(11.8 -1.4 0.1)
(12 -1.4 0.1)
(12.2 -1.4 0.1)
(12.4 -1.4 0.1)
(12.6 -1.4 0.1)
(12.8 -1.4 0.1)
(13 -1.4 0.1)
(13.2 -1.4 0.1)
(13.4 -1.4 0.1)
(13.6 -1.4 0.1)
(13.8 -1.4 0.1)
(14 -1.4 0.1)
(14.2 -1.4 0.1)
(14.4 -1.4 0.1)
(14.6 -1.4 0.1)
(14.8 -1.4 0.1)
(15 -1.4 0.1)
(-5 -1.2 0.1)
(-4.8 -1.2 0.1)
(-4.6 -1.2 0.1)
(-4.4 -1.2 0.1)
(-4.2 -1.2 0.1)
(-4 -1.2 0.1)
(-3.8 -1.2 0.1)
(-3.6 -1.2 0.1)
(-3.4 -1.2 0.1)
(-3.2 -1.2 0.1)
(-3 -1.2 0.1)
(-2.8 -1.2 0.1)
(-2.6 -1.2 0.1)
(-2.4 -1.2 0.1)
(-2.2 -1.2 0.1)
(-2 -1.2 0.1)
(-1.8 -1.2 0.1)
(-1.6 -1.2 0.1)
(-1.4 -1.2 0.1)
(-1.19999 -1.19999 0.1)
(-0.999976 -1.19997 0.1)
(-0.79995 -1.19994 0.1)
(-0.599922 -1.19988 0.1)
(-0.399923 -1.19979 0.1)
(-0.199951 -1.19968 0.1)
(-8.64436e-10 -1.1996 0.1)
(0.199951 -1.19968 0.1)
(0.399923 -1.19979 0.1)
(0.599922 -1.19988 0.1)
(0.79995 -1.19994 0.1)
(0.999976 -1.19997 0.1)
(1.19999 -1.19999 0.1)
(1.4 -1.2 0.1)
(1.6 -1.2 0.1)
(1.8 -1.2 0.1)
(2 -1.2 0.1)
(2.2 -1.2 0.1)
(2.4 -1.2 0.1)
(2.6 -1.2 0.1)
(2.8 -1.2 0.1)
(3 -1.2 0.1)
(3.2 -1.2 0.1)
(3.4 -1.2 0.1)
(3.6 -1.2 0.1)
(3.8 -1.2 0.1)
(4 -1.2 0.1)
(4.2 -1.2 0.1)
(4.4 -1.2 0.1)
(4.6 -1.2 0.1)
(4.8 -1.2 0.1)
(5 -1.2 0.1)
(5.2 -1.2 0.1)
(5.4 -1.2 0.1)
(5.6 -1.2 0.1)
(5.8 -1.2 0.1)
(6 -1.2 0.1)
(6.2 -1.2 0.1)
(6.4 -1.2 0.1)
(6.6 -1.2 0.1)
(6.8 -1.2 0.1)
(7 -1.2 0.1)
(7.2 -1.2 0.1)
(7.4 -1.2 0.1)
(7.6 -1.2 0.1)
(7.8 -1.2 0.1)
(8 -1.2 0.1)
(8.2 -1.2 0.1)
(8.4 -1.2 0.1)
(8.6 -1.2 0.1)
(8.8 -1.2 0.1)
(9 -1.2 0.1)
(9.2 -1.2 0.1)
(9.4 -1.2 0.1)
(9.6 -1.2 0.1)
(9.8 -1.2 0.1)
(10 -1.2 0.1)
(10.2 -1.2 0.1)
(10.4 -1.2 0.1)
(10.6 -1.2 0.1)
(10.8 -1.2 0.1)
(11 -1.2 0.1)
(11.2 -1.2 0.1)
(11.4 -1.2 0.1)
(11.6 -1.2 0.1)
(11.8 -1.2 0.1)
(12 -1.2 0.1)
(12.2 -1.2 0.1)
(12.4 -1.2 0.1)
(12.6 -1.2 0.1)
(12.8 -1.2 0.1)
(13 -1.2 0.1)
(13.2 -1.2 0.1)
(13.4 -1.2 0.1)
(13.6 -1.2 0.1)
(13.8 -1.2 0.1)
(14 -1.2 0.1)
(14.2 -1.2 0.1)
(14.4 -1.2 0.1)
(14.6 -1.2 0.1)
(14.8 -1.2 0.1)
(15 -1.2 0.1)
(-5 -1 0.1)
(-4.8 -1 0.1)
(-4.6 -1 0.1)
(-4.4 -1 0.1)
(-4.2 -1 0.1)
(-4 -1 0.1)
(-3.8 -1 0.1)
(-3.6 -1 0.1)
(-3.4 -1 0.1)
(-3.2 -1 0.1)
(-3 -1 0.1)
(-2.8 -1 0.1)
(-2.6 -1 0.1)
(-2.4 -1 0.1)
(-2.2 -1 0.1)
(-2 -1 0.1)
(-1.8 -1 0.1)
(-1.6 -0.999998 0.1)
(-1.39999 -0.999993 0.1)
(-1.19997 -0.999976 0.1)
(-0.999931 -0.999931 0.1)
(-0.79985 -0.999831 0.1)
(-0.599755 -0.999668 0.1)
(-0.399769 -0.999496 0.1)
(-0.199856 -0.999182 0.1)
(-2.19664e-09 -0.998951 0.1)
(0.199856 -0.999182 0.1)
(0.399769 -0.999496 0.1)
(0.599755 -0.999668 0.1)
(0.79985 -0.999831 0.1)
(0.999931 -0.999931 0.1)
(1.19997 -0.999976 0.1)
(1.39999 -0.999993 0.1)
(1.6 -0.999998 0.1)
(1.8 -1 0.1)
(2 -1 0.1)
(2.2 -1 0.1)
(2.4 -1 0.1)
(2.6 -1 0.1)
(2.8 -1 0.1)
(3 -1 0.1)
(3.2 -1 0.1)
(3.4 -1 0.1)
(3.6 -1 0.1)
(3.8 -1 0.1)
(4 -1 0.1)
(4.2 -1 0.1)
(4.4 -1 0.1)
(4.6 -1 0.1)
(4.8 -1 0.1)
(5 -1 0.1)
(5.2 -1 0.1)
(5.4 -1 0.1)
(5.6 -1 0.1)
(5.8 -1 0.1)
(6 -1 0.1)
(6.2 -1 0.1)
(6.4 -1 0.1)
(6.6 -1 0.1)
(6.8 -1 0.1)
(7 -1 0.1)
(7.2 -1 0.1)
(7.4 -1 0.1)
(7.6 -1 0.1)
(7.8 -1 0.1)
(8 -1 0.1)
(8.2 -1 0.1)
(8.4 -1 0.1)
(8.6 -1 0.1)
(8.8 -1 0.1)
(9 -1 0.1)
(9.2 -1 0.1)
(9.4 -1 0.1)
(9.6 -1 0.1)
(9.8 -1 0.1)
(10 -1 0.1)
(10.2 -1 0.1)
(10.4 -1 0.1)
(10.6 -1 0.1)
(10.8 -1 0.1)
(11 -1 0.1)
(11.2 -1 0.1)
(11.4 -1 0.1)
(11.6 -1 0.1)
(11.8 -1 0.1)
(12 -1 0.1)
(12.2 -1 0.1)
(12.4 -1 0.1)
(12.6 -1 0.1)
(12.8 -1 0.1)
(13 -1 0.1)
(13.2 -1 0.1)
(13.4 -1 0.1)
(13.6 -1 0.1)
(13.8 -1 0.1)
(14 -1 0.1)
(14.2 -1 0.1)
(14.4 -1 0.1)
(14.6 -1 0.1)
(14.8 -1 0.1)
(15 -1 0.1)
(-5 -0.8 0.1)
(-4.8 -0.8 0.1)
(-4.6 -0.8 0.1)
(-4.4 -0.8 0.1)
(-4.2 -0.8 0.1)
(-4 -0.8 0.1)
(-3.8 -0.8 0.1)
(-3.6 -0.8 0.1)
(-3.4 -0.8 0.1)
(-3.2 -0.8 0.1)
(-3 -0.8 0.1)
(-2.8 -0.8 0.1)
(-2.6 -0.8 0.1)
(-2.4 -0.8 0.1)
(-2.2 -0.8 0.1)
(-2 -0.8 0.1)
(-1.8 -0.799999 0.1)
(-1.59999 -0.799996 0.1)
(-1.39998 -0.799986 0.1)
(-1.19994 -0.79995 0.1)
(-0.999831 -0.79985 0.1)
(-0.799617 -0.799617 0.1)
(-0.599313 -0.799214 0.1)
(-0.399379 -0.798965 0.1)
(-0.199631 -0.798242 0.1)
(-6.06636e-09 -0.797532 0.1)
(0.199631 -0.798242 0.1)
(0.399379 -0.798965 0.1)
(0.599313 -0.799214 0.1)
(0.799617 -0.799617 0.1)
(0.999831 -0.79985 0.1)
(1.19994 -0.79995 0.1)
(1.39998 -0.799986 0.1)
(1.59999 -0.799996 0.1)
(1.8 -0.799999 0.1)
(2 -0.8 0.1)
(2.2 -0.8 0.1)
(2.4 -0.8 0.1)
(2.6 -0.8 0.1)
(2.8 -0.8 0.1)
(3 -0.8 0.1)
(3.2 -0.8 0.1)
(3.4 -0.8 0.1)
(3.6 -0.8 0.1)
(3.8 -0.8 0.1)
(4 -0.8 0.1)
(4.2 -0.8 0.1)
(4.4 -0.8 0.1)
(4.6 -0.8 0.1)
(4.8 -0.8 0.1)
(5 -0.8 0.1)
(5.2 -0.8 0.1)
(5.4 -0.8 0.1)
(5.6 -0.8 0.1)
(5.8 -0.8 0.1)
(6 -0.8 0.1)
(6.2 -0.8 0.1)
(6.4 -0.8 0.1)
(6.6 -0.8 0.1)
(6.8 -0.8 0.1)
(7 -0.8 0.1)
(7.2 -0.8 0.1)
(7.4 -0.8 0.1)
(7.6 -0.8 0.1)
(7.8 -0.8 0.1)
(8 -0.8 0.1)
(8.2 -0.8 0.1)
(8.4 -0.8 0.1)
(8.6 -0.8 0.1)
(8.8 -0.8 0.1)
(9 -0.8 0.1)
(9.2 -0.8 0.1)
(9.4 -0.8 0.1)
(9.6 -0.8 0.1)
(9.8 -0.8 0.1)
(10 -0.8 0.1)
(10.2 -0.8 0.1)
(10.4 -0.8 0.1)
(10.6 -0.8 0.1)
(10.8 -0.8 0.1)
(11 -0.8 0.1)
(11.2 -0.8 0.1)
(11.4 -0.8 0.1)
(11.6 -0.8 0.1)
(11.8 -0.8 0.1)
(12 -0.8 0.1)
(12.2 -0.8 0.1)
(12.4 -0.8 0.1)
(12.6 -0.8 0.1)
(12.8 -0.8 0.1)
(13 -0.8 0.1)
(13.2 -0.8 0.1)
(13.4 -0.8 0.1)
(13.6 -0.8 0.1)
(13.8 -0.8 0.1)
(14 -0.8 0.1)
(14.2 -0.8 0.1)
(14.4 -0.8 0.1)
(14.6 -0.8 0.1)
(14.8 -0.8 0.1)
(15 -0.8 0.1)
(-5 -0.6 0.1)
(-4.8 -0.6 0.1)
(-4.6 -0.6 0.1)
(-4.4 -0.6 0.1)
(-4.2 -0.6 0.1)
(-4 -0.6 0.1)
(-3.8 -0.6 0.1)
(-3.6 -0.6 0.1)
(-3.4 -0.6 0.1)
(-3.2 -0.6 0.1)
(-3 -0.6 0.1)
(-2.8 -0.6 0.1)
(-2.6 -0.6 0.1)
(-2.4 -0.6 0.1)
(-2.2 -0.6 0.1)
(-2 -0.6 0.1)
(-1.8 -0.599999 0.1)
(-1.59999 -0.599994 0.1)
(-1.39996 -0.599978 0.1)
(-1.19988 -0.599922 0.1)
(-0.999668 -0.599755 0.1)
(-0.799214 -0.599313 0.1)
(-0.598174 -0.598174 0.1)
(-0.397383 -0.596804 0.1)
(-0.198953 -0.596029 0.1)
(-1.92143e-08 -0.594158 0.1)
(0.198953 -0.596029 0.1)
(0.397383 -0.596804 0.1)
(0.598174 -0.598174 0.1)
(0.799214 -0.599313 0.1)
(0.999668 -0.599755 0.1)
(1.19988 -0.599922 0.1)
(1.39996 -0.599978 0.1)
(1.59999 -0.599994 0.1)
(1.8 -0.599999 0.1)
(2 -0.6 0.1)
(2.2 -0.6 0.1)
(2.4 -0.6 0.1)
(2.6 -0.6 0.1)
(2.8 -0.6 0.1)
(3 -0.6 0.1)
(3.2 -0.6 0.1)
(3.4 -0.6 0.1)
(3.6 -0.6 0.1)
(3.8 -0.6 0.1)
(4 -0.6 0.1)
(4.2 -0.6 0.1)
(4.4 -0.6 0.1)
(4.6 -0.6 0.1)
(4.8 -0.6 0.1)
(5 -0.6 0.1)
(5.2 -0.6 0.1)
(5.4 -0.6 0.1)
(5.6 -0.6 0.1)
(5.8 -0.6 0.1)
(6 -0.6 0.1)
(6.2 -0.6 0.1)
(6.4 -0.6 0.1)
(6.6 -0.6 0.1)
(6.8 -0.6 0.1)
(7 -0.6 0.1)
(7.2 -0.6 0.1)
(7.4 -0.6 0.1)
(7.6 -0.6 0.1)
(7.8 -0.6 0.1)
(8 -0.6 0.1)
(8.2 -0.6 0.1)
(8.4 -0.6 0.1)
(8.6 -0.6 0.1)
(8.8 -0.6 0.1)
(9 -0.6 0.1)
(9.2 -0.6 0.1)
(9.4 -0.6 0.1)
(9.6 -0.6 0.1)
(9.8 -0.6 0.1)
(10 -0.6 0.1)
(10.2 -0.6 0.1)
(10.4 -0.6 0.1)
(10.6 -0.6 0.1)
(10.8 -0.6 0.1)
(11 -0.6 0.1)
(11.2 -0.6 0.1)
(11.4 -0.6 0.1)
(11.6 -0.6 0.1)
(11.8 -0.6 0.1)
(12 -0.6 0.1)
(12.2 -0.6 0.1)
(12.4 -0.6 0.1)
(12.6 -0.6 0.1)
(12.8 -0.6 0.1)
(13 -0.6 0.1)
(13.2 -0.6 0.1)
(13.4 -0.6 0.1)
(13.6 -0.6 0.1)
(13.8 -0.6 0.1)
(14 -0.6 0.1)
(14.2 -0.6 0.1)
(14.4 -0.6 0.1)
(14.6 -0.6 0.1)
(14.8 -0.6 0.1)
(15 -0.6 0.1)
(-5 -0.4 0.1)
(-4.8 -0.4 0.1)
(-4.6 -0.4 0.1)
(-4.4 -0.4 0.1)
(-4.2 -0.4 0.1)
(-4 -0.4 0.1)
(-3.8 -0.4 0.1)
(-3.6 -0.4 0.1)
(-3.4 -0.4 0.1)
(-3.2 -0.4 0.1)
(-3 -0.4 0.1)
(-2.8 -0.4 0.1)
(-2.6 -0.4 0.1)
(-2.4 -0.4 0.1)
(-2.2 -0.4 0.1)
(-2 -0.4 0.1)
(-1.79999 -0.399999 0.1)
(-1.59998 -0.399994 0.1)
(-1.39993 -0.399978 0.1)
(-1.19979 -0.399923 0.1)
(-0.999496 -0.399769 0.1)
(-0.798965 -0.399379 0.1)
(-0.596804 -0.397383 0.1)
(-0.389522 -0.389522 0.1)
(0.389522 -0.389522 0.1)
(0.596803 -0.397383 0.1)
(0.798964 -0.399379 0.1)
(0.999496 -0.399769 0.1)
(1.19979 -0.399923 0.1)
(1.39993 -0.399978 0.1)
(1.59998 -0.399994 0.1)
(1.79999 -0.399999 0.1)
(2 -0.4 0.1)
(2.2 -0.4 0.1)
(2.4 -0.4 0.1)
(2.6 -0.4 0.1)
(2.8 -0.4 0.1)
(3 -0.4 0.1)
(3.2 -0.4 0.1)
(3.4 -0.4 0.1)
(3.6 -0.4 0.1)
(3.8 -0.4 0.1)
(4 -0.4 0.1)
(4.2 -0.4 0.1)
(4.4 -0.4 0.1)
(4.6 -0.4 0.1)
(4.8 -0.4 0.1)
(5 -0.4 0.1)
(5.2 -0.4 0.1)
(5.4 -0.4 0.1)
(5.6 -0.4 0.1)
(5.8 -0.4 0.1)
(6 -0.4 0.1)
(6.2 -0.4 0.1)
(6.4 -0.4 0.1)
(6.6 -0.4 0.1)
(6.8 -0.4 0.1)
(7 -0.4 0.1)
(7.2 -0.4 0.1)
(7.4 -0.4 0.1)
(7.6 -0.4 0.1)
(7.8 -0.4 0.1)
(8 -0.4 0.1)
(8.2 -0.4 0.1)
(8.4 -0.4 0.1)
(8.6 -0.4 0.1)
(8.8 -0.4 0.1)
(9 -0.4 0.1)
(9.2 -0.4 0.1)
(9.4 -0.4 0.1)
(9.6 -0.4 0.1)
(9.8 -0.4 0.1)
(10 -0.4 0.1)
(10.2 -0.4 0.1)
(10.4 -0.4 0.1)
(10.6 -0.4 0.1)
(10.8 -0.4 0.1)
(11 -0.4 0.1)
(11.2 -0.4 0.1)
(11.4 -0.4 0.1)
(11.6 -0.4 0.1)
(11.8 -0.4 0.1)
(12 -0.4 0.1)
(12.2 -0.4 0.1)
(12.4 -0.4 0.1)
(12.6 -0.4 0.1)
(12.8 -0.4 0.1)
(13 -0.4 0.1)
(13.2 -0.4 0.1)
(13.4 -0.4 0.1)
(13.6 -0.4 0.1)
(13.8 -0.4 0.1)
(14 -0.4 0.1)
(14.2 -0.4 0.1)
(14.4 -0.4 0.1)
(14.6 -0.4 0.1)
(14.8 -0.4 0.1)
(15 -0.4 0.1)
(-5 -0.2 0.1)
(-4.8 -0.2 0.1)
(-4.6 -0.2 0.1)
(-4.4 -0.2 0.1)
(-4.2 -0.2 0.1)
(-4 -0.2 0.1)
(-3.8 -0.2 0.1)
(-3.6 -0.2 0.1)
(-3.4 -0.2 0.1)
(-3.2 -0.2 0.1)
(-3 -0.2 0.1)
(-2.8 -0.2 0.1)
(-2.6 -0.2 0.1)
(-2.4 -0.2 0.1)
(-2.2 -0.2 0.1)
(-2 -0.2 0.1)
(-1.79999 -0.199999 0.1)
(-1.59997 -0.199996 0.1)
(-1.39989 -0.199986 0.1)
(-1.19968 -0.199951 0.1)
(-0.999182 -0.199856 0.1)
(-0.79824 -0.199631 0.1)
(-0.596029 -0.198953 0.1)
(0.596029 -0.198953 0.1)
(0.79824 -0.19963 0.1)
(0.999181 -0.199856 0.1)
(1.19968 -0.199951 0.1)
(1.39989 -0.199985 0.1)
(1.59997 -0.199996 0.1)
(1.79999 -0.199999 0.1)
(2 -0.2 0.1)
(2.2 -0.2 0.1)
(2.4 -0.2 0.1)
(2.6 -0.2 0.1)
(2.8 -0.2 0.1)
(3 -0.2 0.1)
(3.2 -0.2 0.1)
(3.4 -0.2 0.1)
(3.6 -0.2 0.1)
(3.8 -0.2 0.1)
(4 -0.2 0.1)
(4.2 -0.2 0.1)
(4.4 -0.2 0.1)
(4.6 -0.2 0.1)
(4.8 -0.2 0.1)
(5 -0.2 0.1)
(5.2 -0.2 0.1)
(5.4 -0.2 0.1)
(5.6 -0.2 0.1)
(5.8 -0.2 0.1)
(6 -0.2 0.1)
(6.2 -0.2 0.1)
(6.4 -0.2 0.1)
(6.6 -0.2 0.1)
(6.8 -0.2 0.1)
(7 -0.2 0.1)
(7.2 -0.2 0.1)
(7.4 -0.2 0.1)
(7.6 -0.2 0.1)
(7.8 -0.2 0.1)
(8 -0.2 0.1)
(8.2 -0.2 0.1)
(8.4 -0.2 0.1)
(8.6 -0.2 0.1)
(8.8 -0.2 0.1)
(9 -0.2 0.1)
(9.2 -0.2 0.1)
(9.4 -0.2 0.1)
(9.6 -0.2 0.1)
(9.8 -0.2 0.1)
(10 -0.2 0.1)
(10.2 -0.2 0.1)
(10.4 -0.2 0.1)
(10.6 -0.2 0.1)
(10.8 -0.2 0.1)
(11 -0.2 0.1)
(11.2 -0.2 0.1)
(11.4 -0.2 0.1)
(11.6 -0.2 0.1)
(11.8 -0.2 0.1)
(12 -0.2 0.1)
(12.2 -0.2 0.1)
(12.4 -0.2 0.1)
(12.6 -0.2 0.1)
(12.8 -0.2 0.1)
(13 -0.2 0.1)
(13.2 -0.2 0.1)
(13.4 -0.2 0.1)
(13.6 -0.2 0.1)
(13.8 -0.2 0.1)
(14 -0.2 0.1)
(14.2 -0.2 0.1)
(14.4 -0.2 0.1)
(14.6 -0.2 0.1)
(14.8 -0.2 0.1)
(15 -0.2 0.1)
(-5 -6.50246e-26 0.1)
(-4.8 -2.03572e-24 0.1)
(-4.6 -6.31654e-23 0.1)
(-4.4 -1.58596e-21 0.1)
(-4.2 -3.30457e-20 0.1)
(-4 -5.81641e-19 0.1)
(-3.8 -8.75971e-18 0.1)
(-3.6 -1.13954e-16 0.1)
(-3.4 -1.28954e-15 0.1)
(-3.2 -1.27609e-14 0.1)
(-3 -1.10854e-13 0.1)
(-2.8 -8.47787e-13 0.1)
(-2.6 -5.71948e-12 0.1)
(-2.4 -3.4071e-11 0.1)
(-2.2 -1.78927e-10 0.1)
(-2 -8.19699e-10 0.1)
(-1.79999 -3.093e-09 0.1)
(-1.59996 -1.03944e-08 0.1)
(-1.39987 -3.07635e-08 0.1)
(-1.1996 -8.76074e-08 0.1)
(-0.998949 -2.97401e-07 0.1)
(-0.797531 -1.75148e-08 0.1)
(-0.594158 -1.87673e-08 0.1)
(0.594158 -1.89719e-08 0.1)
(0.797531 -5.12042e-09 0.1)
(0.998948 -1.00718e-09 0.1)
(1.1996 -1.99649e-10 0.1)
(1.39987 -2.53059e-11 0.1)
(1.59996 1.49155e-12 0.1)
(1.79999 2.13394e-12 0.1)
(2 7.88175e-13 0.1)
(2.2 2.0386e-13 0.1)
(2.4 4.21767e-14 0.1)
(2.6 7.31391e-15 0.1)
(2.8 1.08621e-15 0.1)
(3 1.39651e-16 0.1)
(3.2 1.56218e-17 0.1)
(3.4 7.55376e-17 0.1)
(3.6 7.41441e-17 0.1)
(3.8 7.40244e-17 0.1)
(4 6.03831e-22 0.1)
(4.2 7.40149e-17 0.1)
(4.4 1.51307e-24 0.1)
(4.6 5.81837e-26 0.1)
(4.8 1.82659e-27 0.1)
(5 4.52359e-29 0.1)
(5.2 8.33925e-31 0.1)
(5.4 1.02324e-32 0.1)
(5.6 6.29635e-35 0.1)
(5.8 8.86429e-45 0.1)
(6 4.32593e-47 0.1)
(6.2 0 0.1)
(6.4 0 0.1)
(6.6 0 0.1)
(6.8 0 0.1)
(7 0 0.1)
(7.2 0 0.1)
(7.4 0 0.1)
(7.6 0 0.1)
(7.8 0 0.1)
(8 0 0.1)
(8.2 0 0.1)
(8.4 0 0.1)
(8.6 0 0.1)
(8.8 0 0.1)
(9 3.70074e-17 0.1)
(9.2 0 0.1)
(9.4 -3.70074e-17 0.1)
(9.6 0 0.1)
(9.8 3.70074e-17 0.1)
(10 0 0.1)
(10.2 -3.70074e-17 0.1)
(10.4 0 0.1)
(10.6 3.70074e-17 0.1)
(10.8 0 0.1)
(11 -3.70074e-17 0.1)
(11.2 7.40149e-17 0.1)
(11.4 -1.85037e-17 0.1)
(11.6 -5.55112e-17 0.1)
(11.8 5.55112e-17 0.1)
(12 1.85037e-17 0.1)
(12.2 -1.85037e-17 0.1)
(12.4 -5.55112e-17 0.1)
(12.6 5.55112e-17 0.1)
(12.8 1.85037e-17 0.1)
(13 -1.85037e-17 0.1)
(13.2 -5.55112e-17 0.1)
(13.4 5.55112e-17 0.1)
(13.6 1.85037e-17 0.1)
(13.8 -7.40149e-17 0.1)
(14 3.70074e-17 0.1)
(14.2 0 0.1)
(14.4 -3.70074e-17 0.1)
(14.6 7.40149e-17 0.1)
(14.8 3.70074e-17 0.1)
(15 0 0.1)
(-5 0.2 0.1)
(-4.8 0.2 0.1)
(-4.6 0.2 0.1)
(-4.4 0.2 0.1)
(-4.2 0.2 0.1)
(-4 0.2 0.1)
(-3.8 0.2 0.1)
(-3.6 0.2 0.1)
(-3.4 0.2 0.1)
(-3.2 0.2 0.1)
(-3 0.2 0.1)
(-2.8 0.2 0.1)
(-2.6 0.2 0.1)
(-2.4 0.2 0.1)
(-2.2 0.2 0.1)
(-2 0.2 0.1)
(-1.79999 0.199999 0.1)
(-1.59997 0.199996 0.1)
(-1.39989 0.199985 0.1)
(-1.19968 0.199951 0.1)
(-0.999182 0.199856 0.1)
(-0.798242 0.199631 0.1)
(-0.596029 0.198953 0.1)
(0.596029 0.198953 0.1)
(0.79824 0.19963 0.1)
(0.999181 0.199856 0.1)
(1.19968 0.199951 0.1)
(1.39989 0.199985 0.1)
(1.59997 0.199996 0.1)
(1.79999 0.199999 0.1)
(2 0.2 0.1)
(2.2 0.2 0.1)
(2.4 0.2 0.1)
(2.6 0.2 0.1)
(2.8 0.2 0.1)
(3 0.2 0.1)
(3.2 0.2 0.1)
(3.4 0.2 0.1)
(3.6 0.2 0.1)
(3.8 0.2 0.1)
(4 0.2 0.1)
(4.2 0.2 0.1)
(4.4 0.2 0.1)
(4.6 0.2 0.1)
(4.8 0.2 0.1)
(5 0.2 0.1)
(5.2 0.2 0.1)
(5.4 0.2 0.1)
(5.6 0.2 0.1)
(5.8 0.2 0.1)
(6 0.2 0.1)
(6.2 0.2 0.1)
(6.4 0.2 0.1)
(6.6 0.2 0.1)
(6.8 0.2 0.1)
(7 0.2 0.1)
(7.2 0.2 0.1)
(7.4 0.2 0.1)
(7.6 0.2 0.1)
(7.8 0.2 0.1)
(8 0.2 0.1)
(8.2 0.2 0.1)
(8.4 0.2 0.1)
(8.6 0.2 0.1)
(8.8 0.2 0.1)
(9 0.2 0.1)
(9.2 0.2 0.1)
(9.4 0.2 0.1)
(9.6 0.2 0.1)
(9.8 0.2 0.1)
(10 0.2 0.1)
(10.2 0.2 0.1)
(10.4 0.2 0.1)
(10.6 0.2 0.1)
(10.8 0.2 0.1)
(11 0.2 0.1)
(11.2 0.2 0.1)
(11.4 0.2 0.1)
(11.6 0.2 0.1)
(11.8 0.2 0.1)
(12 0.2 0.1)
(12.2 0.2 0.1)
(12.4 0.2 0.1)
(12.6 0.2 0.1)
(12.8 0.2 0.1)
(13 0.2 0.1)
(13.2 0.2 0.1)
(13.4 0.2 0.1)
(13.6 0.2 0.1)
(13.8 0.2 0.1)
(14 0.2 0.1)
(14.2 0.2 0.1)
(14.4 0.2 0.1)
(14.6 0.2 0.1)
(14.8 0.2 0.1)
(15 0.2 0.1)
(-5 0.4 0.1)
(-4.8 0.4 0.1)
(-4.6 0.4 0.1)
(-4.4 0.4 0.1)
(-4.2 0.4 0.1)
(-4 0.4 0.1)
(-3.8 0.4 0.1)
(-3.6 0.4 0.1)
(-3.4 0.4 0.1)
(-3.2 0.4 0.1)
(-3 0.4 0.1)
(-2.8 0.4 0.1)
(-2.6 0.4 0.1)
(-2.4 0.4 0.1)
(-2.2 0.4 0.1)
(-2 0.4 0.1)
(-1.79999 0.399999 0.1)
(-1.59998 0.399994 0.1)
(-1.39993 0.399978 0.1)
(-1.19979 0.399923 0.1)
(-0.999496 0.399769 0.1)
(-0.798965 0.399379 0.1)
(-0.596804 0.397383 0.1)
(-0.389522 0.389522 0.1)
(0.389522 0.389522 0.1)
(0.596803 0.397383 0.1)
(0.798964 0.399379 0.1)
(0.999496 0.399769 0.1)
(1.19979 0.399923 0.1)
(1.39993 0.399978 0.1)
(1.59998 0.399994 0.1)
(1.79999 0.399999 0.1)
(2 0.4 0.1)
(2.2 0.4 0.1)
(2.4 0.4 0.1)
(2.6 0.4 0.1)
(2.8 0.4 0.1)
(3 0.4 0.1)
(3.2 0.4 0.1)
(3.4 0.4 0.1)
(3.6 0.4 0.1)
(3.8 0.4 0.1)
(4 0.4 0.1)
(4.2 0.4 0.1)
(4.4 0.4 0.1)
(4.6 0.4 0.1)
(4.8 0.4 0.1)
(5 0.4 0.1)
(5.2 0.4 0.1)
(5.4 0.4 0.1)
(5.6 0.4 0.1)
(5.8 0.4 0.1)
(6 0.4 0.1)
(6.2 0.4 0.1)
(6.4 0.4 0.1)
(6.6 0.4 0.1)
(6.8 0.4 0.1)
(7 0.4 0.1)
(7.2 0.4 0.1)
(7.4 0.4 0.1)
(7.6 0.4 0.1)
(7.8 0.4 0.1)
(8 0.4 0.1)
(8.2 0.4 0.1)
(8.4 0.4 0.1)
(8.6 0.4 0.1)
(8.8 0.4 0.1)
(9 0.4 0.1)
(9.2 0.4 0.1)
(9.4 0.4 0.1)
(9.6 0.4 0.1)
(9.8 0.4 0.1)
(10 0.4 0.1)
(10.2 0.4 0.1)
(10.4 0.4 0.1)
(10.6 0.4 0.1)
(10.8 0.4 0.1)
(11 0.4 0.1)
(11.2 0.4 0.1)
(11.4 0.4 0.1)
(11.6 0.4 0.1)
(11.8 0.4 0.1)
(12 0.4 0.1)
(12.2 0.4 0.1)
(12.4 0.4 0.1)
(12.6 0.4 0.1)
(12.8 0.4 0.1)
(13 0.4 0.1)
(13.2 0.4 0.1)
(13.4 0.4 0.1)
(13.6 0.4 0.1)
(13.8 0.4 0.1)
(14 0.4 0.1)
(14.2 0.4 0.1)
(14.4 0.4 0.1)
(14.6 0.4 0.1)
(14.8 0.4 0.1)
(15 0.4 0.1)
(-5 0.6 0.1)
(-4.8 0.6 0.1)
(-4.6 0.6 0.1)
(-4.4 0.6 0.1)
(-4.2 0.6 0.1)
(-4 0.6 0.1)
(-3.8 0.6 0.1)
(-3.6 0.6 0.1)
(-3.4 0.6 0.1)
(-3.2 0.6 0.1)
(-3 0.6 0.1)
(-2.8 0.6 0.1)
(-2.6 0.6 0.1)
(-2.4 0.6 0.1)
(-2.2 0.6 0.1)
(-2 0.6 0.1)
(-1.8 0.599999 0.1)
(-1.59999 0.599994 0.1)
(-1.39996 0.599978 0.1)
(-1.19988 0.599922 0.1)
(-0.999668 0.599755 0.1)
(-0.799214 0.599313 0.1)
(-0.598174 0.598174 0.1)
(-0.397383 0.596803 0.1)
(-0.198953 0.596029 0.1)
(-1.95812e-08 0.594158 0.1)
(0.198953 0.596029 0.1)
(0.397383 0.596803 0.1)
(0.598174 0.598174 0.1)
(0.799214 0.599313 0.1)
(0.999668 0.599755 0.1)
(1.19988 0.599922 0.1)
(1.39996 0.599978 0.1)
(1.59999 0.599994 0.1)
(1.8 0.599999 0.1)
(2 0.6 0.1)
(2.2 0.6 0.1)
(2.4 0.6 0.1)
(2.6 0.6 0.1)
(2.8 0.6 0.1)
(3 0.6 0.1)
(3.2 0.6 0.1)
(3.4 0.6 0.1)
(3.6 0.6 0.1)
(3.8 0.6 0.1)
(4 0.6 0.1)
(4.2 0.6 0.1)
(4.4 0.6 0.1)
(4.6 0.6 0.1)
(4.8 0.6 0.1)
(5 0.6 0.1)
(5.2 0.6 0.1)
(5.4 0.6 0.1)
(5.6 0.6 0.1)
(5.8 0.6 0.1)
(6 0.6 0.1)
(6.2 0.6 0.1)
(6.4 0.6 0.1)
(6.6 0.6 0.1)
(6.8 0.6 0.1)
(7 0.6 0.1)
(7.2 0.6 0.1)
(7.4 0.6 0.1)
(7.6 0.6 0.1)
(7.8 0.6 0.1)
(8 0.6 0.1)
(8.2 0.6 0.1)
(8.4 0.6 0.1)
(8.6 0.6 0.1)
(8.8 0.6 0.1)
(9 0.6 0.1)
(9.2 0.6 0.1)
(9.4 0.6 0.1)
(9.6 0.6 0.1)
(9.8 0.6 0.1)
(10 0.6 0.1)
(10.2 0.6 0.1)
(10.4 0.6 0.1)
(10.6 0.6 0.1)
(10.8 0.6 0.1)
(11 0.6 0.1)
(11.2 0.6 0.1)
(11.4 0.6 0.1)
(11.6 0.6 0.1)
(11.8 0.6 0.1)
(12 0.6 0.1)
(12.2 0.6 0.1)
(12.4 0.6 0.1)
(12.6 0.6 0.1)
(12.8 0.6 0.1)
(13 0.6 0.1)
(13.2 0.6 0.1)
(13.4 0.6 0.1)
(13.6 0.6 0.1)
(13.8 0.6 0.1)
(14 0.6 0.1)
(14.2 0.6 0.1)
(14.4 0.6 0.1)
(14.6 0.6 0.1)
(14.8 0.6 0.1)
(15 0.6 0.1)
(-5 0.8 0.1)
(-4.8 0.8 0.1)
(-4.6 0.8 0.1)
(-4.4 0.8 0.1)
(-4.2 0.8 0.1)
(-4 0.8 0.1)
(-3.8 0.8 0.1)
(-3.6 0.8 0.1)
(-3.4 0.8 0.1)
(-3.2 0.8 0.1)
(-3 0.8 0.1)
(-2.8 0.8 0.1)
(-2.6 0.8 0.1)
(-2.4 0.8 0.1)
(-2.2 0.8 0.1)
(-2 0.8 0.1)
(-1.8 0.799999 0.1)
(-1.59999 0.799996 0.1)
(-1.39998 0.799986 0.1)
(-1.19994 0.79995 0.1)
(-0.999831 0.79985 0.1)
(-0.799617 0.799617 0.1)
(-0.599313 0.799214 0.1)
(-0.399379 0.798964 0.1)
(-0.19963 0.79824 0.1)
(-7.16344e-09 0.797531 0.1)
(0.19963 0.79824 0.1)
(0.399379 0.798964 0.1)
(0.599313 0.799214 0.1)
(0.799617 0.799617 0.1)
(0.999831 0.79985 0.1)
(1.19994 0.79995 0.1)
(1.39998 0.799986 0.1)
(1.59999 0.799996 0.1)
(1.8 0.799999 0.1)
(2 0.8 0.1)
(2.2 0.8 0.1)
(2.4 0.8 0.1)
(2.6 0.8 0.1)
(2.8 0.8 0.1)
(3 0.8 0.1)
(3.2 0.8 0.1)
(3.4 0.8 0.1)
(3.6 0.8 0.1)
(3.8 0.8 0.1)
(4 0.8 0.1)
(4.2 0.8 0.1)
(4.4 0.8 0.1)
(4.6 0.8 0.1)
(4.8 0.8 0.1)
(5 0.8 0.1)
(5.2 0.8 0.1)
(5.4 0.8 0.1)
(5.6 0.8 0.1)
(5.8 0.8 0.1)
(6 0.8 0.1)
(6.2 0.8 0.1)
(6.4 0.8 0.1)
(6.6 0.8 0.1)
(6.8 0.8 0.1)
(7 0.8 0.1)
(7.2 0.8 0.1)
(7.4 0.8 0.1)
(7.6 0.8 0.1)
(7.8 0.8 0.1)
(8 0.8 0.1)
(8.2 0.8 0.1)
(8.4 0.8 0.1)
(8.6 0.8 0.1)
(8.8 0.8 0.1)
(9 0.8 0.1)
(9.2 0.8 0.1)
(9.4 0.8 0.1)
(9.6 0.8 0.1)
(9.8 0.8 0.1)
(10 0.8 0.1)
(10.2 0.8 0.1)
(10.4 0.8 0.1)
(10.6 0.8 0.1)
(10.8 0.8 0.1)
(11 0.8 0.1)
(11.2 0.8 0.1)
(11.4 0.8 0.1)
(11.6 0.8 0.1)
(11.8 0.8 0.1)
(12 0.8 0.1)
(12.2 0.8 0.1)
(12.4 0.8 0.1)
(12.6 0.8 0.1)
(12.8 0.8 0.1)
(13 0.8 0.1)
(13.2 0.8 0.1)
(13.4 0.8 0.1)
(13.6 0.8 0.1)
(13.8 0.8 0.1)
(14 0.8 0.1)
(14.2 0.8 0.1)
(14.4 0.8 0.1)
(14.6 0.8 0.1)
(14.8 0.8 0.1)
(15 0.8 0.1)
(-5 1 0.1)
(-4.8 1 0.1)
(-4.6 1 0.1)
(-4.4 1 0.1)
(-4.2 1 0.1)
(-4 1 0.1)
(-3.8 1 0.1)
(-3.6 1 0.1)
(-3.4 1 0.1)
(-3.2 1 0.1)
(-3 1 0.1)
(-2.8 1 0.1)
(-2.6 1 0.1)
(-2.4 1 0.1)
(-2.2 1 0.1)
(-2 1 0.1)
(-1.8 1 0.1)
(-1.6 0.999998 0.1)
(-1.39999 0.999993 0.1)
(-1.19997 0.999976 0.1)
(-0.999931 0.999931 0.1)
(-0.79985 0.999831 0.1)
(-0.599755 0.999668 0.1)
(-0.399769 0.999496 0.1)
(-0.199856 0.999181 0.1)
(-3.16708e-09 0.998948 0.1)
(0.199856 0.999181 0.1)
(0.399769 0.999496 0.1)
(0.599755 0.999668 0.1)
(0.79985 0.999831 0.1)
(0.999931 0.999931 0.1)
(1.19997 0.999976 0.1)
(1.39999 0.999993 0.1)
(1.6 0.999998 0.1)
(1.8 1 0.1)
(2 1 0.1)
(2.2 1 0.1)
(2.4 1 0.1)
(2.6 1 0.1)
(2.8 1 0.1)
(3 1 0.1)
(3.2 1 0.1)
(3.4 1 0.1)
(3.6 1 0.1)
(3.8 1 0.1)
(4 1 0.1)
(4.2 1 0.1)
(4.4 1 0.1)
(4.6 1 0.1)
(4.8 1 0.1)
(5 1 0.1)
(5.2 1 0.1)
(5.4 1 0.1)
(5.6 1 0.1)
(5.8 1 0.1)
(6 1 0.1)
(6.2 1 0.1)
(6.4 1 0.1)
(6.6 1 0.1)
(6.8 1 0.1)
(7 1 0.1)
(7.2 1 0.1)
(7.4 1 0.1)
(7.6 1 0.1)
(7.8 1 0.1)
(8 1 0.1)
(8.2 1 0.1)
(8.4 1 0.1)
(8.6 1 0.1)
(8.8 1 0.1)
(9 1 0.1)
(9.2 1 0.1)
(9.4 1 0.1)
(9.6 1 0.1)
(9.8 1 0.1)
(10 1 0.1)
(10.2 1 0.1)
(10.4 1 0.1)
(10.6 1 0.1)
(10.8 1 0.1)
(11 1 0.1)
(11.2 1 0.1)
(11.4 1 0.1)
(11.6 1 0.1)
(11.8 1 0.1)
(12 1 0.1)
(12.2 1 0.1)
(12.4 1 0.1)
(12.6 1 0.1)
(12.8 1 0.1)
(13 1 0.1)
(13.2 1 0.1)
(13.4 1 0.1)
(13.6 1 0.1)
(13.8 1 0.1)
(14 1 0.1)
(14.2 1 0.1)
(14.4 1 0.1)
(14.6 1 0.1)
(14.8 1 0.1)
(15 1 0.1)
(-5 1.2 0.1)
(-4.8 1.2 0.1)
(-4.6 1.2 0.1)
(-4.4 1.2 0.1)
(-4.2 1.2 0.1)
(-4 1.2 0.1)
(-3.8 1.2 0.1)
(-3.6 1.2 0.1)
(-3.4 1.2 0.1)
(-3.2 1.2 0.1)
(-3 1.2 0.1)
(-2.8 1.2 0.1)
(-2.6 1.2 0.1)
(-2.4 1.2 0.1)
(-2.2 1.2 0.1)
(-2 1.2 0.1)
(-1.8 1.2 0.1)
(-1.6 1.2 0.1)
(-1.4 1.2 0.1)
(-1.19999 1.19999 0.1)
(-0.999976 1.19997 0.1)
(-0.79995 1.19994 0.1)
(-0.599922 1.19988 0.1)
(-0.399923 1.19979 0.1)
(-0.199951 1.19968 0.1)
(-1.39198e-09 1.1996 0.1)
(0.199951 1.19968 0.1)
(0.399923 1.19979 0.1)
(0.599922 1.19988 0.1)
(0.79995 1.19994 0.1)
(0.999976 1.19997 0.1)
(1.19999 1.19999 0.1)
(1.4 1.2 0.1)
(1.6 1.2 0.1)
(1.8 1.2 0.1)
(2 1.2 0.1)
(2.2 1.2 0.1)
(2.4 1.2 0.1)
(2.6 1.2 0.1)
(2.8 1.2 0.1)
(3 1.2 0.1)
(3.2 1.2 0.1)
(3.4 1.2 0.1)
(3.6 1.2 0.1)
(3.8 1.2 0.1)
(4 1.2 0.1)
(4.2 1.2 0.1)
(4.4 1.2 0.1)
(4.6 1.2 0.1)
(4.8 1.2 0.1)
(5 1.2 0.1)
(5.2 1.2 0.1)
(5.4 1.2 0.1)
(5.6 1.2 0.1)
(5.8 1.2 0.1)
(6 1.2 0.1)
(6.2 1.2 0.1)
(6.4 1.2 0.1)
(6.6 1.2 0.1)
(6.8 1.2 0.1)
(7 1.2 0.1)
(7.2 1.2 0.1)
(7.4 1.2 0.1)
(7.6 1.2 0.1)
(7.8 1.2 0.1)
(8 1.2 0.1)
(8.2 1.2 0.1)
(8.4 1.2 0.1)
(8.6 1.2 0.1)
(8.8 1.2 0.1)
(9 1.2 0.1)
(9.2 1.2 0.1)
(9.4 1.2 0.1)
(9.6 1.2 0.1)
(9.8 1.2 0.1)
(10 1.2 0.1)
(10.2 1.2 0.1)
(10.4 1.2 0.1)
(10.6 1.2 0.1)
(10.8 1.2 0.1)
(11 1.2 0.1)
(11.2 1.2 0.1)
(11.4 1.2 0.1)
(11.6 1.2 0.1)
(11.8 1.2 0.1)
(12 1.2 0.1)
(12.2 1.2 0.1)
(12.4 1.2 0.1)
(12.6 1.2 0.1)
(12.8 1.2 0.1)
(13 1.2 0.1)
(13.2 1.2 0.1)
(13.4 1.2 0.1)
(13.6 1.2 0.1)
(13.8 1.2 0.1)
(14 1.2 0.1)
(14.2 1.2 0.1)
(14.4 1.2 0.1)
(14.6 1.2 0.1)
(14.8 1.2 0.1)
(15 1.2 0.1)
(-5 1.4 0.1)
(-4.8 1.4 0.1)
(-4.6 1.4 0.1)
(-4.4 1.4 0.1)
(-4.2 1.4 0.1)
(-4 1.4 0.1)
(-3.8 1.4 0.1)
(-3.6 1.4 0.1)
(-3.4 1.4 0.1)
(-3.2 1.4 0.1)
(-3 1.4 0.1)
(-2.8 1.4 0.1)
(-2.6 1.4 0.1)
(-2.4 1.4 0.1)
(-2.2 1.4 0.1)
(-2 1.4 0.1)
(-1.8 1.4 0.1)
(-1.6 1.4 0.1)
(-1.4 1.4 0.1)
(-1.2 1.4 0.1)
(-0.999993 1.39999 0.1)
(-0.799986 1.39998 0.1)
(-0.599978 1.39996 0.1)
(-0.399978 1.39993 0.1)
(-0.199985 1.39989 0.1)
(-5.1026e-10 1.39987 0.1)
(0.199985 1.39989 0.1)
(0.399978 1.39993 0.1)
(0.599978 1.39996 0.1)
(0.799986 1.39998 0.1)
(0.999993 1.39999 0.1)
(1.2 1.4 0.1)
(1.4 1.4 0.1)
(1.6 1.4 0.1)
(1.8 1.4 0.1)
(2 1.4 0.1)
(2.2 1.4 0.1)
(2.4 1.4 0.1)
(2.6 1.4 0.1)
(2.8 1.4 0.1)
(3 1.4 0.1)
(3.2 1.4 0.1)
(3.4 1.4 0.1)
(3.6 1.4 0.1)
(3.8 1.4 0.1)
(4 1.4 0.1)
(4.2 1.4 0.1)
(4.4 1.4 0.1)
(4.6 1.4 0.1)
(4.8 1.4 0.1)
(5 1.4 0.1)
(5.2 1.4 0.1)
(5.4 1.4 0.1)
(5.6 1.4 0.1)
(5.8 1.4 0.1)
(6 1.4 0.1)
(6.2 1.4 0.1)
(6.4 1.4 0.1)
(6.6 1.4 0.1)
(6.8 1.4 0.1)
(7 1.4 0.1)
(7.2 1.4 0.1)
(7.4 1.4 0.1)
(7.6 1.4 0.1)
(7.8 1.4 0.1)
(8 1.4 0.1)
(8.2 1.4 0.1)
(8.4 1.4 0.1)
(8.6 1.4 0.1)
(8.8 1.4 0.1)
(9 1.4 0.1)
(9.2 1.4 0.1)
(9.4 1.4 0.1)
(9.6 1.4 0.1)
(9.8 1.4 0.1)
(10 1.4 0.1)
(10.2 1.4 0.1)
(10.4 1.4 0.1)
(10.6 1.4 0.1)
(10.8 1.4 0.1)
(11 1.4 0.1)
(11.2 1.4 0.1)
(11.4 1.4 0.1)
(11.6 1.4 0.1)
(11.8 1.4 0.1)
(12 1.4 0.1)
(12.2 1.4 0.1)
(12.4 1.4 0.1)
(12.6 1.4 0.1)
(12.8 1.4 0.1)
(13 1.4 0.1)
(13.2 1.4 0.1)
(13.4 1.4 0.1)
(13.6 1.4 0.1)
(13.8 1.4 0.1)
(14 1.4 0.1)
(14.2 1.4 0.1)
(14.4 1.4 0.1)
(14.6 1.4 0.1)
(14.8 1.4 0.1)
(15 1.4 0.1)
(-5 1.6 0.1)
(-4.8 1.6 0.1)
(-4.6 1.6 0.1)
(-4.4 1.6 0.1)
(-4.2 1.6 0.1)
(-4 1.6 0.1)
(-3.8 1.6 0.1)
(-3.6 1.6 0.1)
(-3.4 1.6 0.1)
(-3.2 1.6 0.1)
(-3 1.6 0.1)
(-2.8 1.6 0.1)
(-2.6 1.6 0.1)
(-2.4 1.6 0.1)
(-2.2 1.6 0.1)
(-2 1.6 0.1)
(-1.8 1.6 0.1)
(-1.6 1.6 0.1)
(-1.4 1.6 0.1)
(-1.2 1.6 0.1)
(-0.999998 1.6 0.1)
(-0.799996 1.59999 0.1)
(-0.599994 1.59999 0.1)
(-0.399994 1.59998 0.1)
(-0.199996 1.59997 0.1)
(-1.57683e-10 1.59996 0.1)
(0.199996 1.59997 0.1)
(0.399994 1.59998 0.1)
(0.599994 1.59999 0.1)
(0.799996 1.59999 0.1)
(0.999998 1.6 0.1)
(1.2 1.6 0.1)
(1.4 1.6 0.1)
(1.6 1.6 0.1)
(1.8 1.6 0.1)
(2 1.6 0.1)
(2.2 1.6 0.1)
(2.4 1.6 0.1)
(2.6 1.6 0.1)
(2.8 1.6 0.1)
(3 1.6 0.1)
(3.2 1.6 0.1)
(3.4 1.6 0.1)
(3.6 1.6 0.1)
(3.8 1.6 0.1)
(4 1.6 0.1)
(4.2 1.6 0.1)
(4.4 1.6 0.1)
(4.6 1.6 0.1)
(4.8 1.6 0.1)
(5 1.6 0.1)
(5.2 1.6 0.1)
(5.4 1.6 0.1)
(5.6 1.6 0.1)
(5.8 1.6 0.1)
(6 1.6 0.1)
(6.2 1.6 0.1)
(6.4 1.6 0.1)
(6.6 1.6 0.1)
(6.8 1.6 0.1)
(7 1.6 0.1)
(7.2 1.6 0.1)
(7.4 1.6 0.1)
(7.6 1.6 0.1)
(7.8 1.6 0.1)
(8 1.6 0.1)
(8.2 1.6 0.1)
(8.4 1.6 0.1)
(8.6 1.6 0.1)
(8.8 1.6 0.1)
(9 1.6 0.1)
(9.2 1.6 0.1)
(9.4 1.6 0.1)
(9.6 1.6 0.1)
(9.8 1.6 0.1)
(10 1.6 0.1)
(10.2 1.6 0.1)
(10.4 1.6 0.1)
(10.6 1.6 0.1)
(10.8 1.6 0.1)
(11 1.6 0.1)
(11.2 1.6 0.1)
(11.4 1.6 0.1)
(11.6 1.6 0.1)
(11.8 1.6 0.1)
(12 1.6 0.1)
(12.2 1.6 0.1)
(12.4 1.6 0.1)
(12.6 1.6 0.1)
(12.8 1.6 0.1)
(13 1.6 0.1)
(13.2 1.6 0.1)
(13.4 1.6 0.1)
(13.6 1.6 0.1)
(13.8 1.6 0.1)
(14 1.6 0.1)
(14.2 1.6 0.1)
(14.4 1.6 0.1)
(14.6 1.6 0.1)
(14.8 1.6 0.1)
(15 1.6 0.1)
(-5 1.8 0.1)
(-4.8 1.8 0.1)
(-4.6 1.8 0.1)
(-4.4 1.8 0.1)
(-4.2 1.8 0.1)
(-4 1.8 0.1)
(-3.8 1.8 0.1)
(-3.6 1.8 0.1)
(-3.4 1.8 0.1)
(-3.2 1.8 0.1)
(-3 1.8 0.1)
(-2.8 1.8 0.1)
(-2.6 1.8 0.1)
(-2.4 1.8 0.1)
(-2.2 1.8 0.1)
(-2 1.8 0.1)
(-1.8 1.8 0.1)
(-1.6 1.8 0.1)
(-1.4 1.8 0.1)
(-1.2 1.8 0.1)
(-1 1.8 0.1)
(-0.799999 1.8 0.1)
(-0.599999 1.8 0.1)
(-0.399999 1.79999 0.1)
(-0.199999 1.79999 0.1)
(-4.16034e-11 1.79999 0.1)
(0.199999 1.79999 0.1)
(0.399999 1.79999 0.1)
(0.599999 1.8 0.1)
(0.799999 1.8 0.1)
(1 1.8 0.1)
(1.2 1.8 0.1)
(1.4 1.8 0.1)
(1.6 1.8 0.1)
(1.8 1.8 0.1)
(2 1.8 0.1)
(2.2 1.8 0.1)
(2.4 1.8 0.1)
(2.6 1.8 0.1)
(2.8 1.8 0.1)
(3 1.8 0.1)
(3.2 1.8 0.1)
(3.4 1.8 0.1)
(3.6 1.8 0.1)
(3.8 1.8 0.1)
(4 1.8 0.1)
(4.2 1.8 0.1)
(4.4 1.8 0.1)
(4.6 1.8 0.1)
(4.8 1.8 0.1)
(5 1.8 0.1)
(5.2 1.8 0.1)
(5.4 1.8 0.1)
(5.6 1.8 0.1)
(5.8 1.8 0.1)
(6 1.8 0.1)
(6.2 1.8 0.1)
(6.4 1.8 0.1)
(6.6 1.8 0.1)
(6.8 1.8 0.1)
(7 1.8 0.1)
(7.2 1.8 0.1)
(7.4 1.8 0.1)
(7.6 1.8 0.1)
(7.8 1.8 0.1)
(8 1.8 0.1)
(8.2 1.8 0.1)
(8.4 1.8 0.1)
(8.6 1.8 0.1)
(8.8 1.8 0.1)
(9 1.8 0.1)
(9.2 1.8 0.1)
(9.4 1.8 0.1)
(9.6 1.8 0.1)
(9.8 1.8 0.1)
(10 1.8 0.1)
(10.2 1.8 0.1)
(10.4 1.8 0.1)
(10.6 1.8 0.1)
(10.8 1.8 0.1)
(11 1.8 0.1)
(11.2 1.8 0.1)
(11.4 1.8 0.1)
(11.6 1.8 0.1)
(11.8 1.8 0.1)
(12 1.8 0.1)
(12.2 1.8 0.1)
(12.4 1.8 0.1)
(12.6 1.8 0.1)
(12.8 1.8 0.1)
(13 1.8 0.1)
(13.2 1.8 0.1)
(13.4 1.8 0.1)
(13.6 1.8 0.1)
(13.8 1.8 0.1)
(14 1.8 0.1)
(14.2 1.8 0.1)
(14.4 1.8 0.1)
(14.6 1.8 0.1)
(14.8 1.8 0.1)
(15 1.8 0.1)
(-5 2 0.1)
(-4.8 2 0.1)
(-4.6 2 0.1)
(-4.4 2 0.1)
(-4.2 2 0.1)
(-4 2 0.1)
(-3.8 2 0.1)
(-3.6 2 0.1)
(-3.4 2 0.1)
(-3.2 2 0.1)
(-3 2 0.1)
(-2.8 2 0.1)
(-2.6 2 0.1)
(-2.4 2 0.1)
(-2.2 2 0.1)
(-2 2 0.1)
(-1.8 2 0.1)
(-1.6 2 0.1)
(-1.4 2 0.1)
(-1.2 2 0.1)
(-1 2 0.1)
(-0.8 2 0.1)
(-0.6 2 0.1)
(-0.4 2 0.1)
(-0.2 2 0.1)
(-9.46572e-12 2 0.1)
(0.2 2 0.1)
(0.4 2 0.1)
(0.6 2 0.1)
(0.8 2 0.1)
(1 2 0.1)
(1.2 2 0.1)
(1.4 2 0.1)
(1.6 2 0.1)
(1.8 2 0.1)
(2 2 0.1)
(2.2 2 0.1)
(2.4 2 0.1)
(2.6 2 0.1)
(2.8 2 0.1)
(3 2 0.1)
(3.2 2 0.1)
(3.4 2 0.1)
(3.6 2 0.1)
(3.8 2 0.1)
(4 2 0.1)
(4.2 2 0.1)
(4.4 2 0.1)
(4.6 2 0.1)
(4.8 2 0.1)
(5 2 0.1)
(5.2 2 0.1)
(5.4 2 0.1)
(5.6 2 0.1)
(5.8 2 0.1)
(6 2 0.1)
(6.2 2 0.1)
(6.4 2 0.1)
(6.6 2 0.1)
(6.8 2 0.1)
(7 2 0.1)
(7.2 2 0.1)
(7.4 2 0.1)
(7.6 2 0.1)
(7.8 2 0.1)
(8 2 0.1)
(8.2 2 0.1)
(8.4 2 0.1)
(8.6 2 0.1)
(8.8 2 0.1)
(9 2 0.1)
(9.2 2 0.1)
(9.4 2 0.1)
(9.6 2 0.1)
(9.8 2 0.1)
(10 2 0.1)
(10.2 2 0.1)
(10.4 2 0.1)
(10.6 2 0.1)
(10.8 2 0.1)
(11 2 0.1)
(11.2 2 0.1)
(11.4 2 0.1)
(11.6 2 0.1)
(11.8 2 0.1)
(12 2 0.1)
(12.2 2 0.1)
(12.4 2 0.1)
(12.6 2 0.1)
(12.8 2 0.1)
(13 2 0.1)
(13.2 2 0.1)
(13.4 2 0.1)
(13.6 2 0.1)
(13.8 2 0.1)
(14 2 0.1)
(14.2 2 0.1)
(14.4 2 0.1)
(14.6 2 0.1)
(14.8 2 0.1)
(15 2 0.1)
(-5 2.2 0.1)
(-4.8 2.2 0.1)
(-4.6 2.2 0.1)
(-4.4 2.2 0.1)
(-4.2 2.2 0.1)
(-4 2.2 0.1)
(-3.8 2.2 0.1)
(-3.6 2.2 0.1)
(-3.4 2.2 0.1)
(-3.2 2.2 0.1)
(-3 2.2 0.1)
(-2.8 2.2 0.1)
(-2.6 2.2 0.1)
(-2.4 2.2 0.1)
(-2.2 2.2 0.1)
(-2 2.2 0.1)
(-1.8 2.2 0.1)
(-1.6 2.2 0.1)
(-1.4 2.2 0.1)
(-1.2 2.2 0.1)
(-1 2.2 0.1)
(-0.8 2.2 0.1)
(-0.6 2.2 0.1)
(-0.4 2.2 0.1)
(-0.2 2.2 0.1)
(-1.87071e-12 2.2 0.1)
(0.2 2.2 0.1)
(0.4 2.2 0.1)
(0.6 2.2 0.1)
(0.8 2.2 0.1)
(1 2.2 0.1)
(1.2 2.2 0.1)
(1.4 2.2 0.1)
(1.6 2.2 0.1)
(1.8 2.2 0.1)
(2 2.2 0.1)
(2.2 2.2 0.1)
(2.4 2.2 0.1)
(2.6 2.2 0.1)
(2.8 2.2 0.1)
(3 2.2 0.1)
(3.2 2.2 0.1)
(3.4 2.2 0.1)
(3.6 2.2 0.1)
(3.8 2.2 0.1)
(4 2.2 0.1)
(4.2 2.2 0.1)
(4.4 2.2 0.1)
(4.6 2.2 0.1)
(4.8 2.2 0.1)
(5 2.2 0.1)
(5.2 2.2 0.1)
(5.4 2.2 0.1)
(5.6 2.2 0.1)
(5.8 2.2 0.1)
(6 2.2 0.1)
(6.2 2.2 0.1)
(6.4 2.2 0.1)
(6.6 2.2 0.1)
(6.8 2.2 0.1)
(7 2.2 0.1)
(7.2 2.2 0.1)
(7.4 2.2 0.1)
(7.6 2.2 0.1)
(7.8 2.2 0.1)
(8 2.2 0.1)
(8.2 2.2 0.1)
(8.4 2.2 0.1)
(8.6 2.2 0.1)
(8.8 2.2 0.1)
(9 2.2 0.1)
(9.2 2.2 0.1)
(9.4 2.2 0.1)
(9.6 2.2 0.1)
(9.8 2.2 0.1)
(10 2.2 0.1)
(10.2 2.2 0.1)
(10.4 2.2 0.1)
(10.6 2.2 0.1)
(10.8 2.2 0.1)
(11 2.2 0.1)
(11.2 2.2 0.1)
(11.4 2.2 0.1)
(11.6 2.2 0.1)
(11.8 2.2 0.1)
(12 2.2 0.1)
(12.2 2.2 0.1)
(12.4 2.2 0.1)
(12.6 2.2 0.1)
(12.8 2.2 0.1)
(13 2.2 0.1)
(13.2 2.2 0.1)
(13.4 2.2 0.1)
(13.6 2.2 0.1)
(13.8 2.2 0.1)
(14 2.2 0.1)
(14.2 2.2 0.1)
(14.4 2.2 0.1)
(14.6 2.2 0.1)
(14.8 2.2 0.1)
(15 2.2 0.1)
(-5 2.4 0.1)
(-4.8 2.4 0.1)
(-4.6 2.4 0.1)
(-4.4 2.4 0.1)
(-4.2 2.4 0.1)
(-4 2.4 0.1)
(-3.8 2.4 0.1)
(-3.6 2.4 0.1)
(-3.4 2.4 0.1)
(-3.2 2.4 0.1)
(-3 2.4 0.1)
(-2.8 2.4 0.1)
(-2.6 2.4 0.1)
(-2.4 2.4 0.1)
(-2.2 2.4 0.1)
(-2 2.4 0.1)
(-1.8 2.4 0.1)
(-1.6 2.4 0.1)
(-1.4 2.4 0.1)
(-1.2 2.4 0.1)
(-1 2.4 0.1)
(-0.8 2.4 0.1)
(-0.6 2.4 0.1)
(-0.4 2.4 0.1)
(-0.2 2.4 0.1)
(-3.22459e-13 2.4 0.1)
(0.2 2.4 0.1)
(0.4 2.4 0.1)
(0.6 2.4 0.1)
(0.8 2.4 0.1)
(1 2.4 0.1)
(1.2 2.4 0.1)
(1.4 2.4 0.1)
(1.6 2.4 0.1)
(1.8 2.4 0.1)
(2 2.4 0.1)
(2.2 2.4 0.1)
(2.4 2.4 0.1)
(2.6 2.4 0.1)
(2.8 2.4 0.1)
(3 2.4 0.1)
(3.2 2.4 0.1)
(3.4 2.4 0.1)
(3.6 2.4 0.1)
(3.8 2.4 0.1)
(4 2.4 0.1)
(4.2 2.4 0.1)
(4.4 2.4 0.1)
(4.6 2.4 0.1)
(4.8 2.4 0.1)
(5 2.4 0.1)
(5.2 2.4 0.1)
(5.4 2.4 0.1)
(5.6 2.4 0.1)
(5.8 2.4 0.1)
(6 2.4 0.1)
(6.2 2.4 0.1)
(6.4 2.4 0.1)
(6.6 2.4 0.1)
(6.8 2.4 0.1)
(7 2.4 0.1)
(7.2 2.4 0.1)
(7.4 2.4 0.1)
(7.6 2.4 0.1)
(7.8 2.4 0.1)
(8 2.4 0.1)
(8.2 2.4 0.1)
(8.4 2.4 0.1)
(8.6 2.4 0.1)
(8.8 2.4 0.1)
(9 2.4 0.1)
(9.2 2.4 0.1)
(9.4 2.4 0.1)
(9.6 2.4 0.1)
(9.8 2.4 0.1)
(10 2.4 0.1)
(10.2 2.4 0.1)
(10.4 2.4 0.1)
(10.6 2.4 0.1)
(10.8 2.4 0.1)
(11 2.4 0.1)
(11.2 2.4 0.1)
(11.4 2.4 0.1)
(11.6 2.4 0.1)
(11.8 2.4 0.1)
(12 2.4 0.1)
(12.2 2.4 0.1)
(12.4 2.4 0.1)
(12.6 2.4 0.1)
(12.8 2.4 0.1)
(13 2.4 0.1)
(13.2 2.4 0.1)
(13.4 2.4 0.1)
(13.6 2.4 0.1)
(13.8 2.4 0.1)
(14 2.4 0.1)
(14.2 2.4 0.1)
(14.4 2.4 0.1)
(14.6 2.4 0.1)
(14.8 2.4 0.1)
(15 2.4 0.1)
(-5 2.6 0.1)
(-4.8 2.6 0.1)
(-4.6 2.6 0.1)
(-4.4 2.6 0.1)
(-4.2 2.6 0.1)
(-4 2.6 0.1)
(-3.8 2.6 0.1)
(-3.6 2.6 0.1)
(-3.4 2.6 0.1)
(-3.2 2.6 0.1)
(-3 2.6 0.1)
(-2.8 2.6 0.1)
(-2.6 2.6 0.1)
(-2.4 2.6 0.1)
(-2.2 2.6 0.1)
(-2 2.6 0.1)
(-1.8 2.6 0.1)
(-1.6 2.6 0.1)
(-1.4 2.6 0.1)
(-1.2 2.6 0.1)
(-1 2.6 0.1)
(-0.8 2.6 0.1)
(-0.6 2.6 0.1)
(-0.4 2.6 0.1)
(-0.2 2.6 0.1)
(-4.88559e-14 2.6 0.1)
(0.2 2.6 0.1)
(0.4 2.6 0.1)
(0.6 2.6 0.1)
(0.8 2.6 0.1)
(1 2.6 0.1)
(1.2 2.6 0.1)
(1.4 2.6 0.1)
(1.6 2.6 0.1)
(1.8 2.6 0.1)
(2 2.6 0.1)
(2.2 2.6 0.1)
(2.4 2.6 0.1)
(2.6 2.6 0.1)
(2.8 2.6 0.1)
(3 2.6 0.1)
(3.2 2.6 0.1)
(3.4 2.6 0.1)
(3.6 2.6 0.1)
(3.8 2.6 0.1)
(4 2.6 0.1)
(4.2 2.6 0.1)
(4.4 2.6 0.1)
(4.6 2.6 0.1)
(4.8 2.6 0.1)
(5 2.6 0.1)
(5.2 2.6 0.1)
(5.4 2.6 0.1)
(5.6 2.6 0.1)
(5.8 2.6 0.1)
(6 2.6 0.1)
(6.2 2.6 0.1)
(6.4 2.6 0.1)
(6.6 2.6 0.1)
(6.8 2.6 0.1)
(7 2.6 0.1)
(7.2 2.6 0.1)
(7.4 2.6 0.1)
(7.6 2.6 0.1)
(7.8 2.6 0.1)
(8 2.6 0.1)
(8.2 2.6 0.1)
(8.4 2.6 0.1)
(8.6 2.6 0.1)
(8.8 2.6 0.1)
(9 2.6 0.1)
(9.2 2.6 0.1)
(9.4 2.6 0.1)
(9.6 2.6 0.1)
(9.8 2.6 0.1)
(10 2.6 0.1)
(10.2 2.6 0.1)
(10.4 2.6 0.1)
(10.6 2.6 0.1)
(10.8 2.6 0.1)
(11 2.6 0.1)
(11.2 2.6 0.1)
(11.4 2.6 0.1)
(11.6 2.6 0.1)
(11.8 2.6 0.1)
(12 2.6 0.1)
(12.2 2.6 0.1)
(12.4 2.6 0.1)
(12.6 2.6 0.1)
(12.8 2.6 0.1)
(13 2.6 0.1)
(13.2 2.6 0.1)
(13.4 2.6 0.1)
(13.6 2.6 0.1)
(13.8 2.6 0.1)
(14 2.6 0.1)
(14.2 2.6 0.1)
(14.4 2.6 0.1)
(14.6 2.6 0.1)
(14.8 2.6 0.1)
(15 2.6 0.1)
(-5 2.8 0.1)
(-4.8 2.8 0.1)
(-4.6 2.8 0.1)
(-4.4 2.8 0.1)
(-4.2 2.8 0.1)
(-4 2.8 0.1)
(-3.8 2.8 0.1)
(-3.6 2.8 0.1)
(-3.4 2.8 0.1)
(-3.2 2.8 0.1)
(-3 2.8 0.1)
(-2.8 2.8 0.1)
(-2.6 2.8 0.1)
(-2.4 2.8 0.1)
(-2.2 2.8 0.1)
(-2 2.8 0.1)
(-1.8 2.8 0.1)
(-1.6 2.8 0.1)
(-1.4 2.8 0.1)
(-1.2 2.8 0.1)
(-1 2.8 0.1)
(-0.8 2.8 0.1)
(-0.6 2.8 0.1)
(-0.4 2.8 0.1)
(-0.2 2.8 0.1)
(-6.30026e-15 2.8 0.1)
(0.2 2.8 0.1)
(0.4 2.8 0.1)
(0.6 2.8 0.1)
(0.8 2.8 0.1)
(1 2.8 0.1)
(1.2 2.8 0.1)
(1.4 2.8 0.1)
(1.6 2.8 0.1)
(1.8 2.8 0.1)
(2 2.8 0.1)
(2.2 2.8 0.1)
(2.4 2.8 0.1)
(2.6 2.8 0.1)
(2.8 2.8 0.1)
(3 2.8 0.1)
(3.2 2.8 0.1)
(3.4 2.8 0.1)
(3.6 2.8 0.1)
(3.8 2.8 0.1)
(4 2.8 0.1)
(4.2 2.8 0.1)
(4.4 2.8 0.1)
(4.6 2.8 0.1)
(4.8 2.8 0.1)
(5 2.8 0.1)
(5.2 2.8 0.1)
(5.4 2.8 0.1)
(5.6 2.8 0.1)
(5.8 2.8 0.1)
(6 2.8 0.1)
(6.2 2.8 0.1)
(6.4 2.8 0.1)
(6.6 2.8 0.1)
(6.8 2.8 0.1)
(7 2.8 0.1)
(7.2 2.8 0.1)
(7.4 2.8 0.1)
(7.6 2.8 0.1)
(7.8 2.8 0.1)
(8 2.8 0.1)
(8.2 2.8 0.1)
(8.4 2.8 0.1)
(8.6 2.8 0.1)
(8.8 2.8 0.1)
(9 2.8 0.1)
(9.2 2.8 0.1)
(9.4 2.8 0.1)
(9.6 2.8 0.1)
(9.8 2.8 0.1)
(10 2.8 0.1)
(10.2 2.8 0.1)
(10.4 2.8 0.1)
(10.6 2.8 0.1)
(10.8 2.8 0.1)
(11 2.8 0.1)
(11.2 2.8 0.1)
(11.4 2.8 0.1)
(11.6 2.8 0.1)
(11.8 2.8 0.1)
(12 2.8 0.1)
(12.2 2.8 0.1)
(12.4 2.8 0.1)
(12.6 2.8 0.1)
(12.8 2.8 0.1)
(13 2.8 0.1)
(13.2 2.8 0.1)
(13.4 2.8 0.1)
(13.6 2.8 0.1)
(13.8 2.8 0.1)
(14 2.8 0.1)
(14.2 2.8 0.1)
(14.4 2.8 0.1)
(14.6 2.8 0.1)
(14.8 2.8 0.1)
(15 2.8 0.1)
(-5 3 0.1)
(-4.8 3 0.1)
(-4.6 3 0.1)
(-4.4 3 0.1)
(-4.2 3 0.1)
(-4 3 0.1)
(-3.8 3 0.1)
(-3.6 3 0.1)
(-3.4 3 0.1)
(-3.2 3 0.1)
(-3 3 0.1)
(-2.8 3 0.1)
(-2.6 3 0.1)
(-2.4 3 0.1)
(-2.2 3 0.1)
(-2 3 0.1)
(-1.8 3 0.1)
(-1.6 3 0.1)
(-1.4 3 0.1)
(-1.2 3 0.1)
(-1 3 0.1)
(-0.8 3 0.1)
(-0.6 3 0.1)
(-0.4 3 0.1)
(-0.2 3 0.1)
(-8.96809e-16 3 0.1)
(0.2 3 0.1)
(0.4 3 0.1)
(0.6 3 0.1)
(0.8 3 0.1)
(1 3 0.1)
(1.2 3 0.1)
(1.4 3 0.1)
(1.6 3 0.1)
(1.8 3 0.1)
(2 3 0.1)
(2.2 3 0.1)
(2.4 3 0.1)
(2.6 3 0.1)
(2.8 3 0.1)
(3 3 0.1)
(3.2 3 0.1)
(3.4 3 0.1)
(3.6 3 0.1)
(3.8 3 0.1)
(4 3 0.1)
(4.2 3 0.1)
(4.4 3 0.1)
(4.6 3 0.1)
(4.8 3 0.1)
(5 3 0.1)
(5.2 3 0.1)
(5.4 3 0.1)
(5.6 3 0.1)
(5.8 3 0.1)
(6 3 0.1)
(6.2 3 0.1)
(6.4 3 0.1)
(6.6 3 0.1)
(6.8 3 0.1)
(7 3 0.1)
(7.2 3 0.1)
(7.4 3 0.1)
(7.6 3 0.1)
(7.8 3 0.1)
(8 3 0.1)
(8.2 3 0.1)
(8.4 3 0.1)
(8.6 3 0.1)
(8.8 3 0.1)
(9 3 0.1)
(9.2 3 0.1)
(9.4 3 0.1)
(9.6 3 0.1)
(9.8 3 0.1)
(10 3 0.1)
(10.2 3 0.1)
(10.4 3 0.1)
(10.6 3 0.1)
(10.8 3 0.1)
(11 3 0.1)
(11.2 3 0.1)
(11.4 3 0.1)
(11.6 3 0.1)
(11.8 3 0.1)
(12 3 0.1)
(12.2 3 0.1)
(12.4 3 0.1)
(12.6 3 0.1)
(12.8 3 0.1)
(13 3 0.1)
(13.2 3 0.1)
(13.4 3 0.1)
(13.6 3 0.1)
(13.8 3 0.1)
(14 3 0.1)
(14.2 3 0.1)
(14.4 3 0.1)
(14.6 3 0.1)
(14.8 3 0.1)
(15 3 0.1)
(-5 3.2 0.1)
(-4.8 3.2 0.1)
(-4.6 3.2 0.1)
(-4.4 3.2 0.1)
(-4.2 3.2 0.1)
(-4 3.2 0.1)
(-3.8 3.2 0.1)
(-3.6 3.2 0.1)
(-3.4 3.2 0.1)
(-3.2 3.2 0.1)
(-3 3.2 0.1)
(-2.8 3.2 0.1)
(-2.6 3.2 0.1)
(-2.4 3.2 0.1)
(-2.2 3.2 0.1)
(-2 3.2 0.1)
(-1.8 3.2 0.1)
(-1.6 3.2 0.1)
(-1.4 3.2 0.1)
(-1.2 3.2 0.1)
(-1 3.2 0.1)
(-0.8 3.2 0.1)
(-0.6 3.2 0.1)
(-0.4 3.2 0.1)
(-0.2 3.2 0.1)
(-2.2423e-16 3.2 0.1)
(0.2 3.2 0.1)
(0.4 3.2 0.1)
(0.6 3.2 0.1)
(0.8 3.2 0.1)
(1 3.2 0.1)
(1.2 3.2 0.1)
(1.4 3.2 0.1)
(1.6 3.2 0.1)
(1.8 3.2 0.1)
(2 3.2 0.1)
(2.2 3.2 0.1)
(2.4 3.2 0.1)
(2.6 3.2 0.1)
(2.8 3.2 0.1)
(3 3.2 0.1)
(3.2 3.2 0.1)
(3.4 3.2 0.1)
(3.6 3.2 0.1)
(3.8 3.2 0.1)
(4 3.2 0.1)
(4.2 3.2 0.1)
(4.4 3.2 0.1)
(4.6 3.2 0.1)
(4.8 3.2 0.1)
(5 3.2 0.1)
(5.2 3.2 0.1)
(5.4 3.2 0.1)
(5.6 3.2 0.1)
(5.8 3.2 0.1)
(6 3.2 0.1)
(6.2 3.2 0.1)
(6.4 3.2 0.1)
(6.6 3.2 0.1)
(6.8 3.2 0.1)
(7 3.2 0.1)
(7.2 3.2 0.1)
(7.4 3.2 0.1)
(7.6 3.2 0.1)
(7.8 3.2 0.1)
(8 3.2 0.1)
(8.2 3.2 0.1)
(8.4 3.2 0.1)
(8.6 3.2 0.1)
(8.8 3.2 0.1)
(9 3.2 0.1)
(9.2 3.2 0.1)
(9.4 3.2 0.1)
(9.6 3.2 0.1)
(9.8 3.2 0.1)
(10 3.2 0.1)
(10.2 3.2 0.1)
(10.4 3.2 0.1)
(10.6 3.2 0.1)
(10.8 3.2 0.1)
(11 3.2 0.1)
(11.2 3.2 0.1)
(11.4 3.2 0.1)
(11.6 3.2 0.1)
(11.8 3.2 0.1)
(12 3.2 0.1)
(12.2 3.2 0.1)
(12.4 3.2 0.1)
(12.6 3.2 0.1)
(12.8 3.2 0.1)
(13 3.2 0.1)
(13.2 3.2 0.1)
(13.4 3.2 0.1)
(13.6 3.2 0.1)
(13.8 3.2 0.1)
(14 3.2 0.1)
(14.2 3.2 0.1)
(14.4 3.2 0.1)
(14.6 3.2 0.1)
(14.8 3.2 0.1)
(15 3.2 0.1)
(-5 3.4 0.1)
(-4.8 3.4 0.1)
(-4.6 3.4 0.1)
(-4.4 3.4 0.1)
(-4.2 3.4 0.1)
(-4 3.4 0.1)
(-3.8 3.4 0.1)
(-3.6 3.4 0.1)
(-3.4 3.4 0.1)
(-3.2 3.4 0.1)
(-3 3.4 0.1)
(-2.8 3.4 0.1)
(-2.6 3.4 0.1)
(-2.4 3.4 0.1)
(-2.2 3.4 0.1)
(-2 3.4 0.1)
(-1.8 3.4 0.1)
(-1.6 3.4 0.1)
(-1.4 3.4 0.1)
(-1.2 3.4 0.1)
(-1 3.4 0.1)
(-0.8 3.4 0.1)
(-0.6 3.4 0.1)
(-0.4 3.4 0.1)
(-0.2 3.4 0.1)
(-6.78217e-18 3.4 0.1)
(0.2 3.4 0.1)
(0.4 3.4 0.1)
(0.6 3.4 0.1)
(0.8 3.4 0.1)
(1 3.4 0.1)
(1.2 3.4 0.1)
(1.4 3.4 0.1)
(1.6 3.4 0.1)
(1.8 3.4 0.1)
(2 3.4 0.1)
(2.2 3.4 0.1)
(2.4 3.4 0.1)
(2.6 3.4 0.1)
(2.8 3.4 0.1)
(3 3.4 0.1)
(3.2 3.4 0.1)
(3.4 3.4 0.1)
(3.6 3.4 0.1)
(3.8 3.4 0.1)
(4 3.4 0.1)
(4.2 3.4 0.1)
(4.4 3.4 0.1)
(4.6 3.4 0.1)
(4.8 3.4 0.1)
(5 3.4 0.1)
(5.2 3.4 0.1)
(5.4 3.4 0.1)
(5.6 3.4 0.1)
(5.8 3.4 0.1)
(6 3.4 0.1)
(6.2 3.4 0.1)
(6.4 3.4 0.1)
(6.6 3.4 0.1)
(6.8 3.4 0.1)
(7 3.4 0.1)
(7.2 3.4 0.1)
(7.4 3.4 0.1)
(7.6 3.4 0.1)
(7.8 3.4 0.1)
(8 3.4 0.1)
(8.2 3.4 0.1)
(8.4 3.4 0.1)
(8.6 3.4 0.1)
(8.8 3.4 0.1)
(9 3.4 0.1)
(9.2 3.4 0.1)
(9.4 3.4 0.1)
(9.6 3.4 0.1)
(9.8 3.4 0.1)
(10 3.4 0.1)
(10.2 3.4 0.1)
(10.4 3.4 0.1)
(10.6 3.4 0.1)
(10.8 3.4 0.1)
(11 3.4 0.1)
(11.2 3.4 0.1)
(11.4 3.4 0.1)
(11.6 3.4 0.1)
(11.8 3.4 0.1)
(12 3.4 0.1)
(12.2 3.4 0.1)
(12.4 3.4 0.1)
(12.6 3.4 0.1)
(12.8 3.4 0.1)
(13 3.4 0.1)
(13.2 3.4 0.1)
(13.4 3.4 0.1)
(13.6 3.4 0.1)
(13.8 3.4 0.1)
(14 3.4 0.1)
(14.2 3.4 0.1)
(14.4 3.4 0.1)
(14.6 3.4 0.1)
(14.8 3.4 0.1)
(15 3.4 0.1)
(-5 3.6 0.1)
(-4.8 3.6 0.1)
(-4.6 3.6 0.1)
(-4.4 3.6 0.1)
(-4.2 3.6 0.1)
(-4 3.6 0.1)
(-3.8 3.6 0.1)
(-3.6 3.6 0.1)
(-3.4 3.6 0.1)
(-3.2 3.6 0.1)
(-3 3.6 0.1)
(-2.8 3.6 0.1)
(-2.6 3.6 0.1)
(-2.4 3.6 0.1)
(-2.2 3.6 0.1)
(-2 3.6 0.1)
(-1.8 3.6 0.1)
(-1.6 3.6 0.1)
(-1.4 3.6 0.1)
(-1.2 3.6 0.1)
(-1 3.6 0.1)
(-0.8 3.6 0.1)
(-0.6 3.6 0.1)
(-0.4 3.6 0.1)
(-0.2 3.6 0.1)
(-5.26237e-19 3.6 0.1)
(0.2 3.6 0.1)
(0.4 3.6 0.1)
(0.6 3.6 0.1)
(0.8 3.6 0.1)
(1 3.6 0.1)
(1.2 3.6 0.1)
(1.4 3.6 0.1)
(1.6 3.6 0.1)
(1.8 3.6 0.1)
(2 3.6 0.1)
(2.2 3.6 0.1)
(2.4 3.6 0.1)
(2.6 3.6 0.1)
(2.8 3.6 0.1)
(3 3.6 0.1)
(3.2 3.6 0.1)
(3.4 3.6 0.1)
(3.6 3.6 0.1)
(3.8 3.6 0.1)
(4 3.6 0.1)
(4.2 3.6 0.1)
(4.4 3.6 0.1)
(4.6 3.6 0.1)
(4.8 3.6 0.1)
(5 3.6 0.1)
(5.2 3.6 0.1)
(5.4 3.6 0.1)
(5.6 3.6 0.1)
(5.8 3.6 0.1)
(6 3.6 0.1)
(6.2 3.6 0.1)
(6.4 3.6 0.1)
(6.6 3.6 0.1)
(6.8 3.6 0.1)
(7 3.6 0.1)
(7.2 3.6 0.1)
(7.4 3.6 0.1)
(7.6 3.6 0.1)
(7.8 3.6 0.1)
(8 3.6 0.1)
(8.2 3.6 0.1)
(8.4 3.6 0.1)
(8.6 3.6 0.1)
(8.8 3.6 0.1)
(9 3.6 0.1)
(9.2 3.6 0.1)
(9.4 3.6 0.1)
(9.6 3.6 0.1)
(9.8 3.6 0.1)
(10 3.6 0.1)
(10.2 3.6 0.1)
(10.4 3.6 0.1)
(10.6 3.6 0.1)
(10.8 3.6 0.1)
(11 3.6 0.1)
(11.2 3.6 0.1)
(11.4 3.6 0.1)
(11.6 3.6 0.1)
(11.8 3.6 0.1)
(12 3.6 0.1)
(12.2 3.6 0.1)
(12.4 3.6 0.1)
(12.6 3.6 0.1)
(12.8 3.6 0.1)
(13 3.6 0.1)
(13.2 3.6 0.1)
(13.4 3.6 0.1)
(13.6 3.6 0.1)
(13.8 3.6 0.1)
(14 3.6 0.1)
(14.2 3.6 0.1)
(14.4 3.6 0.1)
(14.6 3.6 0.1)
(14.8 3.6 0.1)
(15 3.6 0.1)
(-5 3.8 0.1)
(-4.8 3.8 0.1)
(-4.6 3.8 0.1)
(-4.4 3.8 0.1)
(-4.2 3.8 0.1)
(-4 3.8 0.1)
(-3.8 3.8 0.1)
(-3.6 3.8 0.1)
(-3.4 3.8 0.1)
(-3.2 3.8 0.1)
(-3 3.8 0.1)
(-2.8 3.8 0.1)
(-2.6 3.8 0.1)
(-2.4 3.8 0.1)
(-2.2 3.8 0.1)
(-2 3.8 0.1)
(-1.8 3.8 0.1)
(-1.6 3.8 0.1)
(-1.4 3.8 0.1)
(-1.2 3.8 0.1)
(-1 3.8 0.1)
(-0.8 3.8 0.1)
(-0.6 3.8 0.1)
(-0.4 3.8 0.1)
(-0.2 3.8 0.1)
(-1.48065e-16 3.8 0.1)
(0.2 3.8 0.1)
(0.4 3.8 0.1)
(0.6 3.8 0.1)
(0.8 3.8 0.1)
(1 3.8 0.1)
(1.2 3.8 0.1)
(1.4 3.8 0.1)
(1.6 3.8 0.1)
(1.8 3.8 0.1)
(2 3.8 0.1)
(2.2 3.8 0.1)
(2.4 3.8 0.1)
(2.6 3.8 0.1)
(2.8 3.8 0.1)
(3 3.8 0.1)
(3.2 3.8 0.1)
(3.4 3.8 0.1)
(3.6 3.8 0.1)
(3.8 3.8 0.1)
(4 3.8 0.1)
(4.2 3.8 0.1)
(4.4 3.8 0.1)
(4.6 3.8 0.1)
(4.8 3.8 0.1)
(5 3.8 0.1)
(5.2 3.8 0.1)
(5.4 3.8 0.1)
(5.6 3.8 0.1)
(5.8 3.8 0.1)
(6 3.8 0.1)
(6.2 3.8 0.1)
(6.4 3.8 0.1)
(6.6 3.8 0.1)
(6.8 3.8 0.1)
(7 3.8 0.1)
(7.2 3.8 0.1)
(7.4 3.8 0.1)
(7.6 3.8 0.1)
(7.8 3.8 0.1)
(8 3.8 0.1)
(8.2 3.8 0.1)
(8.4 3.8 0.1)
(8.6 3.8 0.1)
(8.8 3.8 0.1)
(9 3.8 0.1)
(9.2 3.8 0.1)
(9.4 3.8 0.1)
(9.6 3.8 0.1)
(9.8 3.8 0.1)
(10 3.8 0.1)
(10.2 3.8 0.1)
(10.4 3.8 0.1)
(10.6 3.8 0.1)
(10.8 3.8 0.1)
(11 3.8 0.1)
(11.2 3.8 0.1)
(11.4 3.8 0.1)
(11.6 3.8 0.1)
(11.8 3.8 0.1)
(12 3.8 0.1)
(12.2 3.8 0.1)
(12.4 3.8 0.1)
(12.6 3.8 0.1)
(12.8 3.8 0.1)
(13 3.8 0.1)
(13.2 3.8 0.1)
(13.4 3.8 0.1)
(13.6 3.8 0.1)
(13.8 3.8 0.1)
(14 3.8 0.1)
(14.2 3.8 0.1)
(14.4 3.8 0.1)
(14.6 3.8 0.1)
(14.8 3.8 0.1)
(15 3.8 0.1)
(-5 4 0.1)
(-4.8 4 0.1)
(-4.6 4 0.1)
(-4.4 4 0.1)
(-4.2 4 0.1)
(-4 4 0.1)
(-3.8 4 0.1)
(-3.6 4 0.1)
(-3.4 4 0.1)
(-3.2 4 0.1)
(-3 4 0.1)
(-2.8 4 0.1)
(-2.6 4 0.1)
(-2.4 4 0.1)
(-2.2 4 0.1)
(-2 4 0.1)
(-1.8 4 0.1)
(-1.6 4 0.1)
(-1.4 4 0.1)
(-1.2 4 0.1)
(-1 4 0.1)
(-0.8 4 0.1)
(-0.6 4 0.1)
(-0.4 4 0.1)
(-0.2 4 0.1)
(-2.0574e-21 4 0.1)
(0.2 4 0.1)
(0.4 4 0.1)
(0.6 4 0.1)
(0.8 4 0.1)
(1 4 0.1)
(1.2 4 0.1)
(1.4 4 0.1)
(1.6 4 0.1)
(1.8 4 0.1)
(2 4 0.1)
(2.2 4 0.1)
(2.4 4 0.1)
(2.6 4 0.1)
(2.8 4 0.1)
(3 4 0.1)
(3.2 4 0.1)
(3.4 4 0.1)
(3.6 4 0.1)
(3.8 4 0.1)
(4 4 0.1)
(4.2 4 0.1)
(4.4 4 0.1)
(4.6 4 0.1)
(4.8 4 0.1)
(5 4 0.1)
(5.2 4 0.1)
(5.4 4 0.1)
(5.6 4 0.1)
(5.8 4 0.1)
(6 4 0.1)
(6.2 4 0.1)
(6.4 4 0.1)
(6.6 4 0.1)
(6.8 4 0.1)
(7 4 0.1)
(7.2 4 0.1)
(7.4 4 0.1)
(7.6 4 0.1)
(7.8 4 0.1)
(8 4 0.1)
(8.2 4 0.1)
(8.4 4 0.1)
(8.6 4 0.1)
(8.8 4 0.1)
(9 4 0.1)
(9.2 4 0.1)
(9.4 4 0.1)
(9.6 4 0.1)
(9.8 4 0.1)
(10 4 0.1)
(10.2 4 0.1)
(10.4 4 0.1)
(10.6 4 0.1)
(10.8 4 0.1)
(11 4 0.1)
(11.2 4 0.1)
(11.4 4 0.1)
(11.6 4 0.1)
(11.8 4 0.1)
(12 4 0.1)
(12.2 4 0.1)
(12.4 4 0.1)
(12.6 4 0.1)
(12.8 4 0.1)
(13 4 0.1)
(13.2 4 0.1)
(13.4 4 0.1)
(13.6 4 0.1)
(13.8 4 0.1)
(14 4 0.1)
(14.2 4 0.1)
(14.4 4 0.1)
(14.6 4 0.1)
(14.8 4 0.1)
(15 4 0.1)
(-5 4.2 0.1)
(-4.8 4.2 0.1)
(-4.6 4.2 0.1)
(-4.4 4.2 0.1)
(-4.2 4.2 0.1)
(-4 4.2 0.1)
(-3.8 4.2 0.1)
(-3.6 4.2 0.1)
(-3.4 4.2 0.1)
(-3.2 4.2 0.1)
(-3 4.2 0.1)
(-2.8 4.2 0.1)
(-2.6 4.2 0.1)
(-2.4 4.2 0.1)
(-2.2 4.2 0.1)
(-2 4.2 0.1)
(-1.8 4.2 0.1)
(-1.6 4.2 0.1)
(-1.4 4.2 0.1)
(-1.2 4.2 0.1)
(-1 4.2 0.1)
(-0.8 4.2 0.1)
(-0.6 4.2 0.1)
(-0.4 4.2 0.1)
(-0.2 4.2 0.1)
(-1.02196e-22 4.2 0.1)
(0.2 4.2 0.1)
(0.4 4.2 0.1)
(0.6 4.2 0.1)
(0.8 4.2 0.1)
(1 4.2 0.1)
(1.2 4.2 0.1)
(1.4 4.2 0.1)
(1.6 4.2 0.1)
(1.8 4.2 0.1)
(2 4.2 0.1)
(2.2 4.2 0.1)
(2.4 4.2 0.1)
(2.6 4.2 0.1)
(2.8 4.2 0.1)
(3 4.2 0.1)
(3.2 4.2 0.1)
(3.4 4.2 0.1)
(3.6 4.2 0.1)
(3.8 4.2 0.1)
(4 4.2 0.1)
(4.2 4.2 0.1)
(4.4 4.2 0.1)
(4.6 4.2 0.1)
(4.8 4.2 0.1)
(5 4.2 0.1)
(5.2 4.2 0.1)
(5.4 4.2 0.1)
(5.6 4.2 0.1)
(5.8 4.2 0.1)
(6 4.2 0.1)
(6.2 4.2 0.1)
(6.4 4.2 0.1)
(6.6 4.2 0.1)
(6.8 4.2 0.1)
(7 4.2 0.1)
(7.2 4.2 0.1)
(7.4 4.2 0.1)
(7.6 4.2 0.1)
(7.8 4.2 0.1)
(8 4.2 0.1)
(8.2 4.2 0.1)
(8.4 4.2 0.1)
(8.6 4.2 0.1)
(8.8 4.2 0.1)
(9 4.2 0.1)
(9.2 4.2 0.1)
(9.4 4.2 0.1)
(9.6 4.2 0.1)
(9.8 4.2 0.1)
(10 4.2 0.1)
(10.2 4.2 0.1)
(10.4 4.2 0.1)
(10.6 4.2 0.1)
(10.8 4.2 0.1)
(11 4.2 0.1)
(11.2 4.2 0.1)
(11.4 4.2 0.1)
(11.6 4.2 0.1)
(11.8 4.2 0.1)
(12 4.2 0.1)
(12.2 4.2 0.1)
(12.4 4.2 0.1)
(12.6 4.2 0.1)
(12.8 4.2 0.1)
(13 4.2 0.1)
(13.2 4.2 0.1)
(13.4 4.2 0.1)
(13.6 4.2 0.1)
(13.8 4.2 0.1)
(14 4.2 0.1)
(14.2 4.2 0.1)
(14.4 4.2 0.1)
(14.6 4.2 0.1)
(14.8 4.2 0.1)
(15 4.2 0.1)
(-5 4.4 0.1)
(-4.8 4.4 0.1)
(-4.6 4.4 0.1)
(-4.4 4.4 0.1)
(-4.2 4.4 0.1)
(-4 4.4 0.1)
(-3.8 4.4 0.1)
(-3.6 4.4 0.1)
(-3.4 4.4 0.1)
(-3.2 4.4 0.1)
(-3 4.4 0.1)
(-2.8 4.4 0.1)
(-2.6 4.4 0.1)
(-2.4 4.4 0.1)
(-2.2 4.4 0.1)
(-2 4.4 0.1)
(-1.8 4.4 0.1)
(-1.6 4.4 0.1)
(-1.4 4.4 0.1)
(-1.2 4.4 0.1)
(-1 4.4 0.1)
(-0.8 4.4 0.1)
(-0.6 4.4 0.1)
(-0.4 4.4 0.1)
(-0.2 4.4 0.1)
(-4.2964e-24 4.4 0.1)
(0.2 4.4 0.1)
(0.4 4.4 0.1)
(0.6 4.4 0.1)
(0.8 4.4 0.1)
(1 4.4 0.1)
(1.2 4.4 0.1)
(1.4 4.4 0.1)
(1.6 4.4 0.1)
(1.8 4.4 0.1)
(2 4.4 0.1)
(2.2 4.4 0.1)
(2.4 4.4 0.1)
(2.6 4.4 0.1)
(2.8 4.4 0.1)
(3 4.4 0.1)
(3.2 4.4 0.1)
(3.4 4.4 0.1)
(3.6 4.4 0.1)
(3.8 4.4 0.1)
(4 4.4 0.1)
(4.2 4.4 0.1)
(4.4 4.4 0.1)
(4.6 4.4 0.1)
(4.8 4.4 0.1)
(5 4.4 0.1)
(5.2 4.4 0.1)
(5.4 4.4 0.1)
(5.6 4.4 0.1)
(5.8 4.4 0.1)
(6 4.4 0.1)
(6.2 4.4 0.1)
(6.4 4.4 0.1)
(6.6 4.4 0.1)
(6.8 4.4 0.1)
(7 4.4 0.1)
(7.2 4.4 0.1)
(7.4 4.4 0.1)
(7.6 4.4 0.1)
(7.8 4.4 0.1)
(8 4.4 0.1)
(8.2 4.4 0.1)
(8.4 4.4 0.1)
(8.6 4.4 0.1)
(8.8 4.4 0.1)
(9 4.4 0.1)
(9.2 4.4 0.1)
(9.4 4.4 0.1)
(9.6 4.4 0.1)
(9.8 4.4 0.1)
(10 4.4 0.1)
(10.2 4.4 0.1)
(10.4 4.4 0.1)
(10.6 4.4 0.1)
(10.8 4.4 0.1)
(11 4.4 0.1)
(11.2 4.4 0.1)
(11.4 4.4 0.1)
(11.6 4.4 0.1)
(11.8 4.4 0.1)
(12 4.4 0.1)
(12.2 4.4 0.1)
(12.4 4.4 0.1)
(12.6 4.4 0.1)
(12.8 4.4 0.1)
(13 4.4 0.1)
(13.2 4.4 0.1)
(13.4 4.4 0.1)
(13.6 4.4 0.1)
(13.8 4.4 0.1)
(14 4.4 0.1)
(14.2 4.4 0.1)
(14.4 4.4 0.1)
(14.6 4.4 0.1)
(14.8 4.4 0.1)
(15 4.4 0.1)
(-5 4.6 0.1)
(-4.8 4.6 0.1)
(-4.6 4.6 0.1)
(-4.4 4.6 0.1)
(-4.2 4.6 0.1)
(-4 4.6 0.1)
(-3.8 4.6 0.1)
(-3.6 4.6 0.1)
(-3.4 4.6 0.1)
(-3.2 4.6 0.1)
(-3 4.6 0.1)
(-2.8 4.6 0.1)
(-2.6 4.6 0.1)
(-2.4 4.6 0.1)
(-2.2 4.6 0.1)
(-2 4.6 0.1)
(-1.8 4.6 0.1)
(-1.6 4.6 0.1)
(-1.4 4.6 0.1)
(-1.2 4.6 0.1)
(-1 4.6 0.1)
(-0.8 4.6 0.1)
(-0.6 4.6 0.1)
(-0.4 4.6 0.1)
(-0.2 4.6 0.1)
(-1.50695e-25 4.6 0.1)
(0.2 4.6 0.1)
(0.4 4.6 0.1)
(0.6 4.6 0.1)
(0.8 4.6 0.1)
(1 4.6 0.1)
(1.2 4.6 0.1)
(1.4 4.6 0.1)
(1.6 4.6 0.1)
(1.8 4.6 0.1)
(2 4.6 0.1)
(2.2 4.6 0.1)
(2.4 4.6 0.1)
(2.6 4.6 0.1)
(2.8 4.6 0.1)
(3 4.6 0.1)
(3.2 4.6 0.1)
(3.4 4.6 0.1)
(3.6 4.6 0.1)
(3.8 4.6 0.1)
(4 4.6 0.1)
(4.2 4.6 0.1)
(4.4 4.6 0.1)
(4.6 4.6 0.1)
(4.8 4.6 0.1)
(5 4.6 0.1)
(5.2 4.6 0.1)
(5.4 4.6 0.1)
(5.6 4.6 0.1)
(5.8 4.6 0.1)
(6 4.6 0.1)
(6.2 4.6 0.1)
(6.4 4.6 0.1)
(6.6 4.6 0.1)
(6.8 4.6 0.1)
(7 4.6 0.1)
(7.2 4.6 0.1)
(7.4 4.6 0.1)
(7.6 4.6 0.1)
(7.8 4.6 0.1)
(8 4.6 0.1)
(8.2 4.6 0.1)
(8.4 4.6 0.1)
(8.6 4.6 0.1)
(8.8 4.6 0.1)
(9 4.6 0.1)
(9.2 4.6 0.1)
(9.4 4.6 0.1)
(9.6 4.6 0.1)
(9.8 4.6 0.1)
(10 4.6 0.1)
(10.2 4.6 0.1)
(10.4 4.6 0.1)
(10.6 4.6 0.1)
(10.8 4.6 0.1)
(11 4.6 0.1)
(11.2 4.6 0.1)
(11.4 4.6 0.1)
(11.6 4.6 0.1)
(11.8 4.6 0.1)
(12 4.6 0.1)
(12.2 4.6 0.1)
(12.4 4.6 0.1)
(12.6 4.6 0.1)
(12.8 4.6 0.1)
(13 4.6 0.1)
(13.2 4.6 0.1)
(13.4 4.6 0.1)
(13.6 4.6 0.1)
(13.8 4.6 0.1)
(14 4.6 0.1)
(14.2 4.6 0.1)
(14.4 4.6 0.1)
(14.6 4.6 0.1)
(14.8 4.6 0.1)
(15 4.6 0.1)
(-5 4.8 0.1)
(-4.8 4.8 0.1)
(-4.6 4.8 0.1)
(-4.4 4.8 0.1)
(-4.2 4.8 0.1)
(-4 4.8 0.1)
(-3.8 4.8 0.1)
(-3.6 4.8 0.1)
(-3.4 4.8 0.1)
(-3.2 4.8 0.1)
(-3 4.8 0.1)
(-2.8 4.8 0.1)
(-2.6 4.8 0.1)
(-2.4 4.8 0.1)
(-2.2 4.8 0.1)
(-2 4.8 0.1)
(-1.8 4.8 0.1)
(-1.6 4.8 0.1)
(-1.4 4.8 0.1)
(-1.2 4.8 0.1)
(-1 4.8 0.1)
(-0.8 4.8 0.1)
(-0.6 4.8 0.1)
(-0.4 4.8 0.1)
(-0.2 4.8 0.1)
(-4.3216e-27 4.8 0.1)
(0.2 4.8 0.1)
(0.4 4.8 0.1)
(0.6 4.8 0.1)
(0.8 4.8 0.1)
(1 4.8 0.1)
(1.2 4.8 0.1)
(1.4 4.8 0.1)
(1.6 4.8 0.1)
(1.8 4.8 0.1)
(2 4.8 0.1)
(2.2 4.8 0.1)
(2.4 4.8 0.1)
(2.6 4.8 0.1)
(2.8 4.8 0.1)
(3 4.8 0.1)
(3.2 4.8 0.1)
(3.4 4.8 0.1)
(3.6 4.8 0.1)
(3.8 4.8 0.1)
(4 4.8 0.1)
(4.2 4.8 0.1)
(4.4 4.8 0.1)
(4.6 4.8 0.1)
(4.8 4.8 0.1)
(5 4.8 0.1)
(5.2 4.8 0.1)
(5.4 4.8 0.1)
(5.6 4.8 0.1)
(5.8 4.8 0.1)
(6 4.8 0.1)
(6.2 4.8 0.1)
(6.4 4.8 0.1)
(6.6 4.8 0.1)
(6.8 4.8 0.1)
(7 4.8 0.1)
(7.2 4.8 0.1)
(7.4 4.8 0.1)
(7.6 4.8 0.1)
(7.8 4.8 0.1)
(8 4.8 0.1)
(8.2 4.8 0.1)
(8.4 4.8 0.1)
(8.6 4.8 0.1)
(8.8 4.8 0.1)
(9 4.8 0.1)
(9.2 4.8 0.1)
(9.4 4.8 0.1)
(9.6 4.8 0.1)
(9.8 4.8 0.1)
(10 4.8 0.1)
(10.2 4.8 0.1)
(10.4 4.8 0.1)
(10.6 4.8 0.1)
(10.8 4.8 0.1)
(11 4.8 0.1)
(11.2 4.8 0.1)
(11.4 4.8 0.1)
(11.6 4.8 0.1)
(11.8 4.8 0.1)
(12 4.8 0.1)
(12.2 4.8 0.1)
(12.4 4.8 0.1)
(12.6 4.8 0.1)
(12.8 4.8 0.1)
(13 4.8 0.1)
(13.2 4.8 0.1)
(13.4 4.8 0.1)
(13.6 4.8 0.1)
(13.8 4.8 0.1)
(14 4.8 0.1)
(14.2 4.8 0.1)
(14.4 4.8 0.1)
(14.6 4.8 0.1)
(14.8 4.8 0.1)
(15 4.8 0.1)
(-5 5 0.1)
(-4.8 5 0.1)
(-4.6 5 0.1)
(-4.4 5 0.1)
(-4.2 5 0.1)
(-4 5 0.1)
(-3.8 5 0.1)
(-3.6 5 0.1)
(-3.4 5 0.1)
(-3.2 5 0.1)
(-3 5 0.1)
(-2.8 5 0.1)
(-2.6 5 0.1)
(-2.4 5 0.1)
(-2.2 5 0.1)
(-2 5 0.1)
(-1.8 5 0.1)
(-1.6 5 0.1)
(-1.4 5 0.1)
(-1.2 5 0.1)
(-1 5 0.1)
(-0.8 5 0.1)
(-0.6 5 0.1)
(-0.4 5 0.1)
(-0.2 5 0.1)
(-1.23923e-28 5 0.1)
(0.2 5 0.1)
(0.4 5 0.1)
(0.6 5 0.1)
(0.8 5 0.1)
(1 5 0.1)
(1.2 5 0.1)
(1.4 5 0.1)
(1.6 5 0.1)
(1.8 5 0.1)
(2 5 0.1)
(2.2 5 0.1)
(2.4 5 0.1)
(2.6 5 0.1)
(2.8 5 0.1)
(3 5 0.1)
(3.2 5 0.1)
(3.4 5 0.1)
(3.6 5 0.1)
(3.8 5 0.1)
(4 5 0.1)
(4.2 5 0.1)
(4.4 5 0.1)
(4.6 5 0.1)
(4.8 5 0.1)
(5 5 0.1)
(5.2 5 0.1)
(5.4 5 0.1)
(5.6 5 0.1)
(5.8 5 0.1)
(6 5 0.1)
(6.2 5 0.1)
(6.4 5 0.1)
(6.6 5 0.1)
(6.8 5 0.1)
(7 5 0.1)
(7.2 5 0.1)
(7.4 5 0.1)
(7.6 5 0.1)
(7.8 5 0.1)
(8 5 0.1)
(8.2 5 0.1)
(8.4 5 0.1)
(8.6 5 0.1)
(8.8 5 0.1)
(9 5 0.1)
(9.2 5 0.1)
(9.4 5 0.1)
(9.6 5 0.1)
(9.8 5 0.1)
(10 5 0.1)
(10.2 5 0.1)
(10.4 5 0.1)
(10.6 5 0.1)
(10.8 5 0.1)
(11 5 0.1)
(11.2 5 0.1)
(11.4 5 0.1)
(11.6 5 0.1)
(11.8 5 0.1)
(12 5 0.1)
(12.2 5 0.1)
(12.4 5 0.1)
(12.6 5 0.1)
(12.8 5 0.1)
(13 5 0.1)
(13.2 5 0.1)
(13.4 5 0.1)
(13.6 5 0.1)
(13.8 5 0.1)
(14 5 0.1)
(14.2 5 0.1)
(14.4 5 0.1)
(14.6 5 0.1)
(14.8 5 0.1)
(15 5 0.1)
(-0.297585 -0.496537 0.05)
(-0.0951334 -0.490791 0.05)
(0.0951334 -0.490791 0.05)
(0.297585 -0.496537 0.05)
(-0.496537 -0.297585 0.05)
(0.496537 -0.297585 0.05)
(-0.490791 -0.0951334 0.05)
(0.490791 -0.0951334 0.05)
(-0.490791 0.0951334 0.05)
(0.490791 0.0951334 0.05)
(-0.496537 0.297585 0.05)
(0.496537 0.297585 0.05)
(-0.297585 0.496537 0.05)
(-0.0951334 0.490791 0.05)
(0.0951334 0.490791 0.05)
(0.297585 0.496537 0.05)
(-0.397383 -0.596804 0.05)
(-0.198955 -0.596037 0.05)
(-4.42808e-08 -0.59416 0.05)
(0.198955 -0.596037 0.05)
(0.397383 -0.596804 0.05)
(-0.596804 -0.397383 0.05)
(-0.389477 -0.389477 0.05)
(0.389477 -0.389477 0.05)
(0.596803 -0.397383 0.05)
(-0.596037 -0.198955 0.05)
(0.596037 -0.198955 0.05)
(-0.59416 -4.35741e-08 0.05)
(0.59416 -4.398e-08 0.05)
(-0.596037 0.198955 0.05)
(0.596037 0.198955 0.05)
(-0.596804 0.397383 0.05)
(-0.389477 0.389477 0.05)
(0.389477 0.389477 0.05)
(0.596803 0.397383 0.05)
(-0.397383 0.596803 0.05)
(-0.198955 0.596037 0.05)
(-4.44678e-08 0.59416 0.05)
(0.198955 0.596037 0.05)
(0.397383 0.596803 0.05)
(-0.298723 -0.597577 0)
(-0.394436 -0.493729 0)
(-0.0989477 -0.593375 0)
(-0.199263 -0.497347 0)
(0.0989477 -0.593375 0)
(0 -0.5 0)
(0.298723 -0.597577 0)
(0.199263 -0.497347 0)
(0.394435 -0.493728 0)
(-0.493729 -0.394436 0)
(-0.597577 -0.298723 0)
(-0.298501 -0.40089 0)
(-0.40089 -0.298501 0)
(0.298501 -0.40089 0)
(0.493728 -0.394435 0)
(0.40089 -0.298501 0)
(0.597577 -0.298723 0)
(-0.497347 -0.199263 0)
(-0.593375 -0.0989477 0)
(0.497347 -0.199263 0)
(0.593375 -0.0989477 0)
(-0.5 0 0)
(-0.593375 0.0989477 0)
(0.5 0 0)
(0.593375 0.0989477 0)
(-0.497347 0.199263 0)
(-0.597577 0.298723 0)
(-0.40089 0.298501 0)
(0.497347 0.199263 0)
(0.40089 0.298501 0)
(0.597577 0.298723 0)
(-0.493729 0.394436 0)
(-0.298501 0.40089 0)
(-0.394436 0.493729 0)
(-0.199263 0.497347 0)
(0 0.5 0)
(0.298501 0.40089 0)
(0.199263 0.497347 0)
(0.493728 0.394435 0)
(0.394435 0.493728 0)
(-0.298723 0.597577 0)
(-0.0989477 0.593375 0)
(0.0989477 0.593375 0)
(0.298723 0.597577 0)
(-0.298733 -0.597595 0.1)
(-0.394475 -0.493774 0.1)
(-0.0989514 -0.5934 0.1)
(-0.199287 -0.497402 0.1)
(0.0989514 -0.5934 0.1)
(0 -0.5 0.1)
(0.298733 -0.597595 0.1)
(0.199287 -0.497402 0.1)
(0.394475 -0.493774 0.1)
(-0.493774 -0.394475 0.1)
(-0.597595 -0.298733 0.1)
(-0.298545 -0.400859 0.1)
(-0.400859 -0.298545 0.1)
(0.298545 -0.400859 0.1)
(0.493774 -0.394475 0.1)
(0.400859 -0.298545 0.1)
(0.597594 -0.298733 0.1)
(-0.497402 -0.199287 0.1)
(-0.5934 -0.0989514 0.1)
(0.497402 -0.199287 0.1)
(0.5934 -0.0989514 0.1)
(-0.5 0 0.1)
(-0.5934 0.0989514 0.1)
(0.5 0 0.1)
(0.5934 0.0989514 0.1)
(-0.497402 0.199287 0.1)
(-0.597595 0.298733 0.1)
(-0.400859 0.298545 0.1)
(0.497402 0.199287 0.1)
(0.400859 0.298545 0.1)
(0.597594 0.298733 0.1)
(-0.493774 0.394475 0.1)
(-0.298545 0.400859 0.1)
(-0.394475 0.493774 0.1)
(-0.199287 0.497402 0.1)
(0 0.5 0.1)
(0.298545 0.400859 0.1)
(0.199287 0.497402 0.1)
(0.493774 0.394475 0.1)
(0.394475 0.493774 0.1)
(-0.298733 0.597594 0.1)
(-0.0989514 0.5934 0.1)
(0.0989514 0.5934 0.1)
(0.298733 0.597594 0.1)
(-0.298726 -0.5976 0.05)
(-0.0989522 -0.593404 0.05)
(0.0989522 -0.593404 0.05)
(0.298726 -0.5976 0.05)
(-0.394516 -0.493823 0.05)
(-0.493823 -0.394516 0.05)
(-0.199258 -0.497324 0.05)
(-0.298526 -0.400873 0.05)
(0 -0.5 0.05)
(0.199258 -0.497324 0.05)
(0.394516 -0.493823 0.05)
(0.298526 -0.400873 0.05)
(0.493823 -0.394516 0.05)
(-0.5976 -0.298726 0.05)
(-0.400873 -0.298526 0.05)
(-0.497324 -0.199258 0.05)
(0.400873 -0.298526 0.05)
(0.5976 -0.298726 0.05)
(0.497324 -0.199258 0.05)
(-0.593404 -0.0989522 0.05)
(-0.5 0 0.05)
(0.593404 -0.0989522 0.05)
(0.5 0 0.05)
(-0.593404 0.0989522 0.05)
(-0.497324 0.199258 0.05)
(0.593404 0.0989522 0.05)
(0.497324 0.199258 0.05)
(-0.5976 0.298726 0.05)
(-0.400873 0.298526 0.05)
(-0.493823 0.394516 0.05)
(-0.298526 0.400873 0.05)
(0.400873 0.298526 0.05)
(0.298526 0.400873 0.05)
(0.5976 0.298726 0.05)
(0.493823 0.394516 0.05)
(-0.394516 0.493823 0.05)
(-0.199258 0.497324 0.05)
(-0.298726 0.5976 0.05)
(0 0.5 0.05)
(-0.0989522 0.593404 0.05)
(0.199258 0.497324 0.05)
(0.0989522 0.593404 0.05)
(0.394516 0.493823 0.05)
(0.298726 0.5976 0.05)
(-0.496528 -0.297578 0)
(-0.490791 -0.0951349 0)
(-0.490791 0.0951349 0)
(-0.496528 0.297578 0)
(-0.297578 -0.496528 0)
(-0.297578 0.496528 0)
(-0.0951349 -0.490791 0)
(-0.0951349 0.490791 0)
(0.0951349 -0.490791 0)
(0.0951349 0.490791 0)
(0.297578 -0.496528 0)
(0.297578 0.496528 0)
(0.496528 -0.297578 0)
(0.490791 -0.0951349 0)
(0.490791 0.0951349 0)
(0.496528 0.297578 0)
(-0.496567 -0.297602 0.1)
(-0.490791 -0.0951368 0.1)
(-0.490791 0.0951368 0.1)
(-0.496567 0.297602 0.1)
(-0.297602 -0.496567 0.1)
(-0.297602 0.496567 0.1)
(-0.0951368 -0.490791 0.1)
(-0.0951368 0.490791 0.1)
(0.0951368 -0.490791 0.1)
(0.0951368 0.490791 0.1)
(0.297602 -0.496567 0.1)
(0.297602 0.496567 0.1)
(0.496567 -0.297602 0.1)
(0.490791 -0.0951368 0.1)
(0.490791 0.0951368 0.1)
(0.496567 0.297602 0.1)
(-0.0994932 -0.696062 0.05)
(0.0994932 -0.696062 0.05)
(-0.49584 -0.49584 0.05)
(-0.148118 -0.542622 0.025)
(0.0492984 -0.542787 0.025)
(0.49584 -0.49584 0.05)
(0.441263 -0.342755 0.025)
(-0.696062 -0.0994932 0.05)
(-0.542622 -0.148118 0.025)
(0.696062 -0.0994931 0.05)
(-0.696062 0.0994932 0.05)
(-0.542787 0.0492984 0.025)
(0.696062 0.0994931 0.05)
(0.439043 0.238717 0.025)
(-0.49584 0.49584 0.05)
(-0.342755 0.441263 0.025)
(0.238717 0.439043 0.025)
(0.49584 0.49584 0.05)
(-0.0994931 0.696062 0.05)
(0.0994931 0.696062 0.05)
(-0.342755 -0.441263 0.025)
(-0.238717 -0.439043 0.025)
(-0.342799 -0.441319 0.075)
(-0.238685 -0.439061 0.075)
(-0.0492984 -0.542786 0.025)
(-0.148134 -0.542676 0.075)
(-0.0493032 -0.542839 0.075)
(0.148118 -0.542622 0.025)
(0.0493032 -0.54284 0.075)
(0.148134 -0.542676 0.075)
(0.238717 -0.439043 0.025)
(0.342755 -0.441263 0.025)
(0.238685 -0.439061 0.075)
(0.342799 -0.441319 0.075)
(-0.441263 -0.342755 0.025)
(-0.439043 -0.238717 0.025)
(-0.441319 -0.342799 0.075)
(-0.439061 -0.238685 0.075)
(0.439043 -0.238717 0.025)
(0.441319 -0.342799 0.075)
(0.439061 -0.238685 0.075)
(-0.542786 -0.0492984 0.025)
(-0.542676 -0.148134 0.075)
(-0.542839 -0.0493032 0.075)
(0.542622 -0.148118 0.025)
(0.542786 -0.0492984 0.025)
(0.542676 -0.148134 0.075)
(0.542839 -0.0493032 0.075)
(-0.542622 0.148118 0.025)
(-0.54284 0.0493032 0.075)
(-0.542676 0.148134 0.075)
(0.542787 0.0492984 0.025)
(0.542622 0.148118 0.025)
(0.54284 0.0493032 0.075)
(0.542676 0.148134 0.075)
(-0.439043 0.238717 0.025)
(-0.441263 0.342755 0.025)
(-0.439061 0.238685 0.075)
(-0.441319 0.342799 0.075)
(0.441263 0.342755 0.025)
(0.439061 0.238685 0.075)
(0.441319 0.342799 0.075)
(-0.238717 0.439043 0.025)
(-0.342799 0.441319 0.075)
(-0.238685 0.439061 0.075)
(-0.148118 0.542622 0.025)
(-0.0492984 0.542786 0.025)
(-0.148134 0.542676 0.075)
(-0.0493032 0.542839 0.075)
(0.0492984 0.542787 0.025)
(0.148118 0.542622 0.025)
(0.0493032 0.54284 0.075)
(0.148134 0.542676 0.075)
(0.342755 0.441263 0.025)
(0.238685 0.439061 0.075)
(0.342799 0.441319 0.075)
(-0.099729 -0.797511 0)
(-0.199356 -0.69725 0)
(-0.199631 -0.798242 0.05)
(0.099729 -0.797511 0)
(-2.04176e-08 -0.696026 0)
(-6.06636e-09 -0.797532 0.05)
(0.199356 -0.69725 0)
(0.199631 -0.798242 0.05)
(-0.497323 -0.597147 0)
(-0.597147 -0.497323 0)
(-0.598174 -0.598174 0.05)
(-0.198957 -0.596044 0.025)
(-0.148675 -0.594067 0)
(-0.198831 -0.545789 0)
(-6.93472e-08 -0.594161 0.025)
(-0.0494174 -0.593558 0)
(0.0494175 -0.593559 0)
(-2.48392e-08 -0.543918 0)
(0.198957 -0.596044 0.025)
(0.148675 -0.594067 0)
(0.198831 -0.545789 0)
(0.497323 -0.597147 0)
(0.597147 -0.497323 0)
(0.598174 -0.598174 0.05)
(-0.389432 -0.389432 0.025)
(-0.392061 -0.44134 0)
(-0.44134 -0.392061 0)
(-0.328456 -0.376919 0)
(-0.376919 -0.328456 0)
(-0.202343 -0.456955 0)
(0.202343 -0.456955 0)
(0.389432 -0.389432 0.025)
(0.392061 -0.441339 0)
(0.328456 -0.376919 0)
(0.441339 -0.392061 0)
(0.376919 -0.328456 0)
(-0.697249 -0.199356 0)
(-0.797511 -0.0997289 0)
(-0.79824 -0.199631 0.05)
(-0.596044 -0.198957 0.025)
(-0.545789 -0.198831 0)
(-0.594067 -0.148675 0)
(-0.456955 -0.202343 0)
(0.456955 -0.202343 0)
(0.697249 -0.199356 0)
(0.596044 -0.198957 0.025)
(0.545789 -0.198831 0)
(0.594067 -0.148675 0)
(0.797511 -0.0997288 0)
(0.79824 -0.19963 0.05)
(-0.696026 -1.45706e-08 0)
(-0.797511 0.099729 0)
(-0.797531 -1.75148e-08 0.05)
(-0.594161 -6.83809e-08 0.025)
(-0.593558 -0.0494174 0)
(-0.543918 -2.4604e-08 0)
(-0.593559 0.0494175 0)
(0.696025 -1.91337e-08 0)
(0.594161 -6.89882e-08 0.025)
(0.593558 -0.0494174 0)
(0.543918 -2.47304e-08 0)
(0.593558 0.0494175 0)
(0.797511 0.0997288 0)
(0.797531 -5.12042e-09 0.05)
(-0.69725 0.199356 0)
(-0.798242 0.199631 0.05)
(-0.596045 0.198957 0.025)
(-0.594067 0.148675 0)
(-0.545789 0.198831 0)
(-0.456955 0.202343 0)
(0.456955 0.202343 0)
(0.697249 0.199356 0)
(0.596044 0.198957 0.025)
(0.594067 0.148675 0)
(0.545789 0.198831 0)
(0.79824 0.19963 0.05)
(-0.597147 0.497323 0)
(-0.389432 0.389432 0.025)
(-0.376919 0.328456 0)
(-0.44134 0.392061 0)
(-0.328456 0.376919 0)
(-0.392061 0.44134 0)
(-0.202343 0.456955 0)
(0.202343 0.456955 0)
(0.389432 0.389432 0.025)
(0.376919 0.328456 0)
(0.328456 0.376919 0)
(0.441339 0.392061 0)
(0.392061 0.441339 0)
(0.597147 0.497323 0)
(-0.497323 0.597147 0)
(-0.598174 0.598174 0.05)
(-0.199356 0.697249 0)
(-0.198957 0.596044 0.025)
(-0.198831 0.545789 0)
(-0.148675 0.594067 0)
(-2.06996e-08 0.696025 0)
(-6.93545e-08 0.594161 0.025)
(-2.47974e-08 0.543918 0)
(-0.0494174 0.593558 0)
(0.0494175 0.593558 0)
(0.199356 0.697249 0)
(0.198957 0.596044 0.025)
(0.198831 0.545789 0)
(0.148675 0.594067 0)
(0.497323 0.597147 0)
(0.598174 0.598174 0.05)
(-0.0997289 0.797511 0)
(-0.19963 0.79824 0.05)
(0.0997288 0.797511 0)
(-7.16344e-09 0.797531 0.05)
(0.19963 0.79824 0.05)
(-0.0997289 -0.797511 0.1)
(-0.199355 -0.697245 0.1)
(0.0997289 -0.797511 0.1)
(-1.43016e-08 -0.696027 0.1)
(0.199355 -0.697245 0.1)
(-0.497327 -0.597151 0.1)
(-0.597151 -0.497327 0.1)
(-0.198955 -0.596037 0.075)
(-0.148681 -0.59409 0.1)
(-0.198843 -0.54582 0.1)
(-4.42808e-08 -0.59416 0.075)
(-0.0494194 -0.59359 0.1)
(0.0494194 -0.59359 0.1)
(-2.47081e-08 -0.543987 0.1)
(0.198955 -0.596037 0.075)
(0.148681 -0.59409 0.1)
(0.198843 -0.54582 0.1)
(0.497327 -0.597151 0.1)
(0.597151 -0.497327 0.1)
(-0.389477 -0.389477 0.075)
(-0.392125 -0.441411 0.1)
(-0.441411 -0.392125 0.1)
(-0.328449 -0.376924 0.1)
(-0.376924 -0.328449 0.1)
(-0.202376 -0.45694 0.1)
(0.202376 -0.45694 0.1)
(0.389477 -0.389477 0.075)
(0.392125 -0.441411 0.1)
(0.328449 -0.376924 0.1)
(0.441411 -0.392125 0.1)
(0.376924 -0.328449 0.1)
(-0.697245 -0.199355 0.1)
(-0.797511 -0.0997288 0.1)
(-0.596037 -0.198955 0.075)
(-0.54582 -0.198843 0.1)
(-0.59409 -0.148681 0.1)
(-0.45694 -0.202376 0.1)
(0.45694 -0.202376 0.1)
(0.697245 -0.199355 0.1)
(0.596037 -0.198955 0.075)
(0.54582 -0.198843 0.1)
(0.59409 -0.148681 0.1)
(0.79751 -0.0997288 0.1)
(-0.696027 -9.83418e-09 0.1)
(-0.797511 0.0997289 0.1)
(-0.59416 -4.35741e-08 0.075)
(-0.59359 -0.0494194 0.1)
(-0.543987 -2.46262e-08 0.1)
(-0.59359 0.0494194 0.1)
(0.696027 -1.34908e-08 0.1)
(0.59416 -4.398e-08 0.075)
(0.59359 -0.0494194 0.1)
(0.543987 -2.46166e-08 0.1)
(0.59359 0.0494194 0.1)
(0.79751 0.0997288 0.1)
(-0.697245 0.199355 0.1)
(-0.596037 0.198955 0.075)
(-0.59409 0.148681 0.1)
(-0.54582 0.198843 0.1)
(-0.45694 0.202376 0.1)
(0.45694 0.202376 0.1)
(0.697245 0.199355 0.1)
(0.596037 0.198955 0.075)
(0.59409 0.148681 0.1)
(0.54582 0.198843 0.1)
(-0.597151 0.497327 0.1)
(-0.389477 0.389477 0.075)
(-0.376924 0.328449 0.1)
(-0.441411 0.392125 0.1)
(-0.328449 0.376924 0.1)
(-0.392125 0.441411 0.1)
(-0.202376 0.45694 0.1)
(0.202376 0.45694 0.1)
(0.389477 0.389477 0.075)
(0.376924 0.328449 0.1)
(0.328449 0.376924 0.1)
(0.441411 0.392125 0.1)
(0.392125 0.441411 0.1)
(0.597151 0.497327 0.1)
(-0.497327 0.597151 0.1)
(-0.199355 0.697245 0.1)
(-0.198955 0.596037 0.075)
(-0.198843 0.54582 0.1)
(-0.148681 0.59409 0.1)
(-1.52296e-08 0.696027 0.1)
(-4.44678e-08 0.59416 0.075)
(-2.48162e-08 0.543987 0.1)
(-0.0494194 0.59359 0.1)
(0.0494194 0.59359 0.1)
(0.199355 0.697245 0.1)
(0.198955 0.596037 0.075)
(0.198843 0.54582 0.1)
(0.148681 0.59409 0.1)
(0.497327 0.597151 0.1)
(-0.0997288 0.79751 0.1)
(0.0997288 0.79751 0.1)
(-0.344928 -0.493837 0.05)
(-0.24899 -0.497876 0.05)
(-0.297056 -0.446037 0.05)
(-0.297578 -0.496528 0.025)
(-0.297602 -0.496567 0.075)
(-0.0985653 -0.541443 0.05)
(-0.136155 -0.480917 0.05)
(-0.0488973 -0.497334 0.05)
(-0.0951349 -0.490791 0.025)
(-0.0951368 -0.490791 0.075)
(0.0985653 -0.541443 0.05)
(0.0488973 -0.497334 0.05)
(0.136155 -0.480917 0.05)
(0.0951349 -0.490791 0.025)
(0.0951368 -0.490791 0.075)
(0.24899 -0.497876 0.05)
(0.344928 -0.493837 0.05)
(0.297056 -0.446037 0.05)
(0.297578 -0.496528 0.025)
(0.297602 -0.496567 0.075)
(-0.493837 -0.344928 0.05)
(-0.446037 -0.297056 0.05)
(-0.497876 -0.24899 0.05)
(-0.496528 -0.297578 0.025)
(-0.496567 -0.297602 0.075)
(0.493837 -0.344928 0.05)
(0.446037 -0.297056 0.05)
(0.497876 -0.24899 0.05)
(0.496528 -0.297578 0.025)
(0.496567 -0.297602 0.075)
(-0.480917 -0.136155 0.05)
(-0.541443 -0.0985653 0.05)
(-0.497334 -0.0488973 0.05)
(-0.490791 -0.0951349 0.025)
(-0.490791 -0.0951368 0.075)
(0.480917 -0.136155 0.05)
(0.541443 -0.0985653 0.05)
(0.497334 -0.0488973 0.05)
(0.490791 -0.0951349 0.025)
(0.490791 -0.0951368 0.075)
(-0.497334 0.0488973 0.05)
(-0.541443 0.0985653 0.05)
(-0.480917 0.136155 0.05)
(-0.490791 0.0951349 0.025)
(-0.490791 0.0951368 0.075)
(0.497334 0.0488973 0.05)
(0.541443 0.0985653 0.05)
(0.480917 0.136155 0.05)
(0.490791 0.0951349 0.025)
(0.490791 0.0951368 0.075)
(-0.497876 0.24899 0.05)
(-0.446037 0.297056 0.05)
(-0.493837 0.344928 0.05)
(-0.496528 0.297578 0.025)
(-0.496567 0.297602 0.075)
(0.497876 0.24899 0.05)
(0.446037 0.297056 0.05)
(0.493837 0.344928 0.05)
(0.496528 0.297578 0.025)
(0.496567 0.297602 0.075)
(-0.297056 0.446037 0.05)
(-0.344928 0.493837 0.05)
(-0.24899 0.497876 0.05)
(-0.297578 0.496528 0.025)
(-0.297602 0.496567 0.075)
(-0.136155 0.480917 0.05)
(-0.0488973 0.497334 0.05)
(-0.0985653 0.541443 0.05)
(-0.0951349 0.490791 0.025)
(-0.0951368 0.490791 0.075)
(0.0488973 0.497334 0.05)
(0.136155 0.480917 0.05)
(0.0985653 0.541443 0.05)
(0.0951349 0.490791 0.025)
(0.0951368 0.490791 0.075)
(0.297056 0.446037 0.05)
(0.24899 0.497876 0.05)
(0.344928 0.493837 0.05)
(0.297578 0.496528 0.025)
(0.297602 0.496567 0.075)
(-0.148675 -0.594072 0.05)
(-0.198831 -0.545785 0.05)
(-0.0494173 -0.593571 0.05)
(0.0494173 -0.593571 0.05)
(-8.75575e-08 -0.543944 0.05)
(0.148675 -0.594072 0.05)
(0.198831 -0.545785 0.05)
(-0.392103 -0.441385 0.05)
(-0.441385 -0.392103 0.05)
(-0.328453 -0.376921 0.05)
(-0.376921 -0.328453 0.05)
(-0.202361 -0.456947 0.05)
(0.202361 -0.456947 0.05)
(0.392103 -0.441385 0.05)
(0.328453 -0.376921 0.05)
(0.441385 -0.392103 0.05)
(0.376921 -0.328453 0.05)
(-0.545785 -0.198831 0.05)
(-0.594072 -0.148675 0.05)
(-0.456947 -0.202361 0.05)
(0.456947 -0.202361 0.05)
(0.545785 -0.198831 0.05)
(0.594072 -0.148675 0.05)
(-0.593571 -0.0494173 0.05)
(-0.543944 -8.74152e-08 0.05)
(-0.593571 0.0494173 0.05)
(0.593571 -0.0494173 0.05)
(0.543944 -8.74581e-08 0.05)
(0.593571 0.0494173 0.05)
(-0.594072 0.148675 0.05)
(-0.545785 0.198831 0.05)
(-0.456947 0.202361 0.05)
(0.456947 0.202361 0.05)
(0.594072 0.148675 0.05)
(0.545785 0.198831 0.05)
(-0.376921 0.328453 0.05)
(-0.441385 0.392103 0.05)
(-0.328453 0.376921 0.05)
(-0.392103 0.441385 0.05)
(-0.202361 0.456947 0.05)
(0.202361 0.456947 0.05)
(0.376921 0.328453 0.05)
(0.328453 0.376921 0.05)
(0.441385 0.392103 0.05)
(0.392103 0.441385 0.05)
(-0.198831 0.545785 0.05)
(-0.148675 0.594072 0.05)
(-8.76067e-08 0.543944 0.05)
(-0.0494173 0.593571 0.05)
(0.0494173 0.593571 0.05)
(0.198831 0.545785 0.05)
(0.148675 0.594072 0.05)
(-0.394557 -0.493871 0.025)
(-0.344958 -0.493873 0)
(-0.0989529 -0.593408 0.025)
(-0.0985693 -0.54146 0)
(-0.19923 -0.497247 0.025)
(-0.248989 -0.497876 0)
(-0.136162 -0.480915 0)
(0.098953 -0.593408 0.025)
(0.0985693 -0.54146 0)
(0 -0.5 0.025)
(-0.0488953 -0.497334 0)
(0.0488953 -0.497334 0)
(0.19923 -0.497247 0.025)
(0.136162 -0.480915 0)
(0.248989 -0.497876 0)
(0.394557 -0.493871 0.025)
(0.344957 -0.493872 0)
(-0.493871 -0.394557 0.025)
(-0.493872 -0.344958 0)
(-0.298506 -0.400887 0.025)
(-0.297056 -0.446039 0)
(-0.400887 -0.298506 0.025)
(-0.446039 -0.297056 0)
(0.298506 -0.400887 0.025)
(0.297056 -0.446039 0)
(0.493871 -0.394557 0.025)
(0.493872 -0.344958 0)
(0.400887 -0.298506 0.025)
(0.446039 -0.297056 0)
(-0.497247 -0.19923 0.025)
(-0.497876 -0.248989 0)
(-0.480915 -0.136162 0)
(-0.593408 -0.0989529 0.025)
(-0.54146 -0.0985693 0)
(0.497247 -0.19923 0.025)
(0.497876 -0.248989 0)
(0.480915 -0.136162 0)
(0.593408 -0.0989529 0.025)
(0.54146 -0.0985693 0)
(-0.5 0 0.025)
(-0.497334 -0.0488953 0)
(-0.497334 0.0488953 0)
(-0.593408 0.098953 0.025)
(-0.54146 0.0985693 0)
(0.5 0 0.025)
(0.497334 -0.0488953 0)
(0.497334 0.0488953 0)
(0.593408 0.0989529 0.025)
(0.54146 0.0985693 0)
(-0.497247 0.19923 0.025)
(-0.480915 0.136162 0)
(-0.497876 0.248989 0)
(-0.400887 0.298506 0.025)
(-0.446039 0.297056 0)
(0.497247 0.19923 0.025)
(0.480915 0.136162 0)
(0.497876 0.248989 0)
(0.400887 0.298506 0.025)
(0.446039 0.297056 0)
(-0.493871 0.394557 0.025)
(-0.493873 0.344958 0)
(-0.298506 0.400887 0.025)
(-0.297056 0.446039 0)
(-0.394557 0.493871 0.025)
(-0.344958 0.493872 0)
(-0.19923 0.497247 0.025)
(-0.248989 0.497876 0)
(-0.136162 0.480915 0)
(0 0.5 0.025)
(-0.0488953 0.497334 0)
(0.0488953 0.497334 0)
(0.298506 0.400887 0.025)
(0.297056 0.446039 0)
(0.19923 0.497247 0.025)
(0.136162 0.480915 0)
(0.248989 0.497876 0)
(0.493871 0.394557 0.025)
(0.493872 0.344957 0)
(0.394557 0.493871 0.025)
(0.344958 0.493872 0)
(-0.0989529 0.593408 0.025)
(-0.0985693 0.54146 0)
(0.0989529 0.593408 0.025)
(0.0985693 0.54146 0)
(-0.394516 -0.493823 0.075)
(-0.344979 -0.493901 0.1)
(-0.0989522 -0.593404 0.075)
(-0.0985778 -0.54151 0.1)
(-0.199258 -0.497324 0.075)
(-0.249021 -0.497937 0.1)
(-0.136099 -0.480934 0.1)
(0.0989522 -0.593404 0.075)
(0.0985778 -0.54151 0.1)
(0 -0.5 0.075)
(-0.0489038 -0.497333 0.1)
(0.0489038 -0.497333 0.1)
(0.199258 -0.497324 0.075)
(0.136099 -0.480934 0.1)
(0.249021 -0.497937 0.1)
(0.394516 -0.493823 0.075)
(0.344979 -0.493901 0.1)
(-0.493823 -0.394516 0.075)
(-0.493901 -0.344979 0.1)
(-0.298526 -0.400873 0.075)
(-0.297097 -0.446102 0.1)
(-0.400873 -0.298526 0.075)
(-0.446102 -0.297097 0.1)
(0.298526 -0.400873 0.075)
(0.297097 -0.446102 0.1)
(0.493823 -0.394516 0.075)
(0.493901 -0.344979 0.1)
(0.400873 -0.298526 0.075)
(0.446102 -0.297097 0.1)
(-0.497324 -0.199258 0.075)
(-0.497937 -0.249021 0.1)
(-0.480934 -0.136099 0.1)
(-0.593404 -0.0989522 0.075)
(-0.54151 -0.0985778 0.1)
(0.497324 -0.199258 0.075)
(0.497937 -0.249021 0.1)
(0.480934 -0.136099 0.1)
(0.593404 -0.0989522 0.075)
(0.54151 -0.0985778 0.1)
(-0.5 0 0.075)
(-0.497333 -0.0489038 0.1)
(-0.497333 0.0489038 0.1)
(-0.593404 0.0989522 0.075)
(-0.54151 0.0985778 0.1)
(0.5 0 0.075)
(0.497333 -0.0489038 0.1)
(0.497333 0.0489038 0.1)
(0.593404 0.0989522 0.075)
(0.54151 0.0985778 0.1)
(-0.497324 0.199258 0.075)
(-0.480934 0.136099 0.1)
(-0.497937 0.249021 0.1)
(-0.400873 0.298526 0.075)
(-0.446102 0.297097 0.1)
(0.497324 0.199258 0.075)
(0.480934 0.136099 0.1)
(0.497937 0.249021 0.1)
(0.400873 0.298526 0.075)
(0.446102 0.297097 0.1)
(-0.493823 0.394516 0.075)
(-0.493901 0.344979 0.1)
(-0.298526 0.400873 0.075)
(-0.297097 0.446102 0.1)
(-0.394516 0.493823 0.075)
(-0.344979 0.493901 0.1)
(-0.199258 0.497324 0.075)
(-0.249021 0.497937 0.1)
(-0.136099 0.480934 0.1)
(0 0.5 0.075)
(-0.0489038 0.497333 0.1)
(0.0489038 0.497333 0.1)
(0.298526 0.400873 0.075)
(0.297097 0.446102 0.1)
(0.199258 0.497324 0.075)
(0.136099 0.480934 0.1)
(0.249021 0.497937 0.1)
(0.493823 0.394516 0.075)
(0.493901 0.344979 0.1)
(0.394516 0.493823 0.075)
(0.344979 0.493901 0.1)
(-0.0989522 0.593404 0.075)
(-0.0985778 0.54151 0.1)
(0.0989522 0.593404 0.075)
(0.0985778 0.54151 0.1)
(-0.0997289 -0.797511 0.05)
(0.0997289 -0.797511 0.05)
(-0.497327 -0.597151 0.05)
(-0.199355 -0.697245 0.05)
(-1.43016e-08 -0.696027 0.05)
(-0.148669 -0.594054 0.025)
(-0.0494151 -0.593552 0.025)
(-0.148675 -0.594072 0.075)
(-0.0494173 -0.593571 0.075)
(0.199355 -0.697245 0.05)
(0.0494152 -0.593552 0.025)
(0.148669 -0.594054 0.025)
(0.0494173 -0.593571 0.075)
(0.148675 -0.594072 0.075)
(0.497327 -0.597151 0.05)
(-0.597151 -0.497327 0.05)
(-0.39208 -0.44136 0.025)
(-0.392103 -0.441385 0.075)
(-0.44136 -0.39208 0.025)
(-0.441385 -0.392103 0.075)
(-0.344958 -0.493873 0.025)
(-0.198819 -0.54575 0.025)
(-0.0985693 -0.54146 0.025)
(-0.136162 -0.480915 0.025)
(-0.148116 -0.542613 0.05)
(-1.50407e-07 -0.543901 0.025)
(0.0985693 -0.54146 0.025)
(0.0488953 -0.497334 0.025)
(0.0492975 -0.542783 0.05)
(0.198819 -0.54575 0.025)
(0.248989 -0.497876 0.025)
(0.597151 -0.497327 0.05)
(0.44136 -0.39208 0.025)
(0.39208 -0.44136 0.025)
(0.392103 -0.441385 0.075)
(0.441385 -0.392103 0.075)
(-0.697245 -0.199355 0.05)
(-0.493872 -0.344958 0.025)
(-0.328457 -0.376918 0.025)
(-0.376918 -0.328457 0.025)
(0.376918 -0.328457 0.025)
(0.493872 -0.344958 0.025)
(0.446039 -0.297056 0.025)
(0.441251 -0.342746 0.05)
(0.697245 -0.199355 0.05)
(-0.797511 -0.0997288 0.05)
(-0.594054 -0.148669 0.025)
(-0.696027 -9.83418e-09 0.05)
(-0.593552 -0.0494151 0.025)
(-0.594072 -0.148675 0.075)
(-0.593571 -0.0494173 0.075)
(-0.54575 -0.198819 0.025)
(-0.480915 -0.136162 0.025)
(-0.54146 -0.0985693 0.025)
(-0.542613 -0.148116 0.05)
(0.456953 -0.202347 0.025)
(0.480915 -0.136162 0.025)
(0.79751 -0.0997288 0.05)
(0.696027 -1.34908e-08 0.05)
(0.594054 -0.148669 0.025)
(0.593552 -0.0494151 0.025)
(0.594072 -0.148675 0.075)
(0.593571 -0.0494173 0.075)
(-0.797511 0.0997289 0.05)
(-0.593552 0.0494152 0.025)
(-0.697245 0.199355 0.05)
(-0.594054 0.148669 0.025)
(-0.593571 0.0494173 0.075)
(-0.594072 0.148675 0.075)
(-0.543901 -1.50204e-07 0.025)
(-0.497334 0.0488953 0.025)
(-0.54146 0.0985693 0.025)
(-0.542783 0.0492975 0.05)
(0.497334 0.0488953 0.025)
(0.79751 0.0997288 0.05)
(0.697245 0.199355 0.05)
(0.593552 0.0494152 0.025)
(0.594054 0.148669 0.025)
(0.593571 0.0494173 0.075)
(0.594072 0.148675 0.075)
(-0.54575 0.198819 0.025)
(-0.497876 0.248989 0.025)
(0.456953 0.202347 0.025)
(0.497876 0.248989 0.025)
(0.446039 0.297056 0.025)
(0.439044 0.238716 0.05)
(-0.597151 0.497327 0.05)
(-0.39208 0.44136 0.025)
(-0.497327 0.597151 0.05)
(-0.44136 0.39208 0.025)
(-0.441385 0.392103 0.075)
(-0.392103 0.441385 0.075)
(-0.328457 0.376918 0.025)
(-0.297056 0.446039 0.025)
(-0.344958 0.493872 0.025)
(-0.342747 0.441251 0.05)
(-0.202347 0.456953 0.025)
(-0.136162 0.480915 0.025)
(0.0488953 0.497334 0.025)
(0.202347 0.456953 0.025)
(0.297056 0.446039 0.025)
(0.248989 0.497876 0.025)
(0.238716 0.439044 0.05)
(0.597151 0.497327 0.05)
(0.497327 0.597151 0.05)
(0.44136 0.39208 0.025)
(0.441385 0.392103 0.075)
(0.39208 0.44136 0.025)
(0.392103 0.441385 0.075)
(-0.199355 0.697245 0.05)
(-1.52296e-08 0.696027 0.05)
(-0.0997288 0.79751 0.05)
(-0.148669 0.594054 0.025)
(-0.0494151 0.593552 0.025)
(-0.148675 0.594072 0.075)
(-0.0494173 0.593571 0.075)
(0.199355 0.697245 0.05)
(0.0997288 0.79751 0.05)
(0.0494152 0.593552 0.025)
(0.148669 0.594054 0.025)
(0.0494173 0.593571 0.075)
(0.148675 0.594072 0.075)
(-0.248989 -0.497876 0.025)
(-0.297056 -0.446039 0.025)
(-0.342747 -0.441251 0.05)
(-0.238716 -0.439044 0.05)
(-0.202347 -0.456953 0.025)
(-0.344979 -0.493901 0.075)
(-0.249021 -0.497937 0.075)
(-0.198831 -0.545785 0.075)
(-0.297097 -0.446102 0.075)
(-0.328453 -0.376921 0.075)
(-0.202361 -0.456947 0.075)
(-0.0488953 -0.497334 0.025)
(-0.0492974 -0.542783 0.05)
(-0.0985778 -0.54151 0.075)
(-0.136099 -0.480934 0.075)
(-0.0489038 -0.497333 0.075)
(-8.75575e-08 -0.543944 0.075)
(0.136162 -0.480915 0.025)
(0.148116 -0.542613 0.05)
(0.202347 -0.456953 0.025)
(0.0985778 -0.54151 0.075)
(0.0489038 -0.497333 0.075)
(0.136099 -0.480934 0.075)
(0.198831 -0.545785 0.075)
(0.202361 -0.456947 0.075)
(0.344957 -0.493872 0.025)
(0.297056 -0.446039 0.025)
(0.238716 -0.439044 0.05)
(0.342747 -0.441251 0.05)
(0.328457 -0.376918 0.025)
(0.249021 -0.497937 0.075)
(0.344979 -0.493901 0.075)
(0.297097 -0.446102 0.075)
(0.328453 -0.376921 0.075)
(-0.446039 -0.297056 0.025)
(-0.441251 -0.342747 0.05)
(-0.497876 -0.248989 0.025)
(-0.439044 -0.238716 0.05)
(-0.456953 -0.202347 0.025)
(-0.493901 -0.344979 0.075)
(-0.446102 -0.297097 0.075)
(-0.376921 -0.328453 0.075)
(-0.497937 -0.249021 0.075)
(-0.545785 -0.198831 0.075)
(-0.456947 -0.202361 0.075)
(0.376921 -0.328453 0.075)
(0.497876 -0.248989 0.025)
(0.439044 -0.238716 0.05)
(0.54575 -0.198819 0.025)
(0.493901 -0.344979 0.075)
(0.446102 -0.297097 0.075)
(0.497937 -0.249021 0.075)
(0.456947 -0.202361 0.075)
(0.545785 -0.198831 0.075)
(-0.497334 -0.0488953 0.025)
(-0.542783 -0.0492974 0.05)
(-0.480934 -0.136099 0.075)
(-0.54151 -0.0985778 0.075)
(-0.497333 -0.0489038 0.075)
(-0.543944 -8.74152e-08 0.075)
(0.54146 -0.0985693 0.025)
(0.542613 -0.148116 0.05)
(0.497334 -0.0488953 0.025)
(0.542783 -0.0492974 0.05)
(0.543901 -1.503e-07 0.025)
(0.480934 -0.136099 0.075)
(0.54151 -0.0985778 0.075)
(0.497333 -0.0489038 0.075)
(0.543944 -8.74581e-08 0.075)
(-0.480915 0.136162 0.025)
(-0.542613 0.148116 0.05)
(-0.456953 0.202347 0.025)
(-0.497333 0.0489038 0.075)
(-0.54151 0.0985778 0.075)
(-0.480934 0.136099 0.075)
(-0.545785 0.198831 0.075)
(-0.456947 0.202361 0.075)
(0.54146 0.0985693 0.025)
(0.542783 0.0492975 0.05)
(0.480915 0.136162 0.025)
(0.542613 0.148116 0.05)
(0.54575 0.198819 0.025)
(0.497333 0.0489038 0.075)
(0.54151 0.0985778 0.075)
(0.480934 0.136099 0.075)
(0.456947 0.202361 0.075)
(0.545785 0.198831 0.075)
(-0.446039 0.297056 0.025)
(-0.439044 0.238716 0.05)
(-0.493873 0.344958 0.025)
(-0.441251 0.342747 0.05)
(-0.376918 0.328457 0.025)
(-0.497937 0.249021 0.075)
(-0.446102 0.297097 0.075)
(-0.493901 0.344979 0.075)
(-0.376921 0.328453 0.075)
(-0.328453 0.376921 0.075)
(0.376918 0.328457 0.025)
(0.328457 0.376918 0.025)
(0.376921 0.328453 0.075)
(0.328453 0.376921 0.075)
(0.493872 0.344957 0.025)
(0.441251 0.342747 0.05)
(0.497937 0.249021 0.075)
(0.446102 0.297097 0.075)
(0.493901 0.344979 0.075)
(-0.248989 0.497876 0.025)
(-0.238716 0.439044 0.05)
(-0.198819 0.54575 0.025)
(-0.297097 0.446102 0.075)
(-0.344979 0.493901 0.075)
(-0.249021 0.497937 0.075)
(-0.202361 0.456947 0.075)
(-0.198831 0.545785 0.075)
(-0.0488953 0.497334 0.025)
(-0.0985693 0.54146 0.025)
(-0.148116 0.542613 0.05)
(-0.0492974 0.542783 0.05)
(-1.50397e-07 0.543901 0.025)
(-0.136099 0.480934 0.075)
(-0.0489038 0.497333 0.075)
(-0.0985778 0.54151 0.075)
(-8.76067e-08 0.543944 0.075)
(0.136162 0.480915 0.025)
(0.0985693 0.54146 0.025)
(0.0492975 0.542783 0.05)
(0.148116 0.542613 0.05)
(0.198819 0.54575 0.025)
(0.0489038 0.497333 0.075)
(0.136099 0.480934 0.075)
(0.202361 0.456947 0.075)
(0.0985778 0.54151 0.075)
(0.198831 0.545785 0.075)
(0.344958 0.493872 0.025)
(0.342746 0.441251 0.05)
(0.297097 0.446102 0.075)
(0.249021 0.497937 0.075)
(0.344979 0.493901 0.075)
(-0.696063 -0.0994927 0)
(-0.696063 0.0994928 0)
(-0.495832 -0.495832 0)
(-0.542622 -0.148118 0)
(-0.542787 0.0492984 0)
(-0.495832 0.495832 0)
(-0.342755 0.441263 0)
(-0.0994928 -0.696063 0)
(-0.148118 -0.542622 0)
(-0.0994927 0.696063 0)
(0.0994928 -0.696063 0)
(0.0492984 -0.542787 0)
(0.0994927 0.696063 0)
(0.238717 0.439043 0)
(0.495831 -0.495831 0)
(0.441263 -0.342755 0)
(0.439043 0.238717 0)
(0.495831 0.495831 0)
(0.696063 -0.0994927 0)
(0.696063 0.0994927 0)
(-0.696062 -0.0994932 0.1)
(-0.696062 0.0994932 0.1)
(-0.49584 -0.49584 0.1)
(-0.542676 -0.148134 0.1)
(-0.54284 0.0493032 0.1)
(-0.49584 0.49584 0.1)
(-0.342799 0.441319 0.1)
(-0.0994932 -0.696062 0.1)
(-0.148134 -0.542676 0.1)
(-0.0994931 0.696062 0.1)
(0.0994932 -0.696062 0.1)
(0.0493032 -0.54284 0.1)
(0.0994931 0.696062 0.1)
(0.238685 0.439061 0.1)
(0.49584 -0.49584 0.1)
(0.441319 -0.342799 0.1)
(0.439061 0.238685 0.1)
(0.49584 0.49584 0.1)
(0.696062 -0.0994931 0.1)
(0.696062 0.0994931 0.1)
(-0.439043 -0.238717 0)
(-0.441263 -0.342755 0)
(-0.542786 -0.0492984 0)
(-0.542622 0.148118 0)
(-0.441263 0.342755 0)
(-0.439043 0.238717 0)
(-0.342755 -0.441263 0)
(-0.238717 -0.439043 0)
(-0.238717 0.439043 0)
(-0.0492984 -0.542786 0)
(-0.148118 0.542622 0)
(-0.0492984 0.542786 0)
(0.148118 -0.542622 0)
(0.0492984 0.542787 0)
(0.148118 0.542622 0)
(0.238717 -0.439043 0)
(0.342755 -0.441263 0)
(0.342755 0.441263 0)
(0.439043 -0.238717 0)
(0.542786 -0.0492984 0)
(0.542622 -0.148118 0)
(0.542622 0.148118 0)
(0.542787 0.0492984 0)
(0.441263 0.342755 0)
(-0.441319 -0.342799 0.1)
(-0.439061 -0.238685 0.1)
(-0.542839 -0.0493032 0.1)
(-0.542676 0.148134 0.1)
(-0.439061 0.238685 0.1)
(-0.441319 0.342799 0.1)
(-0.238685 -0.439061 0.1)
(-0.342799 -0.441319 0.1)
(-0.238685 0.439061 0.1)
(-0.0493032 -0.542839 0.1)
(-0.0493032 0.542839 0.1)
(-0.148134 0.542676 0.1)
(0.148134 -0.542676 0.1)
(0.148134 0.542676 0.1)
(0.0493032 0.54284 0.1)
(0.342799 -0.441319 0.1)
(0.238685 -0.439061 0.1)
(0.342799 0.441319 0.1)
(0.439061 -0.238685 0.1)
(0.542676 -0.148134 0.1)
(0.542839 -0.0493032 0.1)
(0.54284 0.0493032 0.1)
(0.542676 0.148134 0.1)
(0.441319 0.342799 0.1)
(-0.299165 -0.698118 0.05)
(0.299165 -0.698118 0.05)
(0.248897 -0.547236 0.025)
(-0.698118 -0.299165 0.05)
(0.698117 -0.299165 0.05)
(-0.698118 0.299165 0.05)
(-0.547236 0.248897 0.025)
(0.698117 0.299165 0.05)
(-0.299165 0.698118 0.05)
(0.299165 0.698117 0.05)
(-0.248897 -0.547236 0.025)
(-0.248911 -0.547263 0.075)
(0.248911 -0.547263 0.075)
(-0.547236 -0.248897 0.025)
(-0.547263 -0.248911 0.075)
(0.547236 -0.248897 0.025)
(0.547263 -0.248911 0.075)
(-0.547263 0.248911 0.075)
(0.547236 0.248897 0.025)
(0.547263 0.248911 0.075)
(-0.248897 0.547236 0.025)
(-0.248911 0.547263 0.075)
(0.248897 0.547236 0.025)
(0.248911 0.547263 0.075)
(-0.299494 -0.798682 0)
(-0.398728 -0.698149 0)
(-0.399379 -0.798965 0.05)
(0.299494 -0.798682 0)
(0.398727 -0.698149 0)
(0.399379 -0.798965 0.05)
(-0.24897 -0.59718 0)
(0.24897 -0.59718 0)
(-0.698149 -0.398728 0)
(-0.798682 -0.299494 0)
(-0.798965 -0.399379 0.05)
(0.698148 -0.398727 0)
(0.798681 -0.299494 0)
(0.798964 -0.399379 0.05)
(-0.59718 -0.24897 0)
(0.59718 -0.24897 0)
(-0.798682 0.299494 0)
(-0.59718 0.24897 0)
(0.59718 0.24897 0)
(0.798681 0.299494 0)
(-0.698149 0.398728 0)
(-0.798965 0.399379 0.05)
(0.698148 0.398727 0)
(0.798964 0.399379 0.05)
(-0.398727 0.698148 0)
(-0.24897 0.59718 0)
(0.24897 0.59718 0)
(0.398727 0.698148 0)
(-0.299494 0.798681 0)
(-0.399379 0.798964 0.05)
(0.299494 0.798681 0)
(0.399379 0.798964 0.05)
(-0.299493 -0.798681 0.1)
(-0.398723 -0.698142 0.1)
(0.299493 -0.798681 0.1)
(0.398723 -0.698142 0.1)
(-0.248979 -0.597199 0.1)
(0.248979 -0.597199 0.1)
(-0.698142 -0.398723 0.1)
(-0.79868 -0.299493 0.1)
(0.698142 -0.398723 0.1)
(0.79868 -0.299493 0.1)
(-0.597199 -0.248979 0.1)
(0.597199 -0.248979 0.1)
(-0.798681 0.299493 0.1)
(-0.597199 0.248979 0.1)
(0.597199 0.248979 0.1)
(0.79868 0.299493 0.1)
(-0.698142 0.398723 0.1)
(0.698142 0.398723 0.1)
(-0.398723 0.698142 0.1)
(-0.248979 0.597199 0.1)
(0.248979 0.597199 0.1)
(0.398723 0.698142 0.1)
(-0.299493 0.79868 0.1)
(0.299493 0.79868 0.1)
(-0.298486 -0.54731 0.05)
(0.298486 -0.54731 0.05)
(-0.54731 -0.298486 0.05)
(0.54731 -0.298486 0.05)
(-0.54731 0.298486 0.05)
(0.54731 0.298486 0.05)
(-0.298486 0.54731 0.05)
(0.298486 0.54731 0.05)
(-0.248979 -0.597201 0.05)
(0.248979 -0.597201 0.05)
(-0.597201 -0.248979 0.05)
(0.597201 -0.248979 0.05)
(-0.597201 0.248979 0.05)
(0.597201 0.248979 0.05)
(-0.248979 0.597201 0.05)
(0.248979 0.597201 0.05)
(-0.29872 -0.597606 0.025)
(-0.298459 -0.547279 0)
(0.29872 -0.597606 0.025)
(0.298459 -0.547279 0)
(-0.597606 -0.29872 0.025)
(-0.547279 -0.298459 0)
(0.597606 -0.29872 0.025)
(0.547279 -0.298459 0)
(-0.597606 0.29872 0.025)
(-0.547279 0.298459 0)
(0.597606 0.29872 0.025)
(0.547279 0.298459 0)
(-0.29872 0.597606 0.025)
(-0.298459 0.547279 0)
(0.29872 0.597606 0.025)
(0.298459 0.547279 0)
(-0.298726 -0.5976 0.075)
(-0.298473 -0.5473 0.1)
(0.298726 -0.5976 0.075)
(0.298473 -0.5473 0.1)
(-0.5976 -0.298726 0.075)
(-0.5473 -0.298473 0.1)
(0.5976 -0.298726 0.075)
(0.5473 -0.298473 0.1)
(-0.5976 0.298726 0.075)
(-0.5473 0.298473 0.1)
(0.5976 0.298726 0.075)
(0.5473 0.298473 0.1)
(-0.298726 0.5976 0.075)
(-0.298473 0.5473 0.1)
(0.298726 0.5976 0.075)
(0.298473 0.5473 0.1)
(-0.299493 -0.798681 0.05)
(0.299493 -0.798681 0.05)
(-0.398723 -0.698142 0.05)
(-0.248979 -0.597203 0.025)
(-0.248979 -0.597201 0.075)
(0.398723 -0.698142 0.05)
(0.248979 -0.597203 0.025)
(0.248979 -0.597201 0.075)
(-0.698142 -0.398723 0.05)
(-0.298459 -0.547279 0.025)
(0.298459 -0.547279 0.025)
(0.248909 -0.547255 0.05)
(0.698142 -0.398723 0.05)
(-0.79868 -0.299493 0.05)
(-0.597203 -0.248979 0.025)
(-0.597201 -0.248979 0.075)
(-0.547279 -0.298459 0.025)
(0.79868 -0.299493 0.05)
(0.597203 -0.248979 0.025)
(0.597201 -0.248979 0.075)
(-0.798681 0.299493 0.05)
(-0.597203 0.248979 0.025)
(-0.698142 0.398723 0.05)
(-0.597201 0.248979 0.075)
(-0.547279 0.298459 0.025)
(-0.547255 0.248909 0.05)
(0.79868 0.299493 0.05)
(0.698142 0.398723 0.05)
(0.597203 0.248979 0.025)
(0.597201 0.248979 0.075)
(-0.398723 0.698142 0.05)
(-0.299493 0.79868 0.05)
(-0.248979 0.597203 0.025)
(-0.248979 0.597201 0.075)
(0.398723 0.698142 0.05)
(0.299493 0.79868 0.05)
(0.248979 0.597203 0.025)
(0.248979 0.597201 0.075)
(-0.248909 -0.547255 0.05)
(-0.298473 -0.5473 0.075)
(0.298473 -0.5473 0.075)
(-0.547255 -0.248909 0.05)
(-0.5473 -0.298473 0.075)
(0.547279 -0.298459 0.025)
(0.547255 -0.248909 0.05)
(0.5473 -0.298473 0.075)
(-0.5473 0.298473 0.075)
(0.547279 0.298459 0.025)
(0.547255 0.248909 0.05)
(0.5473 0.298473 0.075)
(-0.298459 0.547279 0.025)
(-0.248909 0.547255 0.05)
(-0.298473 0.5473 0.075)
(0.298459 0.547279 0.025)
(0.248909 0.547255 0.05)
(0.298473 0.5473 0.075)
(-0.698129 -0.299171 0)
(-0.698129 0.299171 0)
(-0.547236 0.248897 0)
(-0.299171 -0.698129 0)
(-0.299171 0.698128 0)
(0.299171 -0.698129 0)
(0.248897 -0.547236 0)
(0.299171 0.698128 0)
(0.698128 -0.299171 0)
(0.698128 0.299171 0)
(-0.698118 -0.299165 0.1)
(-0.698118 0.299165 0.1)
(-0.547263 0.248911 0.1)
(-0.299165 -0.698118 0.1)
(-0.299165 0.698118 0.1)
(0.299165 -0.698118 0.1)
(0.248911 -0.547263 0.1)
(0.299165 0.698117 0.1)
(0.698117 -0.299165 0.1)
(0.698117 0.299165 0.1)
(-0.547236 -0.248897 0)
(-0.248897 -0.547236 0)
(-0.248897 0.547236 0)
(0.248897 0.547236 0)
(0.547236 -0.248897 0)
(0.547236 0.248897 0)
(-0.547263 -0.248911 0.1)
(-0.248911 -0.547263 0.1)
(-0.248911 0.547263 0.1)
(0.248911 0.547263 0.1)
(0.547263 -0.248911 0.1)
(0.547263 0.248911 0.1)
)


// ************************************************************************* //
